<?xml version="1.0" encoding="UTF-8"?>
<StrategicPlan xsi:schemaLocation="http://www.stratml.net  http://xml.gov/stratml/references/StrategicPlan.xsd" xmlns:xsi="http://www.w3.org/2001/XMLSchema-instance" xmlns="http://www.stratml.net"><id/><Name>10 Policy Principles for Unlocking the  Potential of the Internet of Things </Name><Description>This report presents ten principles to help policymakers establish policies and programs to support and accelerate the deployment and adoption of the Internet of Things. </Description><OtherInformation>"The Internet of Things" encapsulates the idea  that ordinary objects will be embedded with sensors and  connected to the Internet. To date, most discussion of the  Internet of Things has highlighted the technology; to the  extent it has addressed policy, the focus has been largely  negative (i.e. how to limit the supposed risks from  deployment). In contrast, this report highlights principles  that policymakers in all nations need to apply in order to  maximize the considerable promise of the Internet of  Things for economic growth and social well-being. Of two  conflicting approaches to the Internet of Things, neither:  the “impose precautionary regulations” nor the counter  “leave it completely up to the market” will allow societies  to gain the full benefits from the Internet of Things  revolution.</OtherInformation><StrategicPlanCore><Organization><Name>Center for Data Innovation</Name><Acronym>C4DI</Acronym><Identifier>ID-1b4df920-5e1f-4c8a-a6ef-e5cd5de8317d</Identifier><Description/><Stakeholder><Name>Daniel Castro</Name><Description>Co-Author</Description></Stakeholder><Stakeholder><Name>Joshua New</Name><Description>Co-Author</Description></Stakeholder><Stakeholder><Name>Policymakers</Name><Description/></Stakeholder></Organization><Vision><Description/><Identifier>_41fe3e8e-7f60-11e4-83cb-a4cb63e4b5b7</Identifier></Vision><Mission><Description>To help policymakers establish policies and programs to support and accelerate the deployment and adoption of the Internet of Things.</Description><Identifier>_41fe3f10-7f60-11e4-83cb-a4cb63e4b5b7</Identifier></Mission><Value><Name/><Description/></Value><Goal><Name>Strategic Roadmap</Name><Description>Develop a strategic roadmap to guide the deployment  and adoption of the Internet of Things.</Description><Identifier>_41fe3f88-7f60-11e4-83cb-a4cb63e4b5b7</Identifier><SequenceIndicator>1</SequenceIndicator><Stakeholder><Name>Nations</Name><Description/></Stakeholder><OtherInformation>CHART THE COURSE FOR ADOPTION -- Every nation should develop a strategic roadmap to guide the deployment  and adoption of the Internet of Things. </OtherInformation><Objective><Name>Action Plans</Name><Description>Develop targeted action plans for particular industries.</Description><Identifier>_41fe4000-7f60-11e4-83cb-a4cb63e4b5b7</Identifier><SequenceIndicator>1.1</SequenceIndicator><Stakeholder><Name>Industries</Name><Description/></Stakeholder><Stakeholder><Name>Department of Housing and Urban Development</Name><Description/></Stakeholder><Stakeholder><Name>Department of  Energy</Name><Description/></Stakeholder><Stakeholder><Name>The Private Sector</Name><Description/></Stakeholder><Stakeholder><Name>Government Leaders</Name><Description/></Stakeholder><OtherInformation>In addition to a comprehensive  roadmap, national agencies involved in specific sectors can develop  targeted action plans for particular industries. In the United States, for  example, the Department of Housing and Urban Development should  develop an action plan to promote smart homes, and the Department of  Energy should develop a plan to improve energy efficiency with connected  devices. The private sector will be more likely to embrace the Internet of  Things if government leaders are paving the way for deployment.  Policymakers should actively work to overcome barriers to adoption, such  as security risks or a lack of interoperability. For example, electronic health  records should be able to integrate data from wearable medical devices  and the government can promote industry adoption of voluntary  cybersecurity principles to protect consumer data.</OtherInformation></Objective><Objective><Name>Standards</Name><Description>Develop global, industry-led standards and oppose efforts to develop nation-specific standards.</Description><Identifier>_09ddcfe8-8095-11e4-9e53-1dd263e4b5b7</Identifier><SequenceIndicator>1.2</SequenceIndicator><Stakeholder><Name>Policymakers</Name><Description/></Stakeholder><Stakeholder><Name>Developers</Name><Description/></Stakeholder><OtherInformation>Since many of the  benefits from the Internet of Things will occur with widespread adoption, policymakers should promote efforts to develop global, industry-led  standards and oppose efforts to develop nation-specific standards. To maximize the potential benefits of data analytics, developers should also be able to easily share and integrate data across organizational, political,  and geographic boundaries.</OtherInformation></Objective></Goal><Goal><Name>Leadership</Name><Description>Be an early adopter of the Internet of Things to demonstrate the benefits of the technology.</Description><Identifier>_09ddd2ae-8095-11e4-9e53-1dd263e4b5b7</Identifier><SequenceIndicator>2</SequenceIndicator><Stakeholder><Name>Government Agencies</Name><Description/></Stakeholder><Stakeholder><Name>Buffalo,  New York</Name><Description/></Stakeholder><Stakeholder><Name>U.S. Department of  Agriculture (USDA)</Name><Description/></Stakeholder><OtherInformation>LEAD BY EXAMPLE -- The government should be an early adopter of the Internet of Things to demonstrate the benefits of the technology. From sewers to streetlights, government agencies should make "smart" the default for all new 
investments and allocate funding for smart city demonstration projects. For 
example, all government infrastructure projects should incorporate the 
Internet of Things into their design. Investing in smart technology for public 
infrastructure projects will increase safety, reduce maintenance costs, and 
improve operations. In addition, these projects will generate valuable data 
that should be made available to the public.
To maximize the benefits of the Internet of Things, government agencies 
should restructure their practices around the new capabilities offered by 
the technology. Public services that incorporate connected sensors can 
provide important benefits to the public. For example, the city of Buffalo, 
New York uses sensor-equipped snow plows to respond to citizens' snow-clearing requests more quickly and to target problem areas more 
efficiently.  And, government agencies that perform inspections of 
equipment and facilities can use the Internet of Things to perform their
duties more quickly and effectively. For example, the U.S. Department of 
Agriculture (USDA) approved new regulations to allow advanced imaging 
sensors to evaluate food safety and quality. As a result, a single poultry 
food safety inspector can now process 175 birds per minute, up from a 
previous speed of 35 birds per minute, a substantial gain in efficiency.</OtherInformation><Objective><Name/><Description/><Identifier>_09ddd3bc-8095-11e4-9e53-1dd263e4b5b7</Identifier><SequenceIndicator/><Stakeholder><Name/><Description/></Stakeholder><Stakeholder><Name>Developers</Name><Description/></Stakeholder><OtherInformation/></Objective></Goal><Goal><Name>Partnerships</Name><Description>Establish partnerships with both the private sector and others in government.</Description><Identifier>_09ddd498-8095-11e4-9e53-1dd263e4b5b7</Identifier><SequenceIndicator>3</SequenceIndicator><Stakeholder><Name>Government Agencies</Name><Description/></Stakeholder><Stakeholder><Name>Mumbai, India</Name><Description/></Stakeholder><OtherInformation>LOOK TO PARTNERSHIPS TO OVERCOME OBSTACLES -- Many Internet of Things projects will benefit from government agencies establishing partnerships with both the private sector and others in government. In particular, funding these types of projects can be challenging for cities with limited budgets. For example, a city may not have the budget to install smart streetlamps, even if they would end up paying for themselves in energy savings. Innovative partnerships whereby the private sector pays for, builds, and manages certain technology projects while receiving a portion of the savings can allow local leaders to deliver the Internet of Things and its benefits in situations where budget constraints would have otherwise impeded progress. For example, the city of Mumbai, India partnered with a smart metering company to help with its 
failing water infrastructure that was leaking 50 percent of its water a day. 
For the same amount of money the government would have spent patching 
new leaks without ever improving the overall integrity of the system, the 
partnership with the metering company cut the water loss in half.</OtherInformation><Objective><Name/><Description/><Identifier>_09ddd57e-8095-11e4-9e53-1dd263e4b5b7</Identifier><SequenceIndicator/><Stakeholder><Name/><Description/></Stakeholder><Stakeholder><Name>Developers</Name><Description/></Stakeholder><OtherInformation/></Objective></Goal><Goal><Name>Barriers &amp; Delays</Name><Description>Reduce regulatory barriers and delays for getting smart devices to market.</Description><Identifier>_09ddd65a-8095-11e4-9e53-1dd263e4b5b7</Identifier><SequenceIndicator>4</SequenceIndicator><Stakeholder><Name>U.S. Food and Drug  Administration</Name><Description/></Stakeholder><Stakeholder><Name>Europe</Name><Description/></Stakeholder><OtherInformation>REDUCE REGULATORY BARRIERS AND DELAYS FOR GETTING 
SMART DEVICES TO MARKET -- A lengthy and cumbersome regulatory review process that increases the time to market for smart devices can discourage entrepreneurs from developing new and potentially lifesaving products. Wearable technologies can allow individuals to spend less time in the hospital, receive better treatments, and more easily monitor their personal health. Since subjecting these technologies to lengthy regulatory review processes can delay these benefits from reaching consumers, policymakers should work to ensure 
that these processes are as efficient as possible. Moreover, most of these 
technologies will undergo continuous innovation and improvement and the 
regulatory review process should allow for, and encourage, upgrades. In a 
clear example of a review process with room for improvement, it takes on
average over two and a half years for the U.S. Food and Drug Administration to approve a low-risk medical device, compared to an average of seven months in Europe.  These delays can cost a company an average of $500,000 per month and discourage entrepreneurs from bringing products to market. While consumer safety should remain a top priority, the human cost of delaying lifesaving technology should not be ignored. </OtherInformation><Objective><Name/><Description/><Identifier>_09ddd72c-8095-11e4-9e53-1dd263e4b5b7</Identifier><SequenceIndicator/><Stakeholder><Name/><Description/></Stakeholder><Stakeholder><Name>Developers</Name><Description/></Stakeholder><OtherInformation/></Objective></Goal><Goal><Name>Laws &amp; Regulations</Name><Description>Create laws and regulations that allow businesses and governments to build products and services efficiently, using the highest quality, most complete data possible.</Description><Identifier>_09ddd81c-8095-11e4-9e53-1dd263e4b5b7</Identifier><SequenceIndicator>5</SequenceIndicator><Stakeholder><Name>Policymakers</Name><Description/></Stakeholder><Stakeholder><Name>Businesses</Name><Description/></Stakeholder><Stakeholder><Name>Governments</Name><Description/></Stakeholder><OtherInformation>MINIMIZE THE REGULATORY COST OF DATA COLLECTION -- Policymakers should create laws and regulations that allow businesses and governments to build products and services efficiently, using the highest quality, most complete data possible. For example, obtaining explicit consent for data collection would be an unnecessary cost for the vast majority of applications of the Internet of Things that pose no real threat to consumer welfare. Regulations requiring individuals manually to give consent to data collection would impose costs on companies that ultimately would be passed on to consumers. Instead, the standard method of data collection for the Internet of Things should be "opt out"; this would ensure that the data is accurate, complete, and useful, yet still provide those who wish not to share their data that option. Similarly, policymakers should recognize that consumers do not benefit from being inundated with notices, especially since most data collection would be routine and insignificant. Rather than require that all devices directly notify consumers of their policies and terms of service, companies should simply make this information available to those who wish to read it.  This type of shift is especially important since many devices that will make up the Internet of Things will have only a small display or no display at all. </OtherInformation><Objective><Name/><Description/><Identifier>_09ddd8f8-8095-11e4-9e53-1dd263e4b5b7</Identifier><SequenceIndicator/><Stakeholder><Name/><Description/></Stakeholder><Stakeholder><Name>Developers</Name><Description/></Stakeholder><OtherInformation/></Objective></Goal><Goal><Name>Data Sharing &amp; Reuse</Name><Description>Make it easy to share and reuse data.</Description><Identifier>_09ddd9e8-8095-11e4-9e53-1dd263e4b5b7</Identifier><SequenceIndicator>6</SequenceIndicator><Stakeholder><Name>U.S. Department of Energy</Name><Description/></Stakeholder><Stakeholder><Name>Chicago</Name><Description/></Stakeholder><OtherInformation>MAKE IT EASY TO SHARE AND REUSE DATA -- The Internet of Things will generate an unprecedented quantity of data, and policymakers should be careful not to equate simple data sharing with harmful misuse. Data collected from connected devices offer a myriad of potential benefits to consumers, clinicians, researchers, government agencies, and commercial entities, and if these datasets are shared, these benefits are multiplied. There may be one primary reason to collect data, but one hundred good applications of this data beyond its initial purpose. In order to maximize the social and economic benefits of information, data users of all kinds acting in good faith must be able to share and reuse data with ease.
As governments at the municipal, state, and federal levels integrate connected devices into public infrastructure and government services, the de-identified data they collect should be treated as a public resource and shared with the public accordingly. Making this data easy to access, such as through portals and application programming interfaces (APIs), and free to reuse without restrictions creates tremendous opportunity for private-sector  innovation, academic research, and improvements in government transparency. The city of Chicago, which has been integrating the Internet of Things into city infrastructure and services as part of its Array of Things project, has made over 600 machine- and human-readable datasets freely available online.  With this new resource, citizens have been able to more easily navigate public transit, the city's pest-control agency has reduced the rat population, and the police have created predictive models to fight crime more effectively.
Since the full potential benefits of the Internet of Things will not be realized 
until data from interconnected technology are widely used, policymakers 
should incentivize both individuals and the private sector to share data. For 
example, governments can support the development of new tools and 
techniques to properly de-identify different types of data so that they are
still useful for analysis.  Where possible, companies should be encouraged 
to provide consumers access to their data to stimulate the development of 
new applications. For example, the U.S. Department of Energy's green 
button initiative gives consumers access to their energy usage data and 
allows them to share their data with third-party developers who provide 
services such as virtual energy audits. Policymakers should also work to 
ensure data can flow across borders and eliminate digital barriers to trade, 
such as data residency requirements and other localization policies.</OtherInformation><Objective><Name/><Description/><Identifier>_09dddba0-8095-11e4-9e53-1dd263e4b5b7</Identifier><SequenceIndicator/><Stakeholder><Name/><Description/></Stakeholder><OtherInformation/></Objective></Goal><Goal><Name>Data Quality &amp; Quantity</Name><Description>Pursue better data.</Description><Identifier>_09dddca4-8095-11e4-9e53-1dd263e4b5b7</Identifier><SequenceIndicator>7</SequenceIndicator><Stakeholder><Name/><Description/></Stakeholder><OtherInformation>RELENTLESSLY PURSUE BETTER DATA -- With ever-higher-quality sensors and an increasing number of them, the Internet of Things allows for the capture of an unprecedented quantity and quality of data. </OtherInformation><Objective><Name>Investment</Name><Description>Invest in opportunities to collect more granular, timely, and complete data.</Description><Identifier>_09dddd94-8095-11e4-9e53-1dd263e4b5b7</Identifier><SequenceIndicator>7.1</SequenceIndicator><Stakeholder><Name>Policymakers</Name><Description/></Stakeholder><OtherInformation>Policymakers should continue to invest in opportunities to collect more granular, timely, and complete data.</OtherInformation></Objective><Objective><Name>Productivity &amp; Outcomes</Name><Description>Use better data to better monitor internal processes and improve productivity and outcomes.</Description><Identifier>_09dddea2-8095-11e4-9e53-1dd263e4b5b7</Identifier><SequenceIndicator>7.2</SequenceIndicator><Stakeholder><Name>Government Agencies</Name><Description/></Stakeholder><Stakeholder><Name>Police Departments</Name><Description/></Stakeholder><Stakeholder><Name>Port Authorities</Name><Description/></Stakeholder><OtherInformation>Government agencies should use better data to better monitor internal processes and improve productivity and outcomes. For example, police departments can use sensors to better monitor the safety of their officers in real time and to hold officers responsible for their actions. Port authorities can use sensors to better protect the border by tracking containers and shipments coming into the country. Better data enables not only a more effective government, but a more transparent one as well.</OtherInformation></Objective></Goal><Goal><Name>Data Divide</Name><Description>Reduce the data divide.</Description><Identifier>_09dddf9c-8095-11e4-9e53-1dd263e4b5b7</Identifier><SequenceIndicator>8</SequenceIndicator><Stakeholder><Name>Policymakers</Name><Description/></Stakeholder><OtherInformation>REDUCE THE "DATA DIVIDE" -- Policymakers should encourage widespread adoption of connected devices, from wearable fitness trackers to sensors on street corners, to close the "data divide" -- the social and economic inequalities that may result from a lack of collection and use of data about an individual or community.</OtherInformation><Objective><Name>Data Collections</Name><Description>Ensure that no groups are systematically excluded from data collection activities so that all individuals have the opportunity to obtain the social and economic benefits of data. </Description><Identifier>_09dde096-8095-11e4-9e53-1dd263e4b5b7</Identifier><SequenceIndicator>8.1</SequenceIndicator><Stakeholder><Name>Policymakers</Name><Description/></Stakeholder><OtherInformation>The goal of policymakers should be to ensure that no groups are systematically excluded from data collection activities so that all individuals have the opportunity to obtain the social and economic benefits of data.</OtherInformation></Objective><Objective><Name>Communities</Name><Description>Develop programs to ensure that all communities can benefit from the Internet of Things.</Description><Identifier>_09dde1ae-8095-11e4-9e53-1dd263e4b5b7</Identifier><SequenceIndicator>8.2</SequenceIndicator><Stakeholder><Name>Communities</Name><Description/></Stakeholder><Stakeholder><Name>Low-Income Neighborhoods</Name><Description/></Stakeholder><OtherInformation>Policymakers should work to develop programs to ensure that all communities can benefit from the Internet of Things. For example, funding for smart city infrastructure should be made available to a diverse set of neighborhoods, including low-income ones.</OtherInformation></Objective></Goal><Goal><Name>Social Issues</Name><Description>Use the IoT to address important social issues</Description><Identifier>_09dde2a8-8095-11e4-9e53-1dd263e4b5b7</Identifier><SequenceIndicator>9</SequenceIndicator><Stakeholder><Name/><Description/></Stakeholder><OtherInformation>USE DATA TO TACKLE HARD PROBLEMS  -- While the Internet of Things offers many economic benefits, policymakers need to ensure that opportunities to use these devices to address important social issues, such as health care and public safety, are also a top priority. For example, aggregate data from personal fitness devices can provide health officials with unprecedented insights into public health. 
Tracking changes in biometric readings across a city could even help identify the spread of deadly outbreaks, helping public officials better contain diseases and start treating sick individuals earlier. As Google's CEO and co-founder Larry Page has noted, public squeamishness over mining of health data likely costs around 100,000 lives a year.  Policymakers should support efforts to collect and aggregate data on a large scale to solve collective problems. 
Networked sensors can detect flooding and trigger emergency responses 
more quickly.  Wearable technologies and sensors on street corners can 
give new insights onto air quality on a block-by block- basis and help 
develop strategies to curb pollution.  The list of ways public welfare could 
be enhanced by the Internet of Things is long, but if it is to be fully effective 
in addressing these problems, policymakers should shift their focus to the 
problem-solving capabilities of smart devices.</OtherInformation><Objective><Name/><Description/><Identifier>_09dde3ac-8095-11e4-9e53-1dd263e4b5b7</Identifier><SequenceIndicator/><Stakeholder><Name/><Description/></Stakeholder><Stakeholder><Name>Low-Income Neighborhoods</Name><Description/></Stakeholder><OtherInformation/></Objective></Goal><Goal><Name>Consumer Protection</Name><Description>Keep consumer protection rules narrow and targeted.</Description><Identifier>_09dde51e-8095-11e4-9e53-1dd263e4b5b7</Identifier><SequenceIndicator>10</SequenceIndicator><Stakeholder><Name>Policymakers</Name><Description/></Stakeholder><Stakeholder><Name>Consumers</Name><Description/></Stakeholder><Stakeholder><Name>Law Enforcement Agencies</Name><Description/></Stakeholder><OtherInformation>WHERE RULES ARE NEEDED TO PROTECT CONSUMERS, KEEP 
THEM NARROW AND TARGETED -- Many technologies are often met with fear, uncertainty, and doubt, especially by those who are unfamiliar with them or opposed to change. Policymakers cannot afford to succumb to these forces if they expect to enable society to take full advantage of the Internet of Things. In particular, policymakers should be extremely cautious about regulating on the basis of purely speculative concerns that might not even come to pass, especially when doing so might curtail substantial economic and social benefits, many of which are already being realized today. Most hypothetical concerns are 
likely to never become realities if factors such as market forces, cultural 
norms, and new technologies, intervene. In addition, existing laws, such as 
anti-discrimination statutes, often protect individuals from certain types of 
abuses and harms.  However, policymakers should intervene promptly if specific problems arise. In doing so, they should be careful to ensure that their rulemaking targets specific, demonstrated harms. Attempting to erect precautionary regulatory barriers for purely speculative concerns is not only unproductive, but it can discourage future beneficial applications of the Internet of Things. For example, privacy activists raised objections when several cities 
made plans to install gunshot detection equipment in public spaces.  However, the effectiveness of these technologies in reducing gun crime has proven to be incredibly valuable to law enforcement.</OtherInformation><Objective><Name/><Description/><Identifier>_09dde62c-8095-11e4-9e53-1dd263e4b5b7</Identifier><SequenceIndicator/><Stakeholder><Name/><Description/></Stakeholder><Stakeholder><Name>Low-Income Neighborhoods</Name><Description/></Stakeholder><OtherInformation/></Objective></Goal></StrategicPlanCore><AdministrativeInformation><StartDate>2014-12-04</StartDate><EndDate/><PublicationDate>2014-12-10</PublicationDate><Source>http://www2.datainnovation.org/2014-iot-policy-principles.pdf</Source><Submitter><FirstName>Owen</FirstName><LastName>Ambur</LastName><PhoneNumber/><EmailAddress>Owen.Ambur@verizon.net</EmailAddress></Submitter></AdministrativeInformation></StrategicPlan>