<?xml version="1.0" encoding="UTF-8"?>
<StrategicPlan xmlns="urn:ISO:std:iso:17469:tech:xsd:stratml_core" xmlns:xsi="http://www.w3.org/2001/XMLSchema-instance" xsi:schemaLocation="urn:ISO:std:iso:17469:tech:xsd:stratml_core http://xml.govwebs.net/stratml/references/StrategicPlanISOVersion20140401.xsd"><Name>The 12 Habits Of Highly Collaborative Organizations</Name><Description>When it comes to the future of work and collaboration I’ve worked with and researched hundreds of companies.  Collaboration is indeed a top priority for many business leaders but knowing what makes organizations successful can be a tricky thing.  After all no two companies are like and their strategies and technologies can be quite different. In addition collaboration initiatives come from different departments with different budgets, they have different uses cases and corporate cultures, and different approaches, goals, and measures of success.  So if there is so much variety here then how do we know what makes organizations successful?  The answer lies in chess.</Description><OtherInformation>I happen to be a big fan of chess, so much so that my business partner and I named our company Chess Media Group.  Did you know that there are more possible moves in a game of chess then there are atoms that exist in the universe and more moves then there are seconds that have elapsed since the big bang?  Chess is virtually an infinite game yet somehow we have grand-masters who are always at the top.  How do they succeed in this infinite game?  They identify patterns and look for identifiable scenarios. This same approach is applicable for collaboration.  So having said that, here are the 12 common habits or success factors for collaborative organizations.</OtherInformation><StrategicPlanCore><Organization><Name>Jacob Mogan</Name><Acronym>JM</Acronym><Identifier>_c6a52bb2-ed36-11e5-847f-4f3d81186f3c</Identifier><Description>Jacob Morgan is a keynote speaker, author (most recently of The Future of Work), and futurist. </Description><Stakeholder><Name/><Description/></Stakeholder></Organization><Vision><Description/><Identifier>_c6a52d74-ed36-11e5-847f-4f3d81186f3c</Identifier></Vision><Mission><Description>Identify common habits or success factors for collaborative organizations</Description><Identifier>_c6a52e1e-ed36-11e5-847f-4f3d81186f3c</Identifier></Mission><Value><Name/><Description/></Value><Goal><Name>Leadership</Name><Description>Lead by example</Description><Identifier>_c6a52ebe-ed36-11e5-847f-4f3d81186f3c</Identifier><SequenceIndicator>1</SequenceIndicator><Stakeholder StakeholderTypeType="Generic_Group"><Name>Leaders</Name><Description/></Stakeholder><Stakeholder StakeholderTypeType="Organization"><Name>Oce</Name><Description>Example: Oce is a large printing and outsourcing company. The culture at the company was such that those who asked questions or admitted they don’t know something were perceived as weak or stupid. To solve this problem the team that led the collaboration efforts were the first to make themselves vulnerable. Others saw this and become more receptive.</Description></Stakeholder><OtherInformation>If leaders at your organization don't use and support collaborative tools and strategies then why should the employees? Leaders are very powerful instruments to facilitate change and encourage desired behaviors.</OtherInformation><Objective><Name/><Description/><Identifier>_c6a52f68-ed36-11e5-847f-4f3d81186f3c</Identifier><SequenceIndicator/><Stakeholder><Name/><Description/></Stakeholder><OtherInformation/></Objective></Goal><Goal><Name>Benefits</Name><Description>Focus on individual benefits.</Description><Identifier>_c6a5363e-ed36-11e5-847f-4f3d81186f3c</Identifier><SequenceIndicator>2</SequenceIndicator><Stakeholder StakeholderTypeType="Generic_Group"><Name>Employees</Name><Description/></Stakeholder><Stakeholder StakeholderTypeType="Person"><Name>AMP Bank</Name><Description>Example: AMP Bank in Sydney spent time with employees side-by-side understanding how they work and explaining to them how new technologies and strategies can positively impact their lives at work. </Description></Stakeholder><OtherInformation>Individual benefit vs corporate benefit -- 

Don't focus on the overall corporate value and benefit when communicating collaboration to employees. Employees care about how this will impact them on an individual basis. How will this make their jobs and lives easier?</OtherInformation><Objective><Name/><Description/><Identifier>_c6a5363f-ed36-11e5-847f-4f3d81186f3c</Identifier><SequenceIndicator/><Stakeholder><Name/><Description/></Stakeholder><OtherInformation/></Objective></Goal><Goal><Name>Strategy</Name><Description>Develop a strategy to explain why collaboration technology is needed.</Description><Identifier>_c6a53640-ed36-11e5-847f-4f3d81186f3c</Identifier><SequenceIndicator>3</SequenceIndicator><Stakeholder StakeholderTypeType="Person"><Name>Penn State University</Name><Description>Example: Penn State University Outreach needed a way to connect and engage all of their employees. They used to do this at an annual conference which would only hold a fraction of the employees, so it was first come first served. Having a clear strategy in place before deciding on a technology helped them realize what they needed, why they needed it, and how they were going to make it work. Now they are able to engage and connect with the whole company instead of with just a few hundred employees.</Description></Stakeholder><OtherInformation>Strategy before technology -- 

Before rushing to pick that shiny new collaboration platform focus on developing a strategy which will help you understand the "why" before the "how." This is crucial for the success of any collaboration initiative. You dont want to be in a position where you have deployed a technology without understanding why.</OtherInformation><Objective><Name/><Description/><Identifier>_c6a53641-ed36-11e5-847f-4f3d81186f3c</Identifier><SequenceIndicator/><Stakeholder><Name/><Description/></Stakeholder><OtherInformation/></Objective></Goal><Goal><Name>Empowerment</Name><Description>Get out of the way and let employees do what they need to do.</Description><Identifier>_c6a53642-ed36-11e5-847f-4f3d81186f3c</Identifier><SequenceIndicator>4</SequenceIndicator><Stakeholder StakeholderTypeType="Generic_Group"><Name>Employees</Name><Description/></Stakeholder><Stakeholder StakeholderTypeType="Organization"><Name>ING Direct Canada</Name><Description>Example: ING Direct Canada does a fantastic job of empowering employees.  The employees have no job titles and no offices. Anyone can talk to anyone and leaders focus on removing obstacles instead of creating them.  Their CEO welcomes any feedback and input from the team whether it be negative or positive and employees aren’t policed on their collaborative environment.  </Description></Stakeholder><OtherInformation>Learn to get out of the way -- 

By trying to enforce and police everything, you stifle collaboration within your organization. Some best practices and guidelines are fine to have but let your employees do what they need to do.</OtherInformation><Objective><Name/><Description/><Identifier>_c6a53643-ed36-11e5-847f-4f3d81186f3c</Identifier><SequenceIndicator/><Stakeholder><Name/><Description/></Stakeholder><OtherInformation/></Objective></Goal><Goal><Name>Decision Making</Name><Description>Make employees a part of the decision making process</Description><Identifier>_c6a53644-ed36-11e5-847f-4f3d81186f3c</Identifier><SequenceIndicator>5</SequenceIndicator><Stakeholder StakeholderTypeType="Generic_Group"><Name>Employees</Name><Description/></Stakeholder><Stakeholder StakeholderTypeType="Organization"><Name>Booz Allen Hamilton</Name><Description>Example: Booz Allen Hamilton used to have fantastic employee engagement.  They worked on 2-week iteration cycles to their collaboration platform based on employee feedback.  They were the case study that everyone talked about at the conferences. One day this project was passed over to IT and listening to the voice of the employees ceased. Engagement levels and employee adoption levels plummeted.  </Description></Stakeholder><OtherInformation>Listen to the voice of the employee -- 
We are always so adamant about listening to the voice of the customer, what about the voice of the employee? When going down the collaboration road within your organization it's important to make employees a part of the decision making process from step one. Listen to their ideas, their needs, and their suggestions and integrate their feedback in your technology and strategy.</OtherInformation><Objective><Name>Ideas, Needs &amp; Suggestions</Name><Description>Listen to the ideas, needs, and suggestions of employees.</Description><Identifier>_c6a53645-ed36-11e5-847f-4f3d81186f3c</Identifier><SequenceIndicator>5.1</SequenceIndicator><Stakeholder><Name/><Description/></Stakeholder><OtherInformation/></Objective><Objective><Name>Technology &amp; Strategy</Name><Description>Integrate employee feedback in technology and strategy.</Description><Identifier>_c6a53646-ed36-11e5-847f-4f3d81186f3c</Identifier><SequenceIndicator>5.2</SequenceIndicator><Stakeholder><Name/><Description/></Stakeholder><OtherInformation/></Objective></Goal><Goal><Name>Work Flow</Name><Description>Integrate collaboration into the flow of work</Description><Identifier>_c6a536de-ed36-11e5-847f-4f3d81186f3c</Identifier><SequenceIndicator>6</SequenceIndicator><Stakeholder StakeholderTypeType="Organization"><Name>TELUS</Name><Description>Example: TELUS is a telecommunications company based in Canada which integrated collaboration into the core of how employees work.  All of their technologies can be accessed via a central navigation bar, collaboration is one of their core values, and they have collaboration scavenger hunts for new employees in addition to employee off-sites and many other things.</Description></Stakeholder><OtherInformation>Integrate into the flow of work -- 

Collaboration should never be seen as an additional task or requirement for employees. Instead collaboration should fit naturally into their flow of work. </OtherInformation><Objective><Name>Enterprise Access</Name><Description>Create a "front-door" to the enterprise accessed through your collaboration platform.</Description><Identifier>_c6a53792-ed36-11e5-847f-4f3d81186f3c</Identifier><SequenceIndicator>6.1</SequenceIndicator><Stakeholder><Name/><Description/></Stakeholder><OtherInformation>For example instead of having employees use multiple usernames, passwords, and log-in sites; create a "front-door" to the enterprise accessed through your collaboration platform.</OtherInformation></Objective></Goal><Goal><Name>Work Environment</Name><Description>Create an environment the supports collaboration.</Description><Identifier>_c6a53e22-ed36-11e5-847f-4f3d81186f3c</Identifier><SequenceIndicator>7</SequenceIndicator><Stakeholder StakeholderTypeType="Organization"><Name>Motley Foll</Name><Description>Example: The Motley Foll is the only company I've met that has a Chief Collaboration Officer. The employees play collaboration games to help work as a team, have mobile desks that they can relocate in their office, and feature a popular blog on their corporate culture.</Description></Stakeholder><Stakeholder StakeholderTypeType="Person"><Name>Chief Collaboration Officer</Name><Description/></Stakeholder><OtherInformation>Create a supportive environment -- 

If your organization focuses on rewarding employees for individual performance as the main driver of success then it will become quite hard to encourage employees to share and communicate with each other. Why would they want to? There is nothing wrong with rewarding employees for great performance but it's also crucial to reward teamwork. For example organizations can make a percentage of an employee’s bonus tied to how well they collaborate with their co-workers. A supportive environment also means having training and education resources available for employees as well as evangelists within the organization.</OtherInformation><Objective><Name>Teamwork</Name><Description>Reward teamwork.</Description><Identifier>_c6a53e23-ed36-11e5-847f-4f3d81186f3c</Identifier><SequenceIndicator>7.1</SequenceIndicator><Stakeholder><Name/><Description/></Stakeholder><OtherInformation/></Objective><Objective><Name>Training &amp; Education</Name><Description>Make training and education resources available.</Description><Identifier>_c6a53e24-ed36-11e5-847f-4f3d81186f3c</Identifier><SequenceIndicator>7.2</SequenceIndicator><Stakeholder StakeholderTypeType="Generic_Group"><Name>Employees</Name><Description/></Stakeholder><Stakeholder StakeholderTypeType="Generic_Group"><Name>Collaboration Evangelists</Name><Description/></Stakeholder><OtherInformation/></Objective></Goal><Goal><Name>Metrics</Name><Description>Focus on the metrics that are tied to the organization's business case.</Description><Identifier>_c6a53e25-ed36-11e5-847f-4f3d81186f3c</Identifier><SequenceIndicator>8</SequenceIndicator><Stakeholder StakeholderTypeType="Organization"><Name>Intuit</Name><Description>Example: Intuit is one of the many companies that readily has access to all sorts of data from their collaboration platform. However, instead of focusing on all of the metrics Intuit looks at things such as how many new product ideas are generated for employees and how the time to market for new products is decreased.</Description></Stakeholder><OtherInformation>Measure what matters -- 

There are a lot of things that an organization can measure but that doesn't mean that all of these things should be measured. Focus on the metrics that matter to your organization and the ones that are tied back to a business case. Some organizations focus on "busy" metrics such as comments submitted or groups created. Others focus on metrics such as engagement (defined as how connected and passionate an employee feels about the company and the work they do).</OtherInformation><Objective><Name/><Description/><Identifier>_c6a53e26-ed36-11e5-847f-4f3d81186f3c</Identifier><SequenceIndicator/><Stakeholder StakeholderTypeType="Generic_Group"><Name/><Description/></Stakeholder><OtherInformation/></Objective></Goal><Goal><Name>Corporate Initiative</Name><Description>Make collaboration a corporate initiative.</Description><Identifier>_c6a53e27-ed36-11e5-847f-4f3d81186f3c</Identifier><SequenceIndicator>9</SequenceIndicator><Stakeholder StakeholderTypeType="Organization"><Name>Children's Hospital</Name><Description>Example: Children’s Hospital first started their collaboration efforts over a year ago and their first attempt was a huge failure.  They deployed a technology and found that nobody was using it.  They went back to the drawing board, selected a new vendor and put a new strategy behind it.  </Description></Stakeholder><OtherInformation>Persistence -- 

I believe that collaborative initiatives shouldn't be pilots they should be corporate initiatives. These efforts can certainly take time but if the organization makes the decision that collaboration is the direction they want to go down then that’s it. No giving up and no turning back. Moving forward, organizations cannot succeed without connecting their employees and their information. Making collaboration work isn't an option it's THE option.</OtherInformation><Objective><Name/><Description/><Identifier>_c6a53e28-ed36-11e5-847f-4f3d81186f3c</Identifier><SequenceIndicator/><Stakeholder StakeholderTypeType="Generic_Group"><Name/><Description/></Stakeholder><OtherInformation/></Objective></Goal><Goal><Name>Adaptation &amp; Evolution</Name><Description>Adapt and evolve the organization.</Description><Identifier>_c6a53e5e-ed36-11e5-847f-4f3d81186f3c</Identifier><SequenceIndicator>10</SequenceIndicator><Stakeholder StakeholderTypeType="Organization"><Name>Lowe's Home Improvement</Name><Description>Example: Lowe's Home Improvement is completely changing the way employees communicate and collaborate with each other. Internally the company recognized the shift that is happening in the consumer web and is adapting their company to the point where they recently hosted their own internal "social business" conference.  Collaboration technology is how many employees at Lowe's do their day-to-day-work.</Description></Stakeholder><OtherInformation>Adapt and evolve -- 

It's important to remember that collaboration is perpetual. It's a never ending evolution as new tools and strategies for the workplace continue to emerge. This means that it's important for your organization to be able to adapt and evolve as things change. Keep a pulse on what's going on in the industry and inside of your organization. This will allow you to innovate and anticipate.</OtherInformation><Objective><Name/><Description/><Identifier>_c6a53f26-ed36-11e5-847f-4f3d81186f3c</Identifier><SequenceIndicator/><Stakeholder StakeholderTypeType="Generic_Group"><Name/><Description/></Stakeholder><OtherInformation/></Objective></Goal><Goal><Name>Customer Support</Name><Description>Provide a better experience and superior support to help customers.</Description><Identifier>_c6a54002-ed36-11e5-847f-4f3d81186f3c</Identifier><SequenceIndicator>11</SequenceIndicator><Stakeholder StakeholderTypeType="Organization"><Name>Cisco</Name><Description>Example: Cisco leverages  a collaboration environment to crowd source issues and requests; these enables them yo find the best and fastest solution which makes for a better customer experience.</Description></Stakeholder><Stakeholder StakeholderTypeType="Generic_Group"><Name>Employees</Name><Description>Employees are able to provide a better experience and superior support by being able to tap into internal experts, information, and resources which can be used to help customers.</Description></Stakeholder><Stakeholder StakeholderTypeType="Generic_Group"><Name>Customers</Name><Description>Consider a customer that is working with a support representative who unfortunately does not know how to solve the customer's problem. </Description></Stakeholder><OtherInformation>Employee collaboration also benefits the customer -- 

While customer collaboration and employee collaboration do solve very different and unique problems, employee collaboration has tremendous value to your customers. Employees are able to provide a better experience and superior support by being able to tap into internal experts, information, and resources which can be used to help customers. Consider a customer that is working with a support representative who unfortunately does not know how to solve the customer's problem. The employee however has access to the entire organization to find the right information and share it with the customer.</OtherInformation><Objective><Name/><Description/><Identifier>_c6a540ca-ed36-11e5-847f-4f3d81186f3c</Identifier><SequenceIndicator/><Stakeholder StakeholderTypeType="Generic_Group"><Name/><Description/></Stakeholder><OtherInformation/></Objective></Goal><Goal><Name>Goodness</Name><Description>Make the world a better place.</Description><Identifier>_c6a5419c-ed36-11e5-847f-4f3d81186f3c</Identifier><SequenceIndicator>12</SequenceIndicator><Stakeholder StakeholderTypeType="Generic_Group"><Name/><Description/></Stakeholder><OtherInformation>Collaboration can make the world a better place -- 

Perhaps the most important principle of collaboration is that it can make the world a better place. Sure, collaboration can make our employee more productive and benefit our customers. But collaboration also allows employees to feel more connected to their jobs and co-workers, reduces stress at the workplace, makes their jobs easier, allows for more work freedom, and in general makes them happier people. This means less stress at home, less arguments with spouses, and more time to spend with loved ones. Collaboration not only positively impacts the lives of employees at work but also at home.</OtherInformation><Objective><Name>Productivity</Name><Description>Make employees more productive and benefit our customers.</Description><Identifier>_c6a54322-ed36-11e5-847f-4f3d81186f3c</Identifier><SequenceIndicator>12.1</SequenceIndicator><Stakeholder StakeholderTypeType="Generic_Group"><Name>Employees</Name><Description/></Stakeholder><OtherInformation/></Objective><Objective><Name>Connection, Stress &amp; Freedom</Name><Description>Allow employees to feel more connected to their jobs and co-workers, reduce stress, make jobs easier, and allow for more work freedom.</Description><Identifier>_c6a543fe-ed36-11e5-847f-4f3d81186f3c</Identifier><SequenceIndicator>12.2</SequenceIndicator><Stakeholder StakeholderTypeType="Generic_Group"><Name/><Description/></Stakeholder><OtherInformation/></Objective></Goal></StrategicPlanCore><AdministrativeInformation><StartDate>2013-07-30</StartDate><PublicationDate>2016-03-18</PublicationDate><Source>http://www.forbes.com/sites/jacobmorgan/2013/07/30/the-12-habits-of-highly-collaborative-organizations/#37a252835f12</Source><Submitter><GivenName>Owen</GivenName><Surname>Ambur</Surname><PhoneNumber/><EmailAddress>Owen.Ambur@verizon.net</EmailAddress></Submitter></AdministrativeInformation></StrategicPlan>