<?xml version="1.0" encoding="UTF-8"?>
<StrategicPlan xmlns="urn:ISO:std:iso:17469:tech:xsd:stratml_core" xmlns:xsi="http://www.w3.org/2001/XMLSchema-instance" xsi:schemaLocation="urn:ISO:std:iso:17469:tech:xsd:stratml_core http://xml.govwebs.net/stratml/references/StrategicPlanISOVersion20140401.xsd"><Name>About 15 Five</Name><Description/><OtherInformation/><StrategicPlanCore><Organization><Name>15 Five</Name><Acronym>15-5</Acronym><Identifier>_85318184-0448-11e6-8ed0-9b61b83adc12</Identifier><Description/><Stakeholder StakeholderTypeType="Generic_Group"><Name>15Five Team</Name><Description>The people behind the vision -- 
We're a company that is out to make history. Our team of designers, developers, thinkers and advisors have helped shape 15Five into a leading company. Together we cultivate a strong culture with a vision to create the space for people to be their greatest selves.</Description></Stakeholder><Stakeholder StakeholderTypeType="Person"><Name>David Hassell</Name><Description>David Hassell is a serial entrepreneur and is currently co-founder and CEO of 15Five, what he sees as his opportunity to help organizations and everyone in them reach their potential and become 'organizationally-actualized'.

David graduated from Tufts University with a Bachelor of Science in Computer Engineering  in 1998. The next year, he co-founded AdClip Networks, an online advertising technology company that  was later re-branded as Endai Worldwide. In 2004, he co-founded Kite Adventures, a company that offers guided Kiteboarding tours off the coast of northeastern Brazil.

In his last venture prior to 15Five, David co-founded Strategy Day, a consulting company that worked with CEOs and executive teams to develop focus and accomplish strategic plans.

David formerly served as President of the San Francisco chapter of the Entrepreneurs' Organization and was later named "The Most Connected Man You Don’t Know in Silicon Valley" by Forbes Magazine. David has been featured in The Wall Street Journal, Inc., Entrepreneur, Wired, Fast Company, and the Financial Post.</Description></Stakeholder><Stakeholder StakeholderTypeType="Person"><Name>Nazar Ivaniv</Name><Description>Co-Founder, CTO</Description></Stakeholder><Stakeholder StakeholderTypeType="Person"><Name>Shane Metcalf</Name><Description>Honorary Co-Founder, VP Customer Success</Description></Stakeholder><Stakeholder StakeholderTypeType="Person"><Name>Krystian Cybulski</Name><Description>Lead Developer</Description></Stakeholder><Stakeholder StakeholderTypeType="Person"><Name>Paul Logston</Name><Description>Developer</Description></Stakeholder><Stakeholder StakeholderTypeType="Person"><Name>Emily Diaz</Name><Description>Customer Success Manager</Description></Stakeholder><Stakeholder StakeholderTypeType="Person"><Name>Meilena Hauslendale</Name><Description>Customer Success Specialist</Description></Stakeholder><Stakeholder StakeholderTypeType="Person"><Name>Stacey Hurst</Name><Description>Executive Assistant</Description></Stakeholder><Stakeholder StakeholderTypeType="Person"><Name>David Mizne</Name><Description>Content Manager</Description></Stakeholder><Stakeholder StakeholderTypeType="Person"><Name>Luke Ryan</Name><Description>Director of Growth</Description></Stakeholder><Stakeholder StakeholderTypeType="Person"><Name>Hollie Nishikawa</Name><Description>Demand Generation Manager</Description></Stakeholder><Stakeholder StakeholderTypeType="Person"><Name>Priscilla Zorrilla</Name><Description>Customer Success Manager</Description></Stakeholder><Stakeholder StakeholderTypeType="Person"><Name>Carson Adam</Name><Description>Account Manager</Description></Stakeholder><Stakeholder StakeholderTypeType="Person"><Name>Holly Kennedy</Name><Description>Product Designer</Description></Stakeholder><Stakeholder StakeholderTypeType="Person"><Name>Huong Le</Name><Description>Product Designer</Description></Stakeholder><Stakeholder StakeholderTypeType="Generic_Group"><Name>15Five Advisors</Name><Description/></Stakeholder><Stakeholder StakeholderTypeType="Person"><Name>Mike Faith</Name><Description>CEO, Headsets.com</Description></Stakeholder><Stakeholder StakeholderTypeType="Person"><Name>Chuck Longanecker</Name><Description>CEO, Digital Telepathy</Description></Stakeholder><Stakeholder StakeholderTypeType="Person"><Name>Brad Oberwager</Name><Description>Inventor, 15Five Software</Description></Stakeholder><Stakeholder StakeholderTypeType="Person"><Name>Simon Sinek</Name><Description>Author, Start With Why</Description></Stakeholder><Stakeholder StakeholderTypeType="Person"><Name>Mike Walsh</Name><Description>Advisor, Investor, Consultant</Description></Stakeholder><Stakeholder StakeholderTypeType="Person"><Name>Hiten Shah</Name><Description>CEO, Kissmetrics</Description></Stakeholder><Stakeholder StakeholderTypeType="Person"><Name>Bryan Franklin</Name><Description>Advisor, Investor, Consultant</Description></Stakeholder><Stakeholder StakeholderTypeType="Person"><Name>Jennifer Russell</Name><Description>Co-Founder, Mind, Money &amp; Meaning</Description></Stakeholder><Stakeholder StakeholderTypeType="Person"><Name>Jason Calacanis</Name><Description>Notable Founder, Investor, Advisor</Description></Stakeholder><Stakeholder StakeholderTypeType="Person"><Name>Chip Conley</Name><Description>Founder: Joie de Vivre, Author: Peak</Description></Stakeholder><Stakeholder StakeholderTypeType="Person"><Name>Lane Becker</Name><Description>Founder, Author, Speaker</Description></Stakeholder><Stakeholder StakeholderTypeType="Person"><Name>Philip Rosedale</Name><Description>Inventor, Investor, Founder Second Life</Description></Stakeholder><Stakeholder StakeholderTypeType="Person"><Name>Dave Kashen</Name><Description>Startup CEO Coach, Entrepreneur</Description></Stakeholder><Stakeholder StakeholderTypeType="Person"><Name>Cameron Herold</Name><Description>Author &amp; CEO Coach</Description></Stakeholder><Stakeholder StakeholderTypeType="Person"><Name>Vishen Lakhiani</Name><Description>MindValley, Founder &amp; CEO</Description></Stakeholder><Stakeholder StakeholderTypeType="Person"><Name>Ryan Holiday</Name><Description>Author &amp; Media Strategist</Description></Stakeholder></Organization><Vision><Description>People become their greatest selves</Description><Identifier>_853182d8-0448-11e6-8ed0-9b61b83adc12</Identifier></Vision><Mission><Description>To bring out the best in people at work.</Description><Identifier>_853183dc-0448-11e6-8ed0-9b61b83adc12</Identifier></Mission><Value><Name>Leverage</Name><Description>Find The Leverage -- 
We believe that constraints are the mother of creativity. We focus on being resourceful and creative over acquiring resources. We focus on the few, sacrificing the good for the great. We believe that hard work is no longer a competitive advantage, so given finite time and energy we continually seek to create greater and greater outcomes by finding the leverage in everything we do. One way we Find the Leverage is through our other Core Values of Cultivate Health &amp; Vitality, Keep Things Simple, Always Be Learning and Growing, Maximize Our Zone of Genius, and Dare to Dream.</Description></Value><Value><Name>Health</Name><Description>Cultivate Health &amp; Vitality -- 
Everything we experience in our lives is sourced from and through our bodies including our thoughts, emotions, spirit, and strength to move through the world. We recognize health &amp; vitality as a cornerstone to living a happy, productive, centered and deeply satisfied life. Furthermore, our ability to individually and collectively produce exceptional results is a direct function of our energy and focus, neither of which can be optimal without a solid foundation of health and vitality. We recognize that health and vitality is something that must be cultivated over time and we strive to make that cultivation a way of life.</Description></Value><Value><Name>Vitality</Name><Description/></Value><Value><Name>Trust</Name><Description>Grant Trust &amp; Be Transparent -- 
We believe that relationships are strongest and teams thrive in a culture of transparency, vulnerability and authenticity. Furthermore, we believe trust is to be granted, not earned, and that a strong foundation of trust is a requirement for true transparency, vulnerability and authenticity to be possible. We commit first to grant each other trust, and then commit second to be transparent with one another. We trust that each of us holds the highest intentions, are committed to our WHY and Values and are making our best effort. This creates the space for each of us to be fully transparent with one another when things may not be going to plan or where we need help or support, so we can address and resolve issues as a team and move on quickly, without assigning fault or blame.</Description></Value><Value><Name>Transparency</Name><Description/></Value><Value><Name>Success</Name><Description>Commit to Customer Success &amp; Delight -- 
We are in the business of our customers’ success; helping our customers achieve their highest potential is the WHY that drives us. However, we strive to go one step further. We know that if we can truly delight our customers with a remarkable product and exceptional service, we’ll have delivered value beyond expectations, our customers will be inclined to share 15Five with their colleagues and friends, and we’ll be able to further our mission. We see this as a never-ending and ongoing process and rely on this commitment to drive our actions.</Description></Value><Value><Name>Delight</Name><Description/></Value><Value><Name>Simplicity</Name><Description>Keep Things Simple -- 
We believe that there is often a simpler way to doing almost anything. By simplifying our lives, processes, product and the way we do business, we free up time and energy to focus on what really matters, increasing our capacity for making forward progress and producing great outcomes.</Description></Value><Value><Name>Learning</Name><Description>Always Be Learning and Growing --
The only way any individual can reach their highest potential is through learning and growth, which simultaneously can be a source of both happiness and fulfillment. The same is true of organizations. We believe that learning and growth is a lifetime mindset and way of life, rather than something you do in your adolescence and stop when you enter the workforce. We look to continually learn, grow and expand our capacity as individuals and as an organization, so we can earn the right to live our WHY, thrive, and make a significant and meaningful impact in the world.</Description></Value><Value><Name>Growth</Name><Description/></Value><Value><Name>Accountability</Name><Description>Hold and Be Held Accountable -- 
Nothing works without personal integrity and responsibility and a culture of accountability. We not only commit to hold each other accountable to our word, commitments, objectives, and duties, but we also commit to being held accountable by our peers when we fail to deliver on what we have committed to.</Description></Value><Value><Name>Alignment</Name><Description>Maximize Our Zone of Genius -- 
We believe that everyone has a Zone of Genius, a unique quality that they're able to bring to their work and their lives that lets them do certain things better than almost anyone else. We’re committed to continuing to distinguish and identify these traits in one another, and make sure that we're aligning our roles and activities with these so that we create the highest-performing team we can, find the leverage, and be successful and fulfilled in the process.</Description></Value><Value><Name>Freedom</Name><Description>Embrace Freedom &amp; Flexibility -- 
We believe that rigid rules are unnecessary with a team of highly engaged, passionate and committed people. We value results over having people in specific seats at specific times of the day. We recognize that self-directed people can perform at a higher level and simultaneously take better care of their lives when they're able to design for themselves how, when and where they work. When appropriate, we choose to come together to work. However, you’ll often find our team working from all over the world.</Description></Value><Value><Name>Flexibility</Name><Description/></Value><Value><Name>Dreams</Name><Description>Dare To Dream --
We're great at and stay focused on our short term objectives, but also know that all of history's greatest achievements began with a simple dream and were just "made up." We challenge each other to dream big, and remember that we have the power to create a bigger and more inspiring future for ourselves and others if we just dare to dream.</Description></Value><Value><Name>Communication</Name><Description>Creates open and regular communication -- 

Communicating on a regular basis builds trust, which translates to higher performance and increased loyalty.</Description></Value><Value><Name>Inspiration</Name><Description>Inspires people through questions -- 

Drive innovative thinking by asking questions, and spark insights through meaningful dialogue.</Description></Value><Value><Name>Input</Name><Description>Gives everyone a voice -- 

When people feel heard and know that their input matters, they feel greater ownership in the success of the company.</Description></Value><Value><Name>Comfort</Name><Description>People feel safer -- 

Without the pressure of face-to-face meetings, employees are naturally emboldened to share openly and authentically.</Description></Value><Value><Name>Reflection</Name><Description>Encourages everyone to reflect -- 

When people look back on their successes, they experience a great sense of progress, morale and performance.</Description></Value><Goal><Name>Check-Ins</Name><Description>Automate weekly check-in with everyone in your company</Description><Identifier>_853185d0-0448-11e6-8ed0-9b61b83adc12</Identifier><SequenceIndicator/><Stakeholder><Name/><Description/></Stakeholder><OtherInformation>Know the pulse of your company -- 
15Five is a tool that automates a quick and powerful weekly check-in with everyone in your company.</OtherInformation><Objective><Name>Priorities</Name><Description>Get visibility into the things that matter</Description><Identifier>_853186f2-0448-11e6-8ed0-9b61b83adc12</Identifier><SequenceIndicator>1</SequenceIndicator><Stakeholder><Name/><Description/></Stakeholder><OtherInformation>Get visibility into the things that matter most -- 
Whether your team is in the next room or spread across the world, you’ll always be in the loop (and important issues won't be lost in your Inbox).</OtherInformation></Objective><Objective><Name>Attention</Name><Description>Direct attention to the high priority topics</Description><Identifier>_853187f6-0448-11e6-8ed0-9b61b83adc12</Identifier><SequenceIndicator>2</SequenceIndicator><Stakeholder><Name/><Description/></Stakeholder><OtherInformation>Steer the conversation -- 
Using 15Five's powerful question management, you can direct everyone's attention to the high priority topics each week.</OtherInformation></Objective><Objective><Name>Tools</Name><Description>Give managers the tools to be successful</Description><Identifier>_8531890e-0448-11e6-8ed0-9b61b83adc12</Identifier><SequenceIndicator>2.1</SequenceIndicator><Stakeholder><Name/><Description/></Stakeholder><OtherInformation>Give your managers the tools to be wildly successful </OtherInformation></Objective><Objective><Name>Issues</Name><Description>Resolve issues before they become big problems.</Description><Identifier>_85318a1c-0448-11e6-8ed0-9b61b83adc12</Identifier><SequenceIndicator>2.1.1</SequenceIndicator><Stakeholder><Name/><Description/></Stakeholder><OtherInformation/></Objective><Objective><Name>Ideas</Name><Description>Never miss another great idea from people closest to the action.</Description><Identifier>_85318b20-0448-11e6-8ed0-9b61b83adc12</Identifier><SequenceIndicator>2.1.2</SequenceIndicator><Stakeholder><Name/><Description/></Stakeholder><OtherInformation/></Objective><Objective><Name>Time</Name><Description>Quit wasting time in your 1:1s.</Description><Identifier>_85318c42-0448-11e6-8ed0-9b61b83adc12</Identifier><SequenceIndicator>2.1.3</SequenceIndicator><Stakeholder><Name/><Description/></Stakeholder><OtherInformation/></Objective><Objective><Name>Engagement &amp; Action</Name><Description>Engage with your team and turn conversations into action</Description><Identifier>_85318d50-0448-11e6-8ed0-9b61b83adc12</Identifier><SequenceIndicator>2.2</SequenceIndicator><Stakeholder><Name/><Description/></Stakeholder><OtherInformation/></Objective><Objective><Name>Acknowledgement</Name><Description>Acknowledge great points with a like.</Description><Identifier>_85318e5e-0448-11e6-8ed0-9b61b83adc12</Identifier><SequenceIndicator>2.2.1</SequenceIndicator><Stakeholder><Name/><Description/></Stakeholder><OtherInformation/></Objective><Objective><Name>Assignment</Name><Description>Quickly loop in the right people.</Description><Identifier>_85318f94-0448-11e6-8ed0-9b61b83adc12</Identifier><SequenceIndicator>2.2.2</SequenceIndicator><Stakeholder><Name/><Description/></Stakeholder><OtherInformation/></Objective><Objective><Name>Elevation</Name><Description>Pass up the most critical issues and valuable ideas with a single click.</Description><Identifier>_853190ac-0448-11e6-8ed0-9b61b83adc12</Identifier><SequenceIndicator>2.2.3</SequenceIndicator><Stakeholder><Name/><Description/></Stakeholder><OtherInformation/></Objective><Objective><Name>Dialogue</Name><Description>Engage in important dialogue to dive deeper and remove roadblocks.</Description><Identifier>_853191ba-0448-11e6-8ed0-9b61b83adc12</Identifier><SequenceIndicator>2.2.4</SequenceIndicator><Stakeholder><Name/><Description/></Stakeholder><OtherInformation/></Objective><Objective><Name>Follow-Up</Name><Description>Flag important issues to follow up later.</Description><Identifier>_853192fa-0448-11e6-8ed0-9b61b83adc12</Identifier><SequenceIndicator>2.2.5</SequenceIndicator><Stakeholder><Name/><Description/></Stakeholder><OtherInformation/></Objective></Goal></StrategicPlanCore><AdministrativeInformation><PublicationDate>2016-04-16</PublicationDate><Source>http://www.15five.com/</Source><Submitter><GivenName>Owen</GivenName><Surname>Ambur</Surname><PhoneNumber/><EmailAddress>Owen.Ambur@verizon.net</EmailAddress></Submitter></AdministrativeInformation></StrategicPlan>