<?xml version="1.0" encoding="UTF-8"?>
<PerformancePlanOrReport xmlns="urn:ISO:std:iso:17469:tech:xsd:PerformancePlanOrReport" xmlns:xsi="http://www.w3.org/2001/XMLSchema-instance"
 xsi:schemaLocation="urn:ISO:std:iso:17469:tech:xsd:PerformancePlanOrReport http://stratml.us/references/PerformancePlanOrReport20160216.xsd" Type="Performance_Plan"><Name>Consortium Standards Program</Name><Description>Consortium Standards Program Strategic Plan 2019-2021</Description><OtherInformation>This plan will be used to guide the standards program for the 3D PDF Consortium. </OtherInformation><StrategicPlanCore><Organization><Name>3D PDF Consoritium</Name><Acronym>3DPDFC</Acronym><Identifier>_b93349f2-c1b4-11e6-a871-299b3366cb4b</Identifier><Description/><Stakeholder><Name>[To be named]</Name><Description/><Role><Name>[To be named]</Name><Description/></Role></Stakeholder></Organization><Vision><Description>The 3D PDF Consortium's Standards Program is the internationally recognized authority for developing and promoting market relevant best practices, standards and guidelines that guide the industry and enable organizations to make sure the right information is available at the right time which indirectly improves their business.</Description><Identifier>_971e4d06-dedd-11e8-8650-9e39c0cc2f93</Identifier></Vision><Mission><Description>To drive the development and adoption of standards and best practices to help organizations provide the right access to the right information at the right time.</Description><Identifier>_971e4e0a-dedd-11e8-8650-9e39c0cc2f93</Identifier></Mission><Value><Name>Balance</Name><Description>All interest groups have equal representation at meetings and in the development process.</Description></Value><Value><Name>Consensus</Name><Description>More than a simple majority but not unanimity.</Description></Value><Value><Name>Due Process</Name><Description>Procedures and policies exist and are followed.</Description></Value><Value><Name>Effectiveness</Name><Description>Standards items produced by the program are relevant and effective responses to requirements.</Description></Value><Value><Name>Impartiality</Name><Description>No one person, company or interest category dominates or is played favor to in the process.</Description></Value><Value><Name>Openness</Name><Description>Participation is open to all.</Description></Value><Value><Name>Transparency</Name><Description>Information about standards development is available to all interested parties.</Description></Value><Goal><Name>Funding Model</Name><Description>Maintain stable funding model</Description><Identifier>_971e4eaa-dedd-11e8-8650-9e39c0cc2f93</Identifier><SequenceIndicator>1</SequenceIndicator><Stakeholder><Name>[To be named]</Name><Description/><Role><Name>[To be named]</Name><Description/></Role></Stakeholder><OtherInformation/><Objective><Name>Member Base</Name><Description>Increase the member base</Description><Identifier>_971e5080-dedd-11e8-8650-9e39c0cc2f93</Identifier><SequenceIndicator>1.1</SequenceIndicator><Stakeholder><Name>[To be named]</Name><Description/><Role><Name>[To be named]</Name><Description/></Role></Stakeholder><OtherInformation/><PerformanceIndicator ><SequenceIndicator/><MeasurementDimension/><UnitOfMeasurement/><Identifier>_2b35b5ac-dee2-11e8-bae6-07cc5fbabdf6</Identifier><Relationship><Identifier>_d7697386-dedd-11e8-856e-8a805fbabdf6</Identifier><ReferentIdentifier/><Name/><Description/></Relationship><MeasurementInstance><TargetResult><Description>[To be described]</Description><Descriptor><DescriptorName/><DescriptorValue/></Descriptor><StartDate/><EndDate/></TargetResult><ActualResult><Description>[To be determined]</Description><Descriptor><DescriptorName/><DescriptorValue/></Descriptor><StartDate/><EndDate/></ActualResult></MeasurementInstance><OtherInformation/></PerformanceIndicator></Objective><Objective><Name>Contacts</Name><Description>Contact potential participants to purchase Standards membership or upsell to Consortium memberships</Description><Identifier>_971e5120-dedd-11e8-8650-9e39c0cc2f93</Identifier><SequenceIndicator>1.1.1</SequenceIndicator><Stakeholder><Name>[To be named]</Name><Description/><Role><Name>[To be named]</Name><Description/></Role></Stakeholder><OtherInformation/><PerformanceIndicator ><SequenceIndicator/><MeasurementDimension/><UnitOfMeasurement/><Identifier>_2b35b7c8-dee2-11e8-bae6-07cc5fbabdf6</Identifier><Relationship><Identifier>_d7697386-dedd-11e8-856e-8a805fbabdf6</Identifier><ReferentIdentifier/><Name/><Description/></Relationship><MeasurementInstance><TargetResult><Description>[To be described]</Description><Descriptor><DescriptorName/><DescriptorValue/></Descriptor><StartDate/><EndDate/></TargetResult><ActualResult><Description>[To be determined]</Description><Descriptor><DescriptorName/><DescriptorValue/></Descriptor><StartDate/><EndDate/></ActualResult></MeasurementInstance><OtherInformation/></PerformanceIndicator></Objective><Objective><Name>LinkedIn, Twitter &amp; Liaisons</Name><Description>Identify other potential members via LinkedIn and Twitter or liaison relationships to get to participate and/or join</Description><Identifier>_971e51b6-dedd-11e8-8650-9e39c0cc2f93</Identifier><SequenceIndicator>1.1.2</SequenceIndicator><Stakeholder><Name>[To be named]</Name><Description/><Role><Name>[To be named]</Name><Description/></Role></Stakeholder><OtherInformation/><PerformanceIndicator ><SequenceIndicator/><MeasurementDimension/><UnitOfMeasurement/><Identifier>_2b35ba20-dee2-11e8-bae6-07cc5fbabdf6</Identifier><Relationship><Identifier>_d7697386-dedd-11e8-856e-8a805fbabdf6</Identifier><ReferentIdentifier/><Name/><Description/></Relationship><MeasurementInstance><TargetResult><Description>[To be described]</Description><Descriptor><DescriptorName/><DescriptorValue/></Descriptor><StartDate/><EndDate/></TargetResult><ActualResult><Description>[To be determined]</Description><Descriptor><DescriptorName/><DescriptorValue/></Descriptor><StartDate/><EndDate/></ActualResult></MeasurementInstance><OtherInformation/></PerformanceIndicator></Objective><Objective><Name>Committee Membership</Name><Description>Audit committee membership quarterly and invoice new participants</Description><Identifier>_971e5256-dedd-11e8-8650-9e39c0cc2f93</Identifier><SequenceIndicator>1.2</SequenceIndicator><Stakeholder><Name>[To be named]</Name><Description/><Role><Name>[To be named]</Name><Description/></Role></Stakeholder><OtherInformation/><PerformanceIndicator ><SequenceIndicator/><MeasurementDimension/><UnitOfMeasurement/><Identifier>_2b35bb92-dee2-11e8-bae6-07cc5fbabdf6</Identifier><Relationship><Identifier>_d7697386-dedd-11e8-856e-8a805fbabdf6</Identifier><ReferentIdentifier/><Name/><Description/></Relationship><MeasurementInstance><TargetResult><Description>[To be described]</Description><Descriptor><DescriptorName/><DescriptorValue/></Descriptor><StartDate/><EndDate/></TargetResult><ActualResult><Description>[To be determined]</Description><Descriptor><DescriptorName/><DescriptorValue/></Descriptor><StartDate/><EndDate/></ActualResult></MeasurementInstance><OtherInformation/></PerformanceIndicator></Objective><Objective><Name>LinkedIn</Name><Description>Review members of LinkedIn or new people who are following LinkedIn group and contact them regarding membership</Description><Identifier>_971e52ec-dedd-11e8-8650-9e39c0cc2f93</Identifier><SequenceIndicator>1.2.1</SequenceIndicator><Stakeholder><Name>[To be named]</Name><Description/><Role><Name>[To be named]</Name><Description/></Role></Stakeholder><OtherInformation/><PerformanceIndicator ><SequenceIndicator/><MeasurementDimension/><UnitOfMeasurement/><Identifier>_2b35bd04-dee2-11e8-bae6-07cc5fbabdf6</Identifier><Relationship><Identifier>_d7697386-dedd-11e8-856e-8a805fbabdf6</Identifier><ReferentIdentifier/><Name/><Description/></Relationship><MeasurementInstance><TargetResult><Description>[To be described]</Description><Descriptor><DescriptorName/><DescriptorValue/></Descriptor><StartDate/><EndDate/></TargetResult><ActualResult><Description>[To be determined]</Description><Descriptor><DescriptorName/><DescriptorValue/></Descriptor><StartDate/><EndDate/></ActualResult></MeasurementInstance><OtherInformation/></PerformanceIndicator></Objective><Objective><Name>Calls to Action</Name><Description>Make sure any articles or speaking engagements have a call to action to participate in the Consortium and to become a member</Description><Identifier>_971e5382-dedd-11e8-8650-9e39c0cc2f93</Identifier><SequenceIndicator>1.2.2</SequenceIndicator><Stakeholder><Name>[To be named]</Name><Description/><Role><Name>[To be named]</Name><Description/></Role></Stakeholder><OtherInformation/><PerformanceIndicator ><SequenceIndicator/><MeasurementDimension/><UnitOfMeasurement/><Identifier>_2b35be80-dee2-11e8-bae6-07cc5fbabdf6</Identifier><Relationship><Identifier>_d7697386-dedd-11e8-856e-8a805fbabdf6</Identifier><ReferentIdentifier/><Name/><Description/></Relationship><MeasurementInstance><TargetResult><Description>[To be described]</Description><Descriptor><DescriptorName/><DescriptorValue/></Descriptor><StartDate/><EndDate/></TargetResult><ActualResult><Description>[To be determined]</Description><Descriptor><DescriptorName/><DescriptorValue/></Descriptor><StartDate/><EndDate/></ActualResult></MeasurementInstance><OtherInformation/></PerformanceIndicator></Objective><Objective><Name>Focus Groups</Name><Description>Hold focus group sessions with each membership interest group to determine needs</Description><Identifier>_971e5526-dedd-11e8-8650-9e39c0cc2f93</Identifier><SequenceIndicator>1.2.3</SequenceIndicator><Stakeholder><Name>[To be named]</Name><Description/><Role><Name>[To be named]</Name><Description/></Role></Stakeholder><OtherInformation/><PerformanceIndicator ><SequenceIndicator/><MeasurementDimension/><UnitOfMeasurement/><Identifier>_2b35bff2-dee2-11e8-bae6-07cc5fbabdf6</Identifier><Relationship><Identifier>_d7697386-dedd-11e8-856e-8a805fbabdf6</Identifier><ReferentIdentifier/><Name/><Description/></Relationship><MeasurementInstance><TargetResult><Description>[To be described]</Description><Descriptor><DescriptorName/><DescriptorValue/></Descriptor><StartDate/><EndDate/></TargetResult><ActualResult><Description>[To be determined]</Description><Descriptor><DescriptorName/><DescriptorValue/></Descriptor><StartDate/><EndDate/></ActualResult></MeasurementInstance><OtherInformation/></PerformanceIndicator></Objective></Goal><Goal><Name>Standards Accessibility</Name><Description>3D PDF, PDF and ECM Standards Everywhere</Description><Identifier>_971e55c6-dedd-11e8-8650-9e39c0cc2f93</Identifier><SequenceIndicator>2</SequenceIndicator><Stakeholder><Name>[To be named]</Name><Description/><Role><Name>[To be named]</Name><Description/></Role></Stakeholder><OtherInformation/><Objective><Name>Customer Needs</Name><Description>Identify customer needs in these areas</Description><Identifier>_971e56b6-dedd-11e8-8650-9e39c0cc2f93</Identifier><SequenceIndicator>2.1</SequenceIndicator><Stakeholder><Name>[To be named]</Name><Description/><Role><Name>[To be named]</Name><Description/></Role></Stakeholder><OtherInformation/><PerformanceIndicator ><SequenceIndicator/><MeasurementDimension/><UnitOfMeasurement/><Identifier>_2b35c182-dee2-11e8-bae6-07cc5fbabdf6</Identifier><Relationship><Identifier>_d7697386-dedd-11e8-856e-8a805fbabdf6</Identifier><ReferentIdentifier/><Name/><Description/></Relationship><MeasurementInstance><TargetResult><Description>[To be described]</Description><Descriptor><DescriptorName/><DescriptorValue/></Descriptor><StartDate/><EndDate/></TargetResult><ActualResult><Description>[To be determined]</Description><Descriptor><DescriptorName/><DescriptorValue/></Descriptor><StartDate/><EndDate/></ActualResult></MeasurementInstance><OtherInformation/></PerformanceIndicator></Objective><Objective><Name>Content</Name><Description>Identify and develop complementary content (tools, checklists, etc.) for the standards in collaboration with other relevant organizations</Description><Identifier>_971e5760-dedd-11e8-8650-9e39c0cc2f93</Identifier><SequenceIndicator>2.2</SequenceIndicator><Stakeholder><Name>[To be named]</Name><Description/><Role><Name>[To be named]</Name><Description/></Role></Stakeholder><OtherInformation/><PerformanceIndicator ><SequenceIndicator/><MeasurementDimension/><UnitOfMeasurement/><Identifier>_2b35c308-dee2-11e8-bae6-07cc5fbabdf6</Identifier><Relationship><Identifier>_d7697386-dedd-11e8-856e-8a805fbabdf6</Identifier><ReferentIdentifier/><Name/><Description/></Relationship><MeasurementInstance><TargetResult><Description>[To be described]</Description><Descriptor><DescriptorName/><DescriptorValue/></Descriptor><StartDate/><EndDate/></TargetResult><ActualResult><Description>[To be determined]</Description><Descriptor><DescriptorName/><DescriptorValue/></Descriptor><StartDate/><EndDate/></ActualResult></MeasurementInstance><OtherInformation/></PerformanceIndicator></Objective></Goal><Goal><Name>Life Cycle</Name><Description>Determine ongoing life of PDF standards</Description><Identifier>_971e5800-dedd-11e8-8650-9e39c0cc2f93</Identifier><SequenceIndicator>3</SequenceIndicator><Stakeholder><Name>[To be named]</Name><Description/><Role><Name>[To be named]</Name><Description/></Role></Stakeholder><OtherInformation/><Objective><Name>Survey</Name><Description>Conduct survey (ask vendors to help promote the survey) to determine what else can be standardized</Description><Identifier>_971e58b4-dedd-11e8-8650-9e39c0cc2f93</Identifier><SequenceIndicator>3.1</SequenceIndicator><Stakeholder><Name>[To be named]</Name><Description/><Role><Name>[To be named]</Name><Description/></Role></Stakeholder><OtherInformation/><PerformanceIndicator ><SequenceIndicator/><MeasurementDimension/><UnitOfMeasurement/><Identifier>_2b35c498-dee2-11e8-bae6-07cc5fbabdf6</Identifier><Relationship><Identifier>_d7697386-dedd-11e8-856e-8a805fbabdf6</Identifier><ReferentIdentifier/><Name/><Description/></Relationship><MeasurementInstance><TargetResult><Description>[To be described]</Description><Descriptor><DescriptorName/><DescriptorValue/></Descriptor><StartDate/><EndDate/></TargetResult><ActualResult><Description>[To be determined]</Description><Descriptor><DescriptorName/><DescriptorValue/></Descriptor><StartDate/><EndDate/></ActualResult></MeasurementInstance><OtherInformation/></PerformanceIndicator></Objective><Objective><Name>Focus Group</Name><Description>Hold PDF focus group to determine standardization opportunities</Description><Identifier>_971e595e-dedd-11e8-8650-9e39c0cc2f93</Identifier><SequenceIndicator>3.2</SequenceIndicator><Stakeholder><Name>[To be named]</Name><Description/><Role><Name>[To be named]</Name><Description/></Role></Stakeholder><OtherInformation/><PerformanceIndicator ><SequenceIndicator/><MeasurementDimension/><UnitOfMeasurement/><Identifier>_2b35c7ae-dee2-11e8-bae6-07cc5fbabdf6</Identifier><Relationship><Identifier>_d7697386-dedd-11e8-856e-8a805fbabdf6</Identifier><ReferentIdentifier/><Name/><Description/></Relationship><MeasurementInstance><TargetResult><Description>[To be described]</Description><Descriptor><DescriptorName/><DescriptorValue/></Descriptor><StartDate/><EndDate/></TargetResult><ActualResult><Description>[To be determined]</Description><Descriptor><DescriptorName/><DescriptorValue/></Descriptor><StartDate/><EndDate/></ActualResult></MeasurementInstance><OtherInformation/></PerformanceIndicator></Objective><Objective><Name>Call for Participation</Name><Description>Place a call out via the community mechanisms to get focus group members</Description><Identifier>_971e5a08-dedd-11e8-8650-9e39c0cc2f93</Identifier><SequenceIndicator>3.2.1</SequenceIndicator><Stakeholder><Name>[To be named]</Name><Description/><Role><Name>[To be named]</Name><Description/></Role></Stakeholder><OtherInformation/><PerformanceIndicator ><SequenceIndicator/><MeasurementDimension/><UnitOfMeasurement/><Identifier>_2b35c95c-dee2-11e8-bae6-07cc5fbabdf6</Identifier><Relationship><Identifier>_d7697386-dedd-11e8-856e-8a805fbabdf6</Identifier><ReferentIdentifier/><Name/><Description/></Relationship><MeasurementInstance><TargetResult><Description>[To be described]</Description><Descriptor><DescriptorName/><DescriptorValue/></Descriptor><StartDate/><EndDate/></TargetResult><ActualResult><Description>[To be determined]</Description><Descriptor><DescriptorName/><DescriptorValue/></Descriptor><StartDate/><EndDate/></ActualResult></MeasurementInstance><OtherInformation/></PerformanceIndicator></Objective><Objective><Name>Generic PDF</Name><Description>Conduct a generic focus call</Description><Identifier>_971e5aa8-dedd-11e8-8650-9e39c0cc2f93</Identifier><SequenceIndicator>3.2.2</SequenceIndicator><Stakeholder><Name>[To be named]</Name><Description/><Role><Name>[To be named]</Name><Description/></Role></Stakeholder><OtherInformation/><PerformanceIndicator ><SequenceIndicator/><MeasurementDimension/><UnitOfMeasurement/><Identifier>_2b35cb00-dee2-11e8-bae6-07cc5fbabdf6</Identifier><Relationship><Identifier>_d7697386-dedd-11e8-856e-8a805fbabdf6</Identifier><ReferentIdentifier/><Name/><Description/></Relationship><MeasurementInstance><TargetResult><Description>[To be described]</Description><Descriptor><DescriptorName/><DescriptorValue/></Descriptor><StartDate/><EndDate/></TargetResult><ActualResult><Description>[To be determined]</Description><Descriptor><DescriptorName/><DescriptorValue/></Descriptor><StartDate/><EndDate/></ActualResult></MeasurementInstance><OtherInformation/></PerformanceIndicator></Objective><Objective><Name>Sub-set Standards</Name><Description>Schedule focus calls specific to the sub-set PDF standards</Description><Identifier>_971e5b84-dedd-11e8-8650-9e39c0cc2f93</Identifier><SequenceIndicator>3.2.3</SequenceIndicator><Stakeholder><Name>[To be named]</Name><Description/><Role><Name>[To be named]</Name><Description/></Role></Stakeholder><OtherInformation/><PerformanceIndicator ><SequenceIndicator/><MeasurementDimension/><UnitOfMeasurement/><Identifier>_2b35cca4-dee2-11e8-bae6-07cc5fbabdf6</Identifier><Relationship><Identifier>_d7697386-dedd-11e8-856e-8a805fbabdf6</Identifier><ReferentIdentifier/><Name/><Description/></Relationship><MeasurementInstance><TargetResult><Description>[To be described]</Description><Descriptor><DescriptorName/><DescriptorValue/></Descriptor><StartDate/><EndDate/></TargetResult><ActualResult><Description>[To be determined]</Description><Descriptor><DescriptorName/><DescriptorValue/></Descriptor><StartDate/><EndDate/></ActualResult></MeasurementInstance><OtherInformation/></PerformanceIndicator></Objective><Objective><Name>Engineering</Name><Description>Promote 3D PDF as the format for 3D engineering applications</Description><Identifier>_971e5c24-dedd-11e8-8650-9e39c0cc2f93</Identifier><SequenceIndicator>3.2.4</SequenceIndicator><Stakeholder><Name>[To be named]</Name><Description/><Role><Name>[To be named]</Name><Description/></Role></Stakeholder><OtherInformation/><PerformanceIndicator ><SequenceIndicator/><MeasurementDimension/><UnitOfMeasurement/><Identifier>_2b35ce5c-dee2-11e8-bae6-07cc5fbabdf6</Identifier><Relationship><Identifier>_d7697386-dedd-11e8-856e-8a805fbabdf6</Identifier><ReferentIdentifier/><Name/><Description/></Relationship><MeasurementInstance><TargetResult><Description>[To be described]</Description><Descriptor><DescriptorName/><DescriptorValue/></Descriptor><StartDate/><EndDate/></TargetResult><ActualResult><Description>[To be determined]</Description><Descriptor><DescriptorName/><DescriptorValue/></Descriptor><StartDate/><EndDate/></ActualResult></MeasurementInstance><OtherInformation/></PerformanceIndicator></Objective></Goal><Goal><Name>KPIs</Name><Description>Identify the KPIs that should be followed and reported upon</Description><Identifier>_971e5cce-dedd-11e8-8650-9e39c0cc2f93</Identifier><SequenceIndicator>4</SequenceIndicator><Stakeholder><Name>[To be named]</Name><Description/><Role><Name>[To be named]</Name><Description/></Role></Stakeholder><OtherInformation/><Objective><Name>Views &amp; Downloads</Name><Description>Determine the number of downloads/views of standards</Description><Identifier>_971e5d82-dedd-11e8-8650-9e39c0cc2f93</Identifier><SequenceIndicator>4.1</SequenceIndicator><Stakeholder><Name>[To be named]</Name><Description/><Role><Name>[To be named]</Name><Description/></Role></Stakeholder><OtherInformation/><PerformanceIndicator ><SequenceIndicator/><MeasurementDimension/><UnitOfMeasurement/><Identifier>_2b35d00a-dee2-11e8-bae6-07cc5fbabdf6</Identifier><Relationship><Identifier>_d7697386-dedd-11e8-856e-8a805fbabdf6</Identifier><ReferentIdentifier/><Name/><Description/></Relationship><MeasurementInstance><TargetResult><Description>[To be described]</Description><Descriptor><DescriptorName/><DescriptorValue/></Descriptor><StartDate/><EndDate/></TargetResult><ActualResult><Description>[To be determined]</Description><Descriptor><DescriptorName/><DescriptorValue/></Descriptor><StartDate/><EndDate/></ActualResult></MeasurementInstance><OtherInformation/></PerformanceIndicator></Objective><Objective><Name>Time Spent</Name><Description>Determine time spent on the website</Description><Identifier>_971e5e36-dedd-11e8-8650-9e39c0cc2f93</Identifier><SequenceIndicator>4.2</SequenceIndicator><Stakeholder><Name>[To be named]</Name><Description/><Role><Name>[To be named]</Name><Description/></Role></Stakeholder><OtherInformation/><PerformanceIndicator ><SequenceIndicator/><MeasurementDimension/><UnitOfMeasurement/><Identifier>_2b35d1c2-dee2-11e8-bae6-07cc5fbabdf6</Identifier><Relationship><Identifier>_d7697386-dedd-11e8-856e-8a805fbabdf6</Identifier><ReferentIdentifier/><Name/><Description/></Relationship><MeasurementInstance><TargetResult><Description>[To be described]</Description><Descriptor><DescriptorName/><DescriptorValue/></Descriptor><StartDate/><EndDate/></TargetResult><ActualResult><Description>[To be determined]</Description><Descriptor><DescriptorName/><DescriptorValue/></Descriptor><StartDate/><EndDate/></ActualResult></MeasurementInstance><OtherInformation/></PerformanceIndicator></Objective></Goal><Goal><Name>Standards &amp; Best Practices</Name><Description>Become the premier document/content, information management, engineering standards and best practices developer to help organizations transform their businesses </Description><Identifier>_971e5ed6-dedd-11e8-8650-9e39c0cc2f93</Identifier><SequenceIndicator>5</SequenceIndicator><Stakeholder><Name>[To be named]</Name><Description/><Role><Name>[To be named]</Name><Description/></Role></Stakeholder><OtherInformation/><Objective><Name>ANSI Accreditation</Name><Description>Obtain ANSI Accreditation of the program</Description><Identifier>_971e5f94-dedd-11e8-8650-9e39c0cc2f93</Identifier><SequenceIndicator>5.1</SequenceIndicator><Stakeholder><Name>[To be named]</Name><Description/><Role><Name>[To be named]</Name><Description/></Role></Stakeholder><OtherInformation/><PerformanceIndicator ><SequenceIndicator/><MeasurementDimension/><UnitOfMeasurement/><Identifier>_2b35d37a-dee2-11e8-bae6-07cc5fbabdf6</Identifier><Relationship><Identifier>_d7697386-dedd-11e8-856e-8a805fbabdf6</Identifier><ReferentIdentifier/><Name/><Description/></Relationship><MeasurementInstance><TargetResult><Description>[To be described]</Description><Descriptor><DescriptorName/><DescriptorValue/></Descriptor><StartDate/><EndDate/></TargetResult><ActualResult><Description>[To be determined]</Description><Descriptor><DescriptorName/><DescriptorValue/></Descriptor><StartDate/><EndDate/></ActualResult></MeasurementInstance><OtherInformation/></PerformanceIndicator></Objective><Objective><Name>Funding</Name><Description>Secure funding to cover application fee and ongoing fees</Description><Identifier>_971e603e-dedd-11e8-8650-9e39c0cc2f93</Identifier><SequenceIndicator>5.1.1</SequenceIndicator><Stakeholder><Name>[To be named]</Name><Description/><Role><Name>[To be named]</Name><Description/></Role></Stakeholder><OtherInformation/><PerformanceIndicator ><SequenceIndicator/><MeasurementDimension/><UnitOfMeasurement/><Identifier>_2b35d53c-dee2-11e8-bae6-07cc5fbabdf6</Identifier><Relationship><Identifier>_d7697386-dedd-11e8-856e-8a805fbabdf6</Identifier><ReferentIdentifier/><Name/><Description/></Relationship><MeasurementInstance><TargetResult><Description>[To be described]</Description><Descriptor><DescriptorName/><DescriptorValue/></Descriptor><StartDate/><EndDate/></TargetResult><ActualResult><Description>[To be determined]</Description><Descriptor><DescriptorName/><DescriptorValue/></Descriptor><StartDate/><EndDate/></ActualResult></MeasurementInstance><OtherInformation/></PerformanceIndicator></Objective><Objective><Name>Approval</Name><Description>Gain approval of the procedures</Description><Identifier>_971e60f2-dedd-11e8-8650-9e39c0cc2f93</Identifier><SequenceIndicator>5.1.2</SequenceIndicator><Stakeholder><Name>[To be named]</Name><Description/><Role><Name>[To be named]</Name><Description/></Role></Stakeholder><OtherInformation/><PerformanceIndicator ><SequenceIndicator/><MeasurementDimension/><UnitOfMeasurement/><Identifier>_2b35d7b2-dee2-11e8-bae6-07cc5fbabdf6</Identifier><Relationship><Identifier>_d7697386-dedd-11e8-856e-8a805fbabdf6</Identifier><ReferentIdentifier/><Name/><Description/></Relationship><MeasurementInstance><TargetResult><Description>[To be described]</Description><Descriptor><DescriptorName/><DescriptorValue/></Descriptor><StartDate/><EndDate/></TargetResult><ActualResult><Description>[To be determined]</Description><Descriptor><DescriptorName/><DescriptorValue/></Descriptor><StartDate/><EndDate/></ActualResult></MeasurementInstance><OtherInformation/></PerformanceIndicator></Objective><Objective><Name>Application</Name><Description>Submit application, fee and procedures to ANSI</Description><Identifier>_971e61b0-dedd-11e8-8650-9e39c0cc2f93</Identifier><SequenceIndicator>5.1.3</SequenceIndicator><Stakeholder><Name>[To be named]</Name><Description/><Role><Name>[To be named]</Name><Description/></Role></Stakeholder><OtherInformation/><PerformanceIndicator ><SequenceIndicator/><MeasurementDimension/><UnitOfMeasurement/><Identifier>_2b35d992-dee2-11e8-bae6-07cc5fbabdf6</Identifier><Relationship><Identifier>_d7697386-dedd-11e8-856e-8a805fbabdf6</Identifier><ReferentIdentifier/><Name/><Description/></Relationship><MeasurementInstance><TargetResult><Description>[To be described]</Description><Descriptor><DescriptorName/><DescriptorValue/></Descriptor><StartDate/><EndDate/></TargetResult><ActualResult><Description>[To be determined]</Description><Descriptor><DescriptorName/><DescriptorValue/></Descriptor><StartDate/><EndDate/></ActualResult></MeasurementInstance><OtherInformation/></PerformanceIndicator></Objective><Objective><Name>Announcement</Name><Description>Issue press release when accreditation is obtained</Description><Identifier>_971e6264-dedd-11e8-8650-9e39c0cc2f93</Identifier><SequenceIndicator>5.1.4</SequenceIndicator><Stakeholder><Name>[To be named]</Name><Description/><Role><Name>[To be named]</Name><Description/></Role></Stakeholder><OtherInformation/><PerformanceIndicator ><SequenceIndicator/><MeasurementDimension/><UnitOfMeasurement/><Identifier>_2b35e0fe-dee2-11e8-bae6-07cc5fbabdf6</Identifier><Relationship><Identifier>_d7697386-dedd-11e8-856e-8a805fbabdf6</Identifier><ReferentIdentifier/><Name/><Description/></Relationship><MeasurementInstance><TargetResult><Description>[To be described]</Description><Descriptor><DescriptorName/><DescriptorValue/></Descriptor><StartDate/><EndDate/></TargetResult><ActualResult><Description>[To be determined]</Description><Descriptor><DescriptorName/><DescriptorValue/></Descriptor><StartDate/><EndDate/></ActualResult></MeasurementInstance><OtherInformation/></PerformanceIndicator></Objective><Objective><Name>Adaptation</Name><Description>Adopt former ANSI/AIIM standards to be ANSI/3DPC standards</Description><Identifier>_971e6318-dedd-11e8-8650-9e39c0cc2f93</Identifier><SequenceIndicator>5.2</SequenceIndicator><Stakeholder><Name>[To be named]</Name><Description/><Role><Name>[To be named]</Name><Description/></Role></Stakeholder><OtherInformation/><PerformanceIndicator ><SequenceIndicator/><MeasurementDimension/><UnitOfMeasurement/><Identifier>_2b35e2d4-dee2-11e8-bae6-07cc5fbabdf6</Identifier><Relationship><Identifier>_d7697386-dedd-11e8-856e-8a805fbabdf6</Identifier><ReferentIdentifier/><Name/><Description/></Relationship><MeasurementInstance><TargetResult><Description>[To be described]</Description><Descriptor><DescriptorName/><DescriptorValue/></Descriptor><StartDate/><EndDate/></TargetResult><ActualResult><Description>[To be determined]</Description><Descriptor><DescriptorName/><DescriptorValue/></Descriptor><StartDate/><EndDate/></ActualResult></MeasurementInstance><OtherInformation/></PerformanceIndicator></Objective><Objective><Name>ISO Standards</Name><Description>File for adopting ISO standards (14289-1, 19005 Family, 32000 Family, 14739 PRC family, 17469 StratML Family and 18565 AFP Family)</Description><Identifier>_971e63e0-dedd-11e8-8650-9e39c0cc2f93</Identifier><SequenceIndicator>5.2.1</SequenceIndicator><Stakeholder StakeholderTypeType="Organization"><Name>ISO</Name><Description/><Role><Name>[To be named]</Name><Description/></Role></Stakeholder><OtherInformation/><PerformanceIndicator ><SequenceIndicator/><MeasurementDimension/><UnitOfMeasurement/><Identifier>_2b35e4be-dee2-11e8-bae6-07cc5fbabdf6</Identifier><Relationship><Identifier>_d7697386-dedd-11e8-856e-8a805fbabdf6</Identifier><ReferentIdentifier/><Name/><Description/></Relationship><MeasurementInstance><TargetResult><Description>[To be described]</Description><Descriptor><DescriptorName/><DescriptorValue/></Descriptor><StartDate/><EndDate/></TargetResult><ActualResult><Description>[To be determined]</Description><Descriptor><DescriptorName/><DescriptorValue/></Descriptor><StartDate/><EndDate/></ActualResult></MeasurementInstance><OtherInformation/></PerformanceIndicator></Objective><Objective><Name>19005 Series</Name><Description>Negotiate MoU with NPES for 19005 family</Description><Identifier>_971e6494-dedd-11e8-8650-9e39c0cc2f93</Identifier><SequenceIndicator>5.2.2</SequenceIndicator><Stakeholder StakeholderTypeType="Organization"><Name>NPES</Name><Description/><Role><Name>[To be named]</Name><Description/></Role></Stakeholder><OtherInformation/><PerformanceIndicator ><SequenceIndicator/><MeasurementDimension/><UnitOfMeasurement/><Identifier>_2b35e6a8-dee2-11e8-bae6-07cc5fbabdf6</Identifier><Relationship><Identifier>_d7697386-dedd-11e8-856e-8a805fbabdf6</Identifier><ReferentIdentifier/><Name/><Description/></Relationship><MeasurementInstance><TargetResult><Description>[To be described]</Description><Descriptor><DescriptorName/><DescriptorValue/></Descriptor><StartDate/><EndDate/></TargetResult><ActualResult><Description>[To be determined]</Description><Descriptor><DescriptorName/><DescriptorValue/></Descriptor><StartDate/><EndDate/></ActualResult></MeasurementInstance><OtherInformation/></PerformanceIndicator></Objective><Objective><Name>ANSI Resales</Name><Description>Enter into reseller agreement with ANSI for nationally adopted standards</Description><Identifier>_971e6552-dedd-11e8-8650-9e39c0cc2f93</Identifier><SequenceIndicator>5.2.3</SequenceIndicator><Stakeholder StakeholderTypeType="Organization"><Name>ANSI</Name><Description/><Role><Name>[To be named]</Name><Description/></Role></Stakeholder><OtherInformation/><PerformanceIndicator ><SequenceIndicator/><MeasurementDimension/><UnitOfMeasurement/><Identifier>_2b35e892-dee2-11e8-bae6-07cc5fbabdf6</Identifier><Relationship><Identifier>_d7697386-dedd-11e8-856e-8a805fbabdf6</Identifier><ReferentIdentifier/><Name/><Description/></Relationship><MeasurementInstance><TargetResult><Description>[To be described]</Description><Descriptor><DescriptorName/><DescriptorValue/></Descriptor><StartDate/><EndDate/></TargetResult><ActualResult><Description>[To be determined]</Description><Descriptor><DescriptorName/><DescriptorValue/></Descriptor><StartDate/><EndDate/></ActualResult></MeasurementInstance><OtherInformation/></PerformanceIndicator></Objective></Goal><Goal><Name>Participation</Name><Description>Strengthen participation of interest groups</Description><Identifier>_971e6692-dedd-11e8-8650-9e39c0cc2f93</Identifier><SequenceIndicator>6</SequenceIndicator><Stakeholder><Name>[To be named]</Name><Description/><Role><Name>[To be named]</Name><Description/></Role></Stakeholder><OtherInformation/><Objective><Name>Government Agencies</Name><Description>Promote participation of government at all levels of the program – Government, including local government at the county level, accounts for many users and consumers of technology</Description><Identifier>_971e6750-dedd-11e8-8650-9e39c0cc2f93</Identifier><SequenceIndicator>6.1</SequenceIndicator><Stakeholder StakeholderTypeType="Generic_Group"><Name>Government Agencies</Name><Description/><Role><Name>[To be named]</Name><Description/></Role></Stakeholder><OtherInformation/><PerformanceIndicator ><SequenceIndicator/><MeasurementDimension/><UnitOfMeasurement/><Identifier>_2b35ea7c-dee2-11e8-bae6-07cc5fbabdf6</Identifier><Relationship><Identifier>_d7697386-dedd-11e8-856e-8a805fbabdf6</Identifier><ReferentIdentifier/><Name/><Description/></Relationship><MeasurementInstance><TargetResult><Description>[To be described]</Description><Descriptor><DescriptorName/><DescriptorValue/></Descriptor><StartDate/><EndDate/></TargetResult><ActualResult><Description>[To be determined]</Description><Descriptor><DescriptorName/><DescriptorValue/></Descriptor><StartDate/><EndDate/></ActualResult></MeasurementInstance><OtherInformation/></PerformanceIndicator></Objective><Objective><Name>Local Governments</Name><Description>Reach out to local government through the various organizations that local officials typically belong to</Description><Identifier>_971e680e-dedd-11e8-8650-9e39c0cc2f93</Identifier><SequenceIndicator>6.1.1</SequenceIndicator><Stakeholder StakeholderTypeType="Generic_Group"><Name>Local Governments</Name><Description/><Role><Name>[To be named]</Name><Description/></Role></Stakeholder><Stakeholder StakeholderTypeType="Generic_Group"><Name>Local Officials</Name><Description/><Role><Name>[To be named]</Name><Description/></Role></Stakeholder><Stakeholder StakeholderTypeType="Generic_Group"><Name>Local Government Associations</Name><Description/><Role><Name>[To be named]</Name><Description/></Role></Stakeholder><OtherInformation/><PerformanceIndicator ><SequenceIndicator/><MeasurementDimension/><UnitOfMeasurement/><Identifier>_2b35ec70-dee2-11e8-bae6-07cc5fbabdf6</Identifier><Relationship><Identifier>_d7697386-dedd-11e8-856e-8a805fbabdf6</Identifier><ReferentIdentifier/><Name/><Description/></Relationship><MeasurementInstance><TargetResult><Description>[To be described]</Description><Descriptor><DescriptorName/><DescriptorValue/></Descriptor><StartDate/><EndDate/></TargetResult><ActualResult><Description>[To be determined]</Description><Descriptor><DescriptorName/><DescriptorValue/></Descriptor><StartDate/><EndDate/></ActualResult></MeasurementInstance><OtherInformation/></PerformanceIndicator></Objective><Objective><Name>Knowledge-Base</Name><Description>Leverage the knowledge-base from the U.S. Government in the development of standards and best practices</Description><Identifier>_971e68e0-dedd-11e8-8650-9e39c0cc2f93</Identifier><SequenceIndicator>6.1.2</SequenceIndicator><Stakeholder StakeholderTypeType="Organization"><Name>U.S. Government</Name><Description/><Role><Name>[To be named]</Name><Description/></Role></Stakeholder><OtherInformation/><PerformanceIndicator ><SequenceIndicator/><MeasurementDimension/><UnitOfMeasurement/><Identifier>_2b35efa4-dee2-11e8-bae6-07cc5fbabdf6</Identifier><Relationship><Identifier>_d7697386-dedd-11e8-856e-8a805fbabdf6</Identifier><ReferentIdentifier/><Name/><Description/></Relationship><MeasurementInstance><TargetResult><Description>[To be described]</Description><Descriptor><DescriptorName/><DescriptorValue/></Descriptor><StartDate/><EndDate/></TargetResult><ActualResult><Description>[To be determined]</Description><Descriptor><DescriptorName/><DescriptorValue/></Descriptor><StartDate/><EndDate/></ActualResult></MeasurementInstance><OtherInformation/></PerformanceIndicator></Objective><Objective><Name>Announcements &amp; Blogs</Name><Description>Post announcements and general blog posts in AIIM Community and on LinkedIn and Tweet making sure the 3D PDF Consortium’s hashtag is always used</Description><Identifier>_971e69a8-dedd-11e8-8650-9e39c0cc2f93</Identifier><SequenceIndicator>6.2</SequenceIndicator><Stakeholder StakeholderTypeType="Organization"><Name>[To be named]</Name><Description/><Role><Name>[To be named]</Name><Description/></Role></Stakeholder><OtherInformation/><PerformanceIndicator ><SequenceIndicator/><MeasurementDimension/><UnitOfMeasurement/><Identifier>_2b35f1a2-dee2-11e8-bae6-07cc5fbabdf6</Identifier><Relationship><Identifier>_d7697386-dedd-11e8-856e-8a805fbabdf6</Identifier><ReferentIdentifier/><Name/><Description/></Relationship><MeasurementInstance><TargetResult><Description>[To be described]</Description><Descriptor><DescriptorName/><DescriptorValue/></Descriptor><StartDate/><EndDate/></TargetResult><ActualResult><Description>[To be determined]</Description><Descriptor><DescriptorName/><DescriptorValue/></Descriptor><StartDate/><EndDate/></ActualResult></MeasurementInstance><OtherInformation/></PerformanceIndicator></Objective><Objective><Name>Scheduling</Name><Description>Determine a schedule for posts (understanding that the schedule may change due to project issues)</Description><Identifier>_971e6a70-dedd-11e8-8650-9e39c0cc2f93</Identifier><SequenceIndicator>6.2.1</SequenceIndicator><Stakeholder StakeholderTypeType="Organization"><Name>[To be named]</Name><Description/><Role><Name>[To be named]</Name><Description/></Role></Stakeholder><OtherInformation/><PerformanceIndicator ><SequenceIndicator/><MeasurementDimension/><UnitOfMeasurement/><Identifier>_2b35f3b4-dee2-11e8-bae6-07cc5fbabdf6</Identifier><Relationship><Identifier>_d7697386-dedd-11e8-856e-8a805fbabdf6</Identifier><ReferentIdentifier/><Name/><Description/></Relationship><MeasurementInstance><TargetResult><Description>[To be described]</Description><Descriptor><DescriptorName/><DescriptorValue/></Descriptor><StartDate/><EndDate/></TargetResult><ActualResult><Description>[To be determined]</Description><Descriptor><DescriptorName/><DescriptorValue/></Descriptor><StartDate/><EndDate/></ActualResult></MeasurementInstance><OtherInformation/></PerformanceIndicator></Objective><Objective><Name>Other Outlets</Name><Description>Identify other appropriate sites and LinkedIn groups to post within Invite Consortium Company members at all levels to invite 2-3 of their customers to attend a meeting</Description><Identifier>_971e6b42-dedd-11e8-8650-9e39c0cc2f93</Identifier><SequenceIndicator>6.2.2</SequenceIndicator><Stakeholder StakeholderTypeType="Organization"><Name>[To be named]</Name><Description/><Role><Name>[To be named]</Name><Description/></Role></Stakeholder><OtherInformation/><PerformanceIndicator ><SequenceIndicator/><MeasurementDimension/><UnitOfMeasurement/><Identifier>_2b35f5bc-dee2-11e8-bae6-07cc5fbabdf6</Identifier><Relationship><Identifier>_d7697386-dedd-11e8-856e-8a805fbabdf6</Identifier><ReferentIdentifier/><Name/><Description/></Relationship><MeasurementInstance><TargetResult><Description>[To be described]</Description><Descriptor><DescriptorName/><DescriptorValue/></Descriptor><StartDate/><EndDate/></TargetResult><ActualResult><Description>[To be determined]</Description><Descriptor><DescriptorName/><DescriptorValue/></Descriptor><StartDate/><EndDate/></ActualResult></MeasurementInstance><OtherInformation/></PerformanceIndicator></Objective><Objective><Name>Meetings</Name><Description>Invite Consortium Company members at all levels to invite 2-3 of their customers to attend a meeting</Description><Identifier>_971e6c14-dedd-11e8-8650-9e39c0cc2f93</Identifier><SequenceIndicator>6.3</SequenceIndicator><Stakeholder StakeholderTypeType="Generic_Group"><Name>3D PDF Consortium Members</Name><Description/><Role><Name>[To be named]</Name><Description/></Role></Stakeholder><OtherInformation/><PerformanceIndicator ><SequenceIndicator/><MeasurementDimension/><UnitOfMeasurement/><Identifier>_2b35f7ce-dee2-11e8-bae6-07cc5fbabdf6</Identifier><Relationship><Identifier>_d7697386-dedd-11e8-856e-8a805fbabdf6</Identifier><ReferentIdentifier/><Name/><Description/></Relationship><MeasurementInstance><TargetResult><Description>[To be described]</Description><Descriptor><DescriptorName/><DescriptorValue/></Descriptor><StartDate/><EndDate/></TargetResult><ActualResult><Description>[To be determined]</Description><Descriptor><DescriptorName/><DescriptorValue/></Descriptor><StartDate/><EndDate/></ActualResult></MeasurementInstance><OtherInformation/></PerformanceIndicator></Objective><Objective><Name>Guidance</Name><Description>Draft a ‘bring a member’ guidance </Description><Identifier>_971e6cdc-dedd-11e8-8650-9e39c0cc2f93</Identifier><SequenceIndicator>6.3.1</SequenceIndicator><Stakeholder StakeholderTypeType="Generic_Group"><Name>[To be named]</Name><Description/><Role><Name>[To be named]</Name><Description/></Role></Stakeholder><OtherInformation/><PerformanceIndicator ><SequenceIndicator/><MeasurementDimension/><UnitOfMeasurement/><Identifier>_2b35f9e0-dee2-11e8-bae6-07cc5fbabdf6</Identifier><Relationship><Identifier>_d7697386-dedd-11e8-856e-8a805fbabdf6</Identifier><ReferentIdentifier/><Name/><Description/></Relationship><MeasurementInstance><TargetResult><Description>[To be described]</Description><Descriptor><DescriptorName/><DescriptorValue/></Descriptor><StartDate/><EndDate/></TargetResult><ActualResult><Description>[To be determined]</Description><Descriptor><DescriptorName/><DescriptorValue/></Descriptor><StartDate/><EndDate/></ActualResult></MeasurementInstance><OtherInformation/></PerformanceIndicator></Objective><Objective><Name>Individuals</Name><Description>Extend to include individual, end user members to invite their colleagues to the meetings.</Description><Identifier>_971e6dc2-dedd-11e8-8650-9e39c0cc2f93</Identifier><SequenceIndicator>6.3.2</SequenceIndicator><Stakeholder StakeholderTypeType="Generic_Group"><Name>[To be named]</Name><Description/><Role><Name>[To be named]</Name><Description/></Role></Stakeholder><OtherInformation/><PerformanceIndicator ><SequenceIndicator/><MeasurementDimension/><UnitOfMeasurement/><Identifier>_2b35fbfc-dee2-11e8-bae6-07cc5fbabdf6</Identifier><Relationship><Identifier>_d7697386-dedd-11e8-856e-8a805fbabdf6</Identifier><ReferentIdentifier/><Name/><Description/></Relationship><MeasurementInstance><TargetResult><Description>[To be described]</Description><Descriptor><DescriptorName/><DescriptorValue/></Descriptor><StartDate/><EndDate/></TargetResult><ActualResult><Description>[To be determined]</Description><Descriptor><DescriptorName/><DescriptorValue/></Descriptor><StartDate/><EndDate/></ActualResult></MeasurementInstance><OtherInformation/></PerformanceIndicator></Objective></Goal><Goal><Name>Promotion</Name><Description>Promote standards work and cooperation</Description><Identifier>_971e6e94-dedd-11e8-8650-9e39c0cc2f93</Identifier><SequenceIndicator>7</SequenceIndicator><Stakeholder><Name>[To be named]</Name><Description/><Role><Name>[To be named]</Name><Description/></Role></Stakeholder><OtherInformation/><Objective><Name>Blogs</Name><Description>Provide regular blog posts on AIIM Community, LinkedIn and other places</Description><Identifier>_971e6f66-dedd-11e8-8650-9e39c0cc2f93</Identifier><SequenceIndicator>7.1</SequenceIndicator><Stakeholder StakeholderTypeType="Generic_Group"><Name>[To be named]</Name><Description/><Role><Name>[To be named]</Name><Description/></Role></Stakeholder><OtherInformation/><PerformanceIndicator ><SequenceIndicator/><MeasurementDimension/><UnitOfMeasurement/><Identifier>_2b35fe0e-dee2-11e8-bae6-07cc5fbabdf6</Identifier><Relationship><Identifier>_d7697386-dedd-11e8-856e-8a805fbabdf6</Identifier><ReferentIdentifier/><Name/><Description/></Relationship><MeasurementInstance><TargetResult><Description>[To be described]</Description><Descriptor><DescriptorName/><DescriptorValue/></Descriptor><StartDate/><EndDate/></TargetResult><ActualResult><Description>[To be determined]</Description><Descriptor><DescriptorName/><DescriptorValue/></Descriptor><StartDate/><EndDate/></ActualResult></MeasurementInstance><OtherInformation/></PerformanceIndicator></Objective><Objective><Name>Schedule &amp; Topics</Name><Description>Develop schedule with proposed topics</Description><Identifier>_971e7074-dedd-11e8-8650-9e39c0cc2f93</Identifier><SequenceIndicator>7.1.1</SequenceIndicator><Stakeholder StakeholderTypeType="Generic_Group"><Name>[To be named]</Name><Description/><Role><Name>[To be named]</Name><Description/></Role></Stakeholder><OtherInformation/><PerformanceIndicator ><SequenceIndicator/><MeasurementDimension/><UnitOfMeasurement/><Identifier>_2b3600d4-dee2-11e8-bae6-07cc5fbabdf6</Identifier><Relationship><Identifier>_d7697386-dedd-11e8-856e-8a805fbabdf6</Identifier><ReferentIdentifier/><Name/><Description/></Relationship><MeasurementInstance><TargetResult><Description>[To be described]</Description><Descriptor><DescriptorName/><DescriptorValue/></Descriptor><StartDate/><EndDate/></TargetResult><ActualResult><Description>[To be determined]</Description><Descriptor><DescriptorName/><DescriptorValue/></Descriptor><StartDate/><EndDate/></ActualResult></MeasurementInstance><OtherInformation/></PerformanceIndicator></Objective><Objective><Name>Articles</Name><Description>Try to get articles placed in appropriate magazine sites and related sites</Description><Identifier>_971e7146-dedd-11e8-8650-9e39c0cc2f93</Identifier><SequenceIndicator>7.1.2</SequenceIndicator><Stakeholder StakeholderTypeType="Generic_Group"><Name>[To be named]</Name><Description/><Role><Name>[To be named]</Name><Description/></Role></Stakeholder><OtherInformation/><PerformanceIndicator ><SequenceIndicator/><MeasurementDimension/><UnitOfMeasurement/><Identifier>_2b360304-dee2-11e8-bae6-07cc5fbabdf6</Identifier><Relationship><Identifier>_d7697386-dedd-11e8-856e-8a805fbabdf6</Identifier><ReferentIdentifier/><Name/><Description/></Relationship><MeasurementInstance><TargetResult><Description>[To be described]</Description><Descriptor><DescriptorName/><DescriptorValue/></Descriptor><StartDate/><EndDate/></TargetResult><ActualResult><Description>[To be determined]</Description><Descriptor><DescriptorName/><DescriptorValue/></Descriptor><StartDate/><EndDate/></ActualResult></MeasurementInstance><OtherInformation/></PerformanceIndicator></Objective><Objective><Name>Speaking Opportunities</Name><Description>Research speaking opportunities</Description><Identifier>_971e7222-dedd-11e8-8650-9e39c0cc2f93</Identifier><SequenceIndicator>7.1.3</SequenceIndicator><Stakeholder StakeholderTypeType="Generic_Group"><Name>[To be named]</Name><Description/><Role><Name>[To be named]</Name><Description/></Role></Stakeholder><OtherInformation/><PerformanceIndicator ><SequenceIndicator/><MeasurementDimension/><UnitOfMeasurement/><Identifier>_2b36052a-dee2-11e8-bae6-07cc5fbabdf6</Identifier><Relationship><Identifier>_d7697386-dedd-11e8-856e-8a805fbabdf6</Identifier><ReferentIdentifier/><Name/><Description/></Relationship><MeasurementInstance><TargetResult><Description>[To be described]</Description><Descriptor><DescriptorName/><DescriptorValue/></Descriptor><StartDate/><EndDate/></TargetResult><ActualResult><Description>[To be determined]</Description><Descriptor><DescriptorName/><DescriptorValue/></Descriptor><StartDate/><EndDate/></ActualResult></MeasurementInstance><OtherInformation/></PerformanceIndicator></Objective><Objective><Name>Speaker Scheduling</Name><Description>Schedule speaking opportunities for Consortium members</Description><Identifier>_971e7312-dedd-11e8-8650-9e39c0cc2f93</Identifier><SequenceIndicator>7.1.4</SequenceIndicator><Stakeholder StakeholderTypeType="Generic_Group"><Name>[To be named]</Name><Description/><Role><Name>[To be named]</Name><Description/></Role></Stakeholder><OtherInformation/><PerformanceIndicator ><SequenceIndicator/><MeasurementDimension/><UnitOfMeasurement/><Identifier>_2b36080e-dee2-11e8-bae6-07cc5fbabdf6</Identifier><Relationship><Identifier>_d7697386-dedd-11e8-856e-8a805fbabdf6</Identifier><ReferentIdentifier/><Name/><Description/></Relationship><MeasurementInstance><TargetResult><Description>[To be described]</Description><Descriptor><DescriptorName/><DescriptorValue/></Descriptor><StartDate/><EndDate/></TargetResult><ActualResult><Description>[To be determined]</Description><Descriptor><DescriptorName/><DescriptorValue/></Descriptor><StartDate/><EndDate/></ActualResult></MeasurementInstance><OtherInformation/></PerformanceIndicator></Objective><Objective><Name>Standards Endorsements</Name><Description>Introduce a standards endorsement program for the standard that the industry should be using by producing an abbreviated version with commentary for the industry or persona. </Description><Identifier>_971e73ee-dedd-11e8-8650-9e39c0cc2f93</Identifier><SequenceIndicator>7.1.5</SequenceIndicator><Stakeholder StakeholderTypeType="Organization"><Name>AIIM</Name><Description>Could impact AIIM.</Description><Role><Name>[To be named]</Name><Description/></Role></Stakeholder><OtherInformation/><PerformanceIndicator ><SequenceIndicator/><MeasurementDimension/><UnitOfMeasurement/><Identifier>_2b36172c-dee2-11e8-bae6-07cc5fbabdf6</Identifier><Relationship><Identifier>_d7697386-dedd-11e8-856e-8a805fbabdf6</Identifier><ReferentIdentifier/><Name/><Description/></Relationship><MeasurementInstance><TargetResult><Description>[To be described]</Description><Descriptor><DescriptorName/><DescriptorValue/></Descriptor><StartDate/><EndDate/></TargetResult><ActualResult><Description>[To be determined]</Description><Descriptor><DescriptorName/><DescriptorValue/></Descriptor><StartDate/><EndDate/></ActualResult></MeasurementInstance><OtherInformation/></PerformanceIndicator></Objective><Objective><Name>Liaisons &amp; Work Groups</Name><Description>Establish liaisons and joint working groups with appropriate organizations</Description><Identifier>_971e74ca-dedd-11e8-8650-9e39c0cc2f93</Identifier><SequenceIndicator>7.1.6</SequenceIndicator><Stakeholder StakeholderTypeType="Organization"><Name>[To be named]</Name><Description/><Role><Name>[To be named]</Name><Description/></Role></Stakeholder><OtherInformation/><PerformanceIndicator ><SequenceIndicator/><MeasurementDimension/><UnitOfMeasurement/><Identifier>_2b361984-dee2-11e8-bae6-07cc5fbabdf6</Identifier><Relationship><Identifier>_d7697386-dedd-11e8-856e-8a805fbabdf6</Identifier><ReferentIdentifier/><Name/><Description/></Relationship><MeasurementInstance><TargetResult><Description>[To be described]</Description><Descriptor><DescriptorName/><DescriptorValue/></Descriptor><StartDate/><EndDate/></TargetResult><ActualResult><Description>[To be determined]</Description><Descriptor><DescriptorName/><DescriptorValue/></Descriptor><StartDate/><EndDate/></ActualResult></MeasurementInstance><OtherInformation/></PerformanceIndicator></Objective><Objective><Name>PDF Association</Name><Description>Agree on MOU/or MOA with PDF Association</Description><Identifier>_971e75ba-dedd-11e8-8650-9e39c0cc2f93</Identifier><SequenceIndicator>7.1.7</SequenceIndicator><Stakeholder StakeholderTypeType="Organization"><Name>PDF Association</Name><Description/><Role><Name>[To be named]</Name><Description/></Role></Stakeholder><OtherInformation/><PerformanceIndicator ><SequenceIndicator/><MeasurementDimension/><UnitOfMeasurement/><Identifier>_2b362f3c-dee2-11e8-bae6-07cc5fbabdf6</Identifier><Relationship><Identifier>_d7697386-dedd-11e8-856e-8a805fbabdf6</Identifier><ReferentIdentifier/><Name/><Description/></Relationship><MeasurementInstance><TargetResult><Description>[To be described]</Description><Descriptor><DescriptorName/><DescriptorValue/></Descriptor><StartDate/><EndDate/></TargetResult><ActualResult><Description>[To be determined]</Description><Descriptor><DescriptorName/><DescriptorValue/></Descriptor><StartDate/><EndDate/></ActualResult></MeasurementInstance><OtherInformation/></PerformanceIndicator></Objective></Goal><Goal><Name>User Friendliness</Name><Description>Make standards more understandable</Description><Identifier>_971e76a0-dedd-11e8-8650-9e39c0cc2f93</Identifier><SequenceIndicator>8</SequenceIndicator><Stakeholder><Name>[To be named]</Name><Description/><Role><Name>[To be named]</Name><Description/></Role></Stakeholder><OtherInformation/><Objective><Name>User Tools</Name><Description>Draft end user tools to complement standards</Description><Identifier>_971e777c-dedd-11e8-8650-9e39c0cc2f93</Identifier><SequenceIndicator>8.1</SequenceIndicator><Stakeholder StakeholderTypeType="Organization"><Name>[To be named]</Name><Description/><Role><Name>[To be named]</Name><Description/></Role></Stakeholder><OtherInformation/><PerformanceIndicator ><SequenceIndicator/><MeasurementDimension/><UnitOfMeasurement/><Identifier>_2b363220-dee2-11e8-bae6-07cc5fbabdf6</Identifier><Relationship><Identifier>_d7697386-dedd-11e8-856e-8a805fbabdf6</Identifier><ReferentIdentifier/><Name/><Description/></Relationship><MeasurementInstance><TargetResult><Description>[To be described]</Description><Descriptor><DescriptorName/><DescriptorValue/></Descriptor><StartDate/><EndDate/></TargetResult><ActualResult><Description>[To be determined]</Description><Descriptor><DescriptorName/><DescriptorValue/></Descriptor><StartDate/><EndDate/></ActualResult></MeasurementInstance><OtherInformation/></PerformanceIndicator></Objective><Objective><Name>Personas</Name><Description>Identify the personas for our standards</Description><Identifier>_971e7876-dedd-11e8-8650-9e39c0cc2f93</Identifier><SequenceIndicator>8.2</SequenceIndicator><Stakeholder StakeholderTypeType="Organization"><Name>[To be named]</Name><Description/><Role><Name>[To be named]</Name><Description/></Role></Stakeholder><OtherInformation>Find out if the Consortium has already identified personas, if not, do the following. If so, use what was already developed. Possibly review and modify then do last item.</OtherInformation><PerformanceIndicator ><SequenceIndicator/><MeasurementDimension/><UnitOfMeasurement/><Identifier>_2b36346e-dee2-11e8-bae6-07cc5fbabdf6</Identifier><Relationship><Identifier>_d7697386-dedd-11e8-856e-8a805fbabdf6</Identifier><ReferentIdentifier/><Name/><Description/></Relationship><MeasurementInstance><TargetResult><Description>[To be described]</Description><Descriptor><DescriptorName/><DescriptorValue/></Descriptor><StartDate/><EndDate/></TargetResult><ActualResult><Description>[To be determined]</Description><Descriptor><DescriptorName/><DescriptorValue/></Descriptor><StartDate/><EndDate/></ActualResult></MeasurementInstance><OtherInformation/></PerformanceIndicator></Objective><Objective><Name>Names</Name><Description>Identify personas and name them</Description><Identifier>_971e7966-dedd-11e8-8650-9e39c0cc2f93</Identifier><SequenceIndicator>8.2.1</SequenceIndicator><Stakeholder StakeholderTypeType="Organization"><Name>[To be named]</Name><Description/><Role><Name>[To be named]</Name><Description/></Role></Stakeholder><OtherInformation/><PerformanceIndicator ><SequenceIndicator/><MeasurementDimension/><UnitOfMeasurement/><Identifier>_2b3636d0-dee2-11e8-bae6-07cc5fbabdf6</Identifier><Relationship><Identifier>_d7697386-dedd-11e8-856e-8a805fbabdf6</Identifier><ReferentIdentifier/><Name/><Description/></Relationship><MeasurementInstance><TargetResult><Description>[To be described]</Description><Descriptor><DescriptorName/><DescriptorValue/></Descriptor><StartDate/><EndDate/></TargetResult><ActualResult><Description>[To be determined]</Description><Descriptor><DescriptorName/><DescriptorValue/></Descriptor><StartDate/><EndDate/></ActualResult></MeasurementInstance><OtherInformation/></PerformanceIndicator></Objective><Objective><Name>Development &amp; Needs</Name><Description>Develop the personas and what they need from the consortium</Description><Identifier>_971e7a4c-dedd-11e8-8650-9e39c0cc2f93</Identifier><SequenceIndicator>8.2.2</SequenceIndicator><Stakeholder StakeholderTypeType="Organization"><Name>[To be named]</Name><Description/><Role><Name>[To be named]</Name><Description/></Role></Stakeholder><OtherInformation/><PerformanceIndicator ><SequenceIndicator/><MeasurementDimension/><UnitOfMeasurement/><Identifier>_2b363928-dee2-11e8-bae6-07cc5fbabdf6</Identifier><Relationship><Identifier>_d7697386-dedd-11e8-856e-8a805fbabdf6</Identifier><ReferentIdentifier/><Name/><Description/></Relationship><MeasurementInstance><TargetResult><Description>[To be described]</Description><Descriptor><DescriptorName/><DescriptorValue/></Descriptor><StartDate/><EndDate/></TargetResult><ActualResult><Description>[To be determined]</Description><Descriptor><DescriptorName/><DescriptorValue/></Descriptor><StartDate/><EndDate/></ActualResult></MeasurementInstance><OtherInformation/></PerformanceIndicator></Objective><Objective><Name>Products &amp; Projects</Name><Description>Identify products and projects for each persona</Description><Identifier>_971e7c2c-dedd-11e8-8650-9e39c0cc2f93</Identifier><SequenceIndicator>8.2.3</SequenceIndicator><Stakeholder StakeholderTypeType="Organization"><Name>[To be named]</Name><Description/><Role><Name>[To be named]</Name><Description/></Role></Stakeholder><OtherInformation/><PerformanceIndicator ><SequenceIndicator/><MeasurementDimension/><UnitOfMeasurement/><Identifier>_2b363dc4-dee2-11e8-bae6-07cc5fbabdf6</Identifier><Relationship><Identifier>_d7697386-dedd-11e8-856e-8a805fbabdf6</Identifier><ReferentIdentifier/><Name/><Description/></Relationship><MeasurementInstance><TargetResult><Description>[To be described]</Description><Descriptor><DescriptorName/><DescriptorValue/></Descriptor><StartDate/><EndDate/></TargetResult><ActualResult><Description>[To be determined]</Description><Descriptor><DescriptorName/><DescriptorValue/></Descriptor><StartDate/><EndDate/></ActualResult></MeasurementInstance><OtherInformation/></PerformanceIndicator></Objective></Goal><Goal><Name>Block Chain</Name><Description>Develop a white paper discussing use cases appropriate to the areas of information management and industrial engineering.</Description><Identifier>_971e7d6c-dedd-11e8-8650-9e39c0cc2f93</Identifier><SequenceIndicator>9</SequenceIndicator><Stakeholder><Name>[To be named]</Name><Description/><Role><Name>[To be named]</Name><Description/></Role></Stakeholder><OtherInformation>There is very little guidance on the use of Block Chain in Industrial Engineering.  </OtherInformation><Objective><Name/><Description/><Identifier>_971e7e5c-dedd-11e8-8650-9e39c0cc2f93</Identifier><SequenceIndicator/><Stakeholder StakeholderTypeType="Organization"><Name>[To be named]</Name><Description/><Role><Name>[To be named]</Name><Description/></Role></Stakeholder><OtherInformation/><PerformanceIndicator ><SequenceIndicator/><MeasurementDimension/><UnitOfMeasurement/><Identifier>_2b36403a-dee2-11e8-bae6-07cc5fbabdf6</Identifier><Relationship><Identifier>_d7697386-dedd-11e8-856e-8a805fbabdf6</Identifier><ReferentIdentifier/><Name/><Description/></Relationship><MeasurementInstance><TargetResult><Description>[To be described]</Description><Descriptor><DescriptorName/><DescriptorValue/></Descriptor><StartDate/><EndDate/></TargetResult><ActualResult><Description>[To be determined]</Description><Descriptor><DescriptorName/><DescriptorValue/></Descriptor><StartDate/><EndDate/></ActualResult></MeasurementInstance><OtherInformation/></PerformanceIndicator></Objective></Goal></StrategicPlanCore><AdministrativeInformation><Identifier>_2b3642a6-dee2-11e8-bae6-07cc5fbabdf6</Identifier><StartDate>2019-01-01</StartDate><EndDate>2021-12-31</EndDate><PublicationDate>2018-11-02</PublicationDate><Source>http://stratml.us/carmel/iso/part2/3DPDFCSPwStyle.xml</Source></AdministrativeInformation><Submitter><Identifier>_2b36474c-dee2-11e8-bae6-07cc5fbabdf6</Identifier><GivenName>Owen</GivenName><Surname>Ambur</Surname><PhoneNumber/><EmailAddress>standardsboard@3dpdfconsortium.org</EmailAddress></Submitter></PerformancePlanOrReport>