<?xml version="1.0" encoding="UTF-8"?>
<StrategicPlan xmlns="urn:ISO:std:iso:17469:tech:xsd:stratml_core" xmlns:xsi="http://www.w3.org/2001/XMLSchema-instance" xsi:schemaLocation="urn:ISO:std:iso:17469:tech:xsd:stratml_core http://xml.govwebs.net/stratml/references/StrategicPlanISOVersion20140401.xsd"><Name>Three reasons why so many Strategic Initiatives fail</Name><Description> My research shows that the traditional functional company's poor project management skills -- and the resulting difficulties in executing its strategy -- can be linked to three main obstacles [restated positively as goals in this StratML rendition]:

1. Misalignment of organizational STRUCTURE with the company’s changing reality
2. Absence of appropriate GOVERNANCE to support strategy execution
3. Lack of FOCUS</Description><OtherInformation>During the past century, companies' efforts to achieve their strategic initiatives have led to the improvement, and thus reduction, of operational work (run-the-business activities) and to an increase in projects (change-the-business activities). 

This slow but inevitable trend has had a significant impact on strategy execution. Unfortunately many companies remain ill-equipped to manage this shift. Thus, as the number of projects multiplied, the rate of strategic failures increased.</OtherInformation><StrategicPlanCore><Organization><Name>Antonio Nieto-Rodriguez</Name><Acronym>ANR</Acronym><Identifier>_b0dc0b18-ceda-11e5-9dd1-0dcb48aced81</Identifier><Description>Chairman of the Board Project Management Institute | Director Project Management Office | Professor | Author | Speaker -- 

Antonio is a visiting professor at some of the best business schools in the world, including Instituto de Empresa and Duke Corporate Education, number #1 executive education business school in the world. 

He is the author of the book on strategy execution, The Focused Organization (use the 35% discount promotional code 'G11FBM35')

He has been featured in several magazines, including The Economist, Singapore Management Institute and Strategy Business Review. 

He is an acclaimed keynote speaker (www.antonionietorodriguez.com) in large international conferences. He is part of the exclusive London Speaker Bureau. Recently he shared the stage with Robert Kaplan, Harvard professor and founder of the Balanced Scorecard. 

Antonio is the founder of one of the largest LinkedIn think-tanks for Strategy Execution, StrateXecution, which has more than 5.000 members worldwide.</Description><Stakeholder><Name/><Description/></Stakeholder></Organization><Vision><Description>Strategies are executed effectively.</Description><Identifier>_b0dc0d2a-ceda-11e5-9dd1-0dcb48aced81</Identifier></Vision><Mission><Description>To overcome obstacles to effective implementation of strategic initiatives.</Description><Identifier>_b0dc0e10-ceda-11e5-9dd1-0dcb48aced81</Identifier></Mission><Value><Name/><Description/></Value><Goal><Name>Strategic Alignment</Name><Description>Structure the organization around its strategy</Description><Identifier>_b0dc0ece-ceda-11e5-9dd1-0dcb48aced81</Identifier><SequenceIndicator>1</SequenceIndicator><Stakeholder StakeholderTypeType="Person"><Name>Alfred Chandler</Name><Description/></Stakeholder><OtherInformation>Misalignment of Organizational Structure with the Company's Changing Reality -- 
In his book Strategy and Structure, published in 1962, Alfred Chandler claims that an organization's structure should be driven by its chosen strategy; and if it isn't, inefficiency results.

Taking this one step further, the alignment and the balance of the organizational structure with the degree to which change-the-business activities are important determines overall project performance and strategy execution success. More often than not, management underestimates or completely ignores this fact, organizations fail to evolve (or adapt) as quickly as the business drivers, and consequently a large proportion of projects fail.</OtherInformation><Objective><Name>Organizational Evolution</Name><Description>Evovlve the structure the organization around changing realities</Description><Identifier>_b0dc0faa-ceda-11e5-9dd1-0dcb48aced81</Identifier><SequenceIndicator>1.1</SequenceIndicator><Stakeholder><Name/><Description/></Stakeholder><OtherInformation/></Objective><Objective><Name>Power Sharing</Name><Description>Require power sharing in the pursuit of what is best for the business</Description><Identifier>_b0dc107c-ceda-11e5-9dd1-0dcb48aced81</Identifier><SequenceIndicator>1.2</SequenceIndicator><Stakeholder><Name/><Description/></Stakeholder><OtherInformation>Until recently, departmental success was measured using key performance indicators tailored to each function. For example, the finance department's success was measured by whether it was closing the books and producing the financial statements on time, and the HR department by whether it had managed to keep the good people on board (low turnover) or had finished the employee appraisals by deadline.

This approach created lots of internal competition and a "silo mentality." Some heads of departments built their own little kingdoms, and cooperation with other parts of the business became very difficult. In many cases, the key performance indicators of one department could be at odds with those of another.

At the same time, the largest and most critical projects -- the strategic ones -- are almost always cross-departmental. This means that a strategic project such as expanding the business into another country requires resources and input from a number of different departments. Facility experts find the location, lawyers handle the legal documents, HR experts recruit the people, salespeople develop a commercial plan, and so forth. Without the contribution of all these departments, the project would not succeed.

Almost all of the power in a traditional functional organization -- meaning resources, budgets, and decision making -- still resides with the functional/department heads. However, the most important and strategic projects have become cross-departmental, requiring the sharing of that power among other members of the organization in the pursuit of what is best for the business.</OtherInformation></Objective></Goal><Goal><Name>Governance</Name><Description>Clearly assign responsibilities for effective company-wide strategy execution</Description><Identifier>_b0dc113a-ceda-11e5-9dd1-0dcb48aced81</Identifier><SequenceIndicator>2</SequenceIndicator><Stakeholder StakeholderTypeType="Person"><Name/><Description/></Stakeholder><OtherInformation>Absence of Appropriate Governance to Support Strategy Execution --  

Another important reason why traditional functional organizations have difficulty supporting and following up on strategy execution is the absence of the right governing structure. 

Once the strategic planning department has consolidated the strategic plans for the next three to five years, it hands over the execution to the different departments. As previously noted, departments within functional organizations concentrate only on the portion of the strategy for which they are responsible. For example, marketing will focus almost exclusively on its marketing plan, which in turn will be broken down into different initiatives, programs, and projects.

But today's governing structure requires finding someone (a role or a department) who takes responsibility for the following:

First, the cross-departmental projects -- which often are the most strategic.
Second, a consolidated overview of the progress of strategy execution. This function will follow up on, and raise a red flag in, cases where the strategy is not being correctly executed.

Although the CEO, together with the executive board, is ultimately responsible for all company initiatives, today most companies lack clearly assigned responsibilities for effective company-wide strategy execution; and thus such initiatives often fail. My recent research showed that only 52 percent of the companies I observed had an established project management department but only 23 percent of them had a project portfolio management office, which -- as I explained earlier -- is the engine that should coordinate the company’s entire change-the-business dimension.</OtherInformation><Objective><Name>Cross-Departmental Projects</Name><Description>Asign responsibility for cross-departmental projects</Description><Identifier>_b0dc1252-ceda-11e5-9dd1-0dcb48aced81</Identifier><SequenceIndicator>2.1</SequenceIndicator><Stakeholder><Name/><Description/></Stakeholder><OtherInformation/></Objective><Objective><Name>Oversight</Name><Description>Asign responsibility for a consolidated overview of the progress of strategy execution</Description><Identifier>_b0dc132e-ceda-11e5-9dd1-0dcb48aced81</Identifier><SequenceIndicator>2.2</SequenceIndicator><Stakeholder><Name/><Description/></Stakeholder><OtherInformation/></Objective></Goal><Goal><Name>Focus</Name><Description>Maintain focus on strategies</Description><Identifier>_b0dc140a-ceda-11e5-9dd1-0dcb48aced81</Identifier><SequenceIndicator>3</SequenceIndicator><Stakeholder StakeholderTypeType="Person"><Name/><Description/></Stakeholder><OtherInformation>Lack of Focus -- 

Lack of focus has been one of companies' main hindrances in achieving their strategies. Research suggests that there are three main reasons why a company becomes unfocused:</OtherInformation><Objective><Name>Priorities</Name><Description>Understand of what the real priorities are for the business</Description><Identifier>_b0dc14dc-ceda-11e5-9dd1-0dcb48aced81</Identifier><SequenceIndicator>3.1</SequenceIndicator><Stakeholder><Name/><Description/></Stakeholder><OtherInformation>Top executives do not know their own company's key strategic initiatives. --  

I have facilitated more than 30 workshops with senior management teams. During the session, I ask them to write down their company's top three initiatives and then list their replies on a flip-chart.

Every time, the responses include more than three initiatives -- often far more than three and sometimes only the managers' own initiatives. When I reveal the list, there is a moment of silence in the room and a certain level of embarrassment. The point of the exercise, I explain, is to show that if the executives of the firm do not know the company's priorities and are unable to focus on what is key, then they cannot expect this focus from their employees.

 This lack of focus can also be explained by the pressure on many CEOs to show results quickly. Consequently, they often invest in many initiatives, thinking that they will increase their chances of success. But this thinking is totally wrong as it leads to lack of understand of what the real priorities are for the business.</OtherInformation></Objective><Objective><Name>Discipline</Name><Description>Apply discipline to impose order</Description><Identifier>_b0dc15c2-ceda-11e5-9dd1-0dcb48aced81</Identifier><SequenceIndicator>3.2</SequenceIndicator><Stakeholder><Name/><Description/></Stakeholder><OtherInformation>Being focused is difficult and requires lots of discipline. -- 

Very closely related to the previous point are the results of a recent Harvard University[1] study, which show that human beings are by nature unfocused. At any point, an average of 50 percent of the population is not focused on what they are doing. In addition, 30 to 40 percent of employees' time in the workplace is spent tending to unplanned interruptions and then reconstituting the mental focus the interruption caused. This was not the case 20 years ago, simply because the tools of interruption were not so plentiful.

 Lack of focus not only leads to unhappiness, it also leads to errors, wasted time, miscommunication and misunderstanding, diminished productivity, and loss of income.

 Focus imposes order. It requires energy, work, and some pain, which people often try to avoid. If a company’s top management is not focused, this significantly increases the possibility that the rest of the organization is unfocused. On the other hand, when top management is extremely focused, this is transmitted to the staff and the increase in performance is huge.

[1] Nov 15, 2010, NY Times. Study from Daniel Gilbert and Matthew Killingsworth from Harvard University – 250,000 replies.</OtherInformation></Objective><Objective><Name>Failures</Name><Description>End projects that are failing</Description><Identifier>_b0dc177a-ceda-11e5-9dd1-0dcb48aced81</Identifier><SequenceIndicator>3.3</SequenceIndicator><Stakeholder><Name/><Description/></Stakeholder><OtherInformation>The final point is that finishing projects is very difficult and consequently the number of projects continues to increase. 
Most companies have trouble cancelling projects that are not doing well. In my entire career, I have only seen a few projects terminated and only because the company went bankrupt.

 One reason for the difficulty of ending projects is that companies do not want to admit that they have failed. Most of the projects have a senior executive as a sponsor, so stopping a project will be seen as his or her personal failure. This sense of personal failure contributes to the increase in projects and the gradual decrease in focus within the entire organization.

 The good thing is that all of these issues can be overcome. For example, one of the first things that Steve Jobs did when he returned to Apple in 1997 was to cancel almost 300 projects at once. He was convinced that Apple was unfocused; and in order to survive, the company had to become highly focused.

 The benefits of becoming a focused organization are massive. If Steve managed to transform Apple by becoming a focused organization, any executive can do the same.</OtherInformation></Objective></Goal></StrategicPlanCore><AdministrativeInformation><StartDate>2016-02-05</StartDate><PublicationDate>2016-02-08</PublicationDate><Source>https://www.linkedin.com/pulse/three-reasons-why-so-many-strategic-initiatives-fail-nieto-rodriguez</Source><Submitter><GivenName>Owen</GivenName><Surname>Ambur</Surname><PhoneNumber/><EmailAddress>Owen.Ambur@verizon.net</EmailAddress></Submitter></AdministrativeInformation></StrategicPlan>