<?xml version="1.0" encoding="UTF-8"?>
<StrategicPlan xmlns="urn:ISO:std:iso:17469:tech:xsd:stratml_core" xmlns:xsi="http://www.w3.org/2001/XMLSchema-instance" xsi:schemaLocation="urn:ISO:std:iso:17469:tech:xsd:stratml_core http://xml.govwebs.net/stratml/references/StrategicPlanISOVersion20140401.xsd"><Name>4 Steps to an Effective Enterprise Information Management Business Case</Name><Description>The basis of a credible business case is relevant, organization-specific data on the costs, volumes and other metrics around your current business processes...

Use your own internal data if you can get it...

Also use industry benchmark data. Many organizations don't compile these metrics. The data simply doesn't exist. And even if it does exist, you might not have a relative comparison of the severity of the issue. We recommend using a hybrid approach to data that uses not only internal organizational data, but also industry benchmark data, and compares the two.</Description><OtherInformation/><StrategicPlanCore><Organization><Name>Richard Medina</Name><Acronym>RD</Acronym><Identifier>_67ad407b-b191-11e6-9986-d61b9f0319fd</Identifier><Description/><Stakeholder StakeholderTypeType="Organization"><Name/><Description/></Stakeholder></Organization><Vision><Description/><Identifier>_67ad407c-b191-11e6-9986-d61b9f0319fd</Identifier></Vision><Mission><Description>To present the fundamentals for providing an effective business case for enterprise information management.</Description><Identifier>_67ad40c0-b191-11e6-9986-d61b9f0319fd</Identifier></Mission><Value><Name>ROI</Name><Description>The most critical piece of the business case is calculating an ROI and then communicating it to executives in sophisticated yet easy to understand visual and interactive models.</Description></Value><Value><Name>Communication</Name><Description/></Value><Value><Name>Analysis</Name><Description>A business case should always be able to present "what-if" analysis, showing causes and effects resulting from changes in assumptions.</Description></Value><Value><Name>Simplicity</Name><Description>The business case should be simple enough to review in a few minutes with an executive audience, but still display the robustness of the analysis.</Description></Value><Value><Name>Robustness</Name><Description/></Value><Goal><Name>Initiatives</Name><Description>Distinguish between targeted and infrastructure initiatives.</Description><Identifier>_67ad49ee-b191-11e6-9986-d61b9f0319fd</Identifier><SequenceIndicator>1</SequenceIndicator><Stakeholder><Name/><Description/></Stakeholder><OtherInformation>Targeted initiatives are EIM projects designed to address specific business problems or areas of EIM functionality. Infrastructure initiatives are projects that affect the entire enterprise.

The significance of the demarcation that contrasts targeted initiatives -- whether industry-specific or cross-industry -- with infrastructure-related initiatives, is that the sources of funding tend to be different. An organization’s stage of maturity within the EIM lifecycle at a given point in time may dictate which approach you should take.

When putting together a business case, you should consider your approach based on the organizational culture, the appetite for spend, the maturity level of EIM, and the enterprise's overall familiarity with the potential value that EIM can bring. While an infrastructure investment makes a lot of sense in certain instances, other organizations find a targeted initiative a more favorable approach, given their funding constraints. In still other organizations, proving out targeted value might be the first step toward justification of infrastructure-related spend for EIM.</OtherInformation><Objective><Name/><Description/><Identifier>_67ad4be2-b191-11e6-9986-d61b9f0319fd</Identifier><SequenceIndicator/><Stakeholder><Name/><Description/></Stakeholder><OtherInformation/></Objective></Goal><Goal><Name>Benefits</Name><Description>Determine which types of benefits align most closely with your business goals.</Description><Identifier>_67ad4ebc-b191-11e6-9986-d61b9f0319fd</Identifier><SequenceIndicator>2</SequenceIndicator><Stakeholder><Name/><Description/></Stakeholder><OtherInformation>Ask yourself: Which types of benefits align most closely with my organization's corporate business goals?

These are the benefits that are most likely to get the attention of executive management. Evaluate your proposed initiatives by how well they fit your organization's business priorities, and prioritize and present them accordingly. Here's a partial list:</OtherInformation><Objective><Name>Revenue</Name><Description>Increase revenues.</Description><Identifier>_67ad5d1c-b191-11e6-9986-d61b9f0319fd</Identifier><SequenceIndicator>2.1</SequenceIndicator><Stakeholder><Name/><Description/></Stakeholder><OtherInformation>Example: customer communications technologies that integrate with line of business systems, allowing for cross-selling and up-selling to existing customers.</OtherInformation></Objective><Objective><Name>Risk Mitigation/Compliance</Name><Description>Improve the organization's ability to reduce corporate risk or facilitate its ability to comply with regulations.</Description><Identifier>_67ad5d1d-b191-11e6-9986-d61b9f0319fd</Identifier><SequenceIndicator>2.2</SequenceIndicator><Stakeholder><Name/><Description/></Stakeholder><OtherInformation>Example: records management technologies that make it easier to manage discovery-related information in the event of litigation.</OtherInformation></Objective><Objective><Name>Cost Reduction</Name><Description>Decrease the costs of business processes.</Description><Identifier>_67ad603c-b191-11e6-9986-d61b9f0319fd</Identifier><SequenceIndicator>2.3</SequenceIndicator><Stakeholder><Name/><Description/></Stakeholder><OtherInformation>Example: imaging and e-forms technologies to reduce the amount of paper in business processes.</OtherInformation></Objective><Objective><Name>Business Continuity</Name><Description>Improve the organization's ability to ensure that mission-critical functions and services can continue uninterrupted during and after a disaster.</Description><Identifier>_67ad603d-b191-11e6-9986-d61b9f0319fd</Identifier><SequenceIndicator>2.4</SequenceIndicator><Stakeholder><Name/><Description/></Stakeholder><OtherInformation>Example: imaging technologies and mirroring of repositories to ensure up-to-date copies of business-critical documentation and data are maintained in geographically dispersed locations.</OtherInformation></Objective></Goal><Goal><Name>Types</Name><Description>Consider the various types of business cases.</Description><Identifier>_67ad603e-b191-11e6-9986-d61b9f0319fd</Identifier><SequenceIndicator>3</SequenceIndicator><Stakeholder><Name/><Description/></Stakeholder><OtherInformation>There are different circumstances in which each type of business case is appropriate. Your approach may be one or a combination of the models. Your goal here is to create defensible scenarios to demonstrate how your proposed initiative will provide quantifiable ROI, not just an enumeration of the soft benefits.</OtherInformation><Objective><Name>Top-Down</Name><Description>Highlight macro-level EIM benefits at an enterprise level. </Description><Identifier>_67ad662c-b191-11e6-9986-d61b9f0319fd</Identifier><SequenceIndicator>3.1</SequenceIndicator><Stakeholder><Name/><Description/></Stakeholder><OtherInformation>A top-down business case is typically an organization-wide business case that highlights macro-level EIM benefits at an enterprise level. These tend to be credible only for hourly wage/variable capacity types of workers, where capacity planning can be directly affected with even minor efficiency gains. (Example: Making information more easily accessible to customer service reps in call centers throughout the organization, thereby reducing time required to service calls.)</OtherInformation></Objective><Objective><Name>Bottom-Up</Name><Description>Address EIM usage patterns that tend to recur in many areas.</Description><Identifier>_67ad68d4-b191-11e6-9986-d61b9f0319fd</Identifier><SequenceIndicator>3.2</SequenceIndicator><Stakeholder StakeholderTypeType="Generic_Group"><Name>Knowledge Workers</Name><Description/></Stakeholder><Stakeholder StakeholderTypeType="Generic_Group"><Name>Process Workers</Name><Description/></Stakeholder><OtherInformation>This is generally a more credible and more successful approach. It tends to be more precise for knowledge workers and also works rather well on the process worker-related activities and tasks, where certain patterns tend to recur in many areas. Not only can a particular line of business benefit from a process-level drilldown, but those same EIM usage patterns can be applied to other processes with similar characteristics. (Example: New Account Origination optimization through imaging, e-forms and workflow, which presents usage patterns similar to Retail Mortgage Processing.)</OtherInformation></Objective><Objective><Name>Reallocative</Name><Description>Focus on reducing costs from one area and allocating the savings to another area.</Description><Identifier>_67ad68d5-b191-11e6-9986-d61b9f0319fd</Identifier><SequenceIndicator>3.3</SequenceIndicator><Stakeholder StakeholderTypeType="Generic_Group"><Name/><Description/></Stakeholder><OtherInformation>Example: Suppressing print for customer communications and reallocating those savings for modernizing the personalization platform for electronic customer communications.</OtherInformation></Objective><Objective><Name>Retrospective</Name><Description>Focus on analysis of a particular event or scenario and demonstrates how the outcome would have been different if EIM technology were in place.</Description><Identifier>_67ad68d6-b191-11e6-9986-d61b9f0319fd</Identifier><SequenceIndicator>3.4</SequenceIndicator><Stakeholder StakeholderTypeType="Generic_Group"><Name/><Description/></Stakeholder><OtherInformation>Example: an instance of litigation discovery, showing the actual costs of the discovery event and the cost reductions with EIM technologies in place.</OtherInformation></Objective><Objective><Name>Embedded</Name><Description>Focus on demonstrating the ability of EIM to enable an existing and already funded initiative, where EIM acts as an enabler for the in-flight effort.</Description><Identifier>_67ad68d7-b191-11e6-9986-d61b9f0319fd</Identifier><SequenceIndicator>3.5</SequenceIndicator><Stakeholder StakeholderTypeType="Generic_Group"><Name/><Description/></Stakeholder><OtherInformation>Example: Using the document management and records management capability sets of EIM to enable archiving for an ERP initiative that is already funded and underway</OtherInformation></Objective><Objective><Name>Reformative</Name><Description>Highlight the structural, business model-related or highly strategic changes that require aspects of EIM in the critical path.</Description><Identifier>_67ad68d8-b191-11e6-9986-d61b9f0319fd</Identifier><SequenceIndicator>3.6</SequenceIndicator><Stakeholder StakeholderTypeType="Generic_Group"><Name/><Description/></Stakeholder><OtherInformation>Example: A business model, such as outsourcing, that the organization seeks to pursue, where EIM technologies such as digitization and process automation are prerequisites for undertaking a distributed sourcing environment.</OtherInformation></Objective></Goal><Goal><Name>Creation</Name><Description>Create the Business Case</Description><Identifier>_67ad68d9-b191-11e6-9986-d61b9f0319fd</Identifier><SequenceIndicator>4</SequenceIndicator><Stakeholder><Name/><Description/></Stakeholder><OtherInformation>When you put the above pieces together into a process that you can actually execute and end up with a convincing business case, it looks something like this:</OtherInformation><Objective><Name>Definition</Name><Description>Define the Criteria.</Description><Identifier>_67ad6f64-b191-11e6-9986-d61b9f0319fd</Identifier><SequenceIndicator>4.1</SequenceIndicator><Stakeholder StakeholderTypeType="Generic_Group"><Name/><Description/></Stakeholder><OtherInformation>Ask: which benefit type(s) align most closely with my organization’s corporate business goals? These are the benefits that are most likely to get the attention of executive management, whether they are one, or a ranked combination of, revenue lift, risk mitigation/ compliance, cost reduction, business continuity or something else.</OtherInformation></Objective><Objective><Name>Prioritization</Name><Description>Prioritize the Processes.</Description><Identifier>_67ad6f65-b191-11e6-9986-d61b9f0319fd</Identifier><SequenceIndicator>4.2</SequenceIndicator><Stakeholder StakeholderTypeType="Generic_Group"><Name/><Description/></Stakeholder><OtherInformation>Evaluate the most promising of your existing business processes for potential benefit from EIM. Assess the potential impact of EIM on each business process and rank those processes, using your defined evaluation criteria. Evaluate your proposed initiatives by how well they fit your organization’s business priorities, then rank and present them accordingly.</OtherInformation></Objective><Objective><Name>Status</Name><Description>Depict the Current State.</Description><Identifier>_67ad6f66-b191-11e6-9986-d61b9f0319fd</Identifier><SequenceIndicator>4.3</SequenceIndicator><Stakeholder StakeholderTypeType="Generic_Group"><Name/><Description/></Stakeholder><OtherInformation>Create a view of the current process, applying current state metrics and facts. Include data specific to your organization (costs, volumes). Supplement with industry benchmark data in areas where your own data is incomplete. Where possible, also include an analytic/heuristic model that shows how other organizations in your industry approach the process.</OtherInformation></Objective><Objective><Name>Projection</Name><Description>Project the Future State.</Description><Identifier>_67ad72ca-b191-11e6-9986-d61b9f0319fd</Identifier><SequenceIndicator>4.4</SequenceIndicator><Stakeholder StakeholderTypeType="Generic_Group"><Name/><Description/></Stakeholder><OtherInformation>Develop a view of the desired future state with estimates of the improvements enabled by the deployment of EIM technologies. Use industry benchmark data to project the costs of the future state.</OtherInformation></Objective><Objective><Name>Quantification</Name><Description>Quantify the Benefits.</Description><Identifier>_67ad72cb-b191-11e6-9986-d61b9f0319fd</Identifier><SequenceIndicator>4.5</SequenceIndicator><Stakeholder StakeholderTypeType="Generic_Group"><Name/><Description/></Stakeholder><OtherInformation>For each process, aggregate and analyze the hard and soft benefits in terms of your chosen criteria (revenue lift, risk mitigation/ compliance, cost reduction, business continuity).</OtherInformation></Objective><Objective><Name>Communication &amp; Socialization</Name><Description>Develop an effective communications model and socialize it with the executive team.</Description><Identifier>_67ad72cc-b191-11e6-9986-d61b9f0319fd</Identifier><SequenceIndicator>4.6</SequenceIndicator><Stakeholder StakeholderTypeType="Generic_Group"><Name/><Description/></Stakeholder><OtherInformation>Don't blow it after doing all the work. This is the step where you get or lose executive buy-in...  If possible, create an interactive visualization of the business case to communicate the business case graphically, in a succinct, easily understood format. Make it “elegant, efficient, and accurate”, the criteria for great infographics.</OtherInformation></Objective></Goal></StrategicPlanCore><AdministrativeInformation><StartDate>2014-01-15</StartDate><PublicationDate>2016-11-23</PublicationDate><Source>http://www.cmswire.com/cms/information-management/4-steps-to-an-effective-enterprise-information-management-business-case-023774.php</Source><Submitter><GivenName>Owen</GivenName><Surname>Ambur</Surname><PhoneNumber/><EmailAddress>Owen.Ambur@verizon.net</EmailAddress></Submitter></AdministrativeInformation></StrategicPlan>