<?xml version="1.0" encoding="UTF-8"?>
<StrategicPlan xsi:schemaLocation="http://www.stratml.net  http://xml.gov/stratml/references/StrategicPlan.xsd" xmlns:xsi="http://www.w3.org/2001/XMLSchema-instance" xmlns="http://www.stratml.net"><id/><Name>6 Typical Problems with Meetings and What to Do About Them</Name><Description>Meetings. The cornerstone of 'collectively getting stuff done' in business.

You gather as a team, whip through all the stuff that’s important, feel great about the work you’re all doing, and come out feeling energized and inspired!

Oh, are your meetings more often…

* A confirmation that no one really knows what they’re supposed to be doing
* A source of more conflict and confusion than you started with
* Deathly boring events that sap your energy and motivation
* A barrier to actually getting the work done
Don’t worry, you’re probably having the same experience as 99% of people in business – that meetings suck!</Description><OtherInformation>Good news! There are some easy steps you can take to overcome difficult meetings

Having conscious and effective meetings is really important! Not only because it’s going to feel like less of a pain in the ass, but because it means…

* Your meetings make powerful progress for the whole organisation
* You get energy and motivation from meetings, rather than have it taken away
* You create a culture of team-work and collaboration
* You get a sense of clarity and relaxation, knowing that all the bases are covered
Sound good? Awesome. How to do that is exactly what we've drawn up for you here.

We've been practicing these approaches and teaching them to businesses for several years now, and so you can trust us when we say -- they work!

Now of course, these are some pretty complex problems that can have a whole host of underlying issues. So the solutions we’re proposing aren't the only ones, but…they are effective ones.

If you can follow even half these steps you'll see a huge change in the effectiveness of your meetings (while having a bit more fun, and a feeling lot less anguish).

OK, onto the most typical problems in meetings.</OtherInformation><StrategicPlanCore><Organization><Name>The Waking Up Workplace</Name><Acronym>WUW</Acronym><Identifier>_997d3444-9ff9-11e4-9cf6-1350c84e4dfa</Identifier><Description>Global conversations to awaken a world of conscious business -- 

Who is behind the Waking up the Workplace series?  Three friends and colleagues who share an Amsterdam life and dreams of a new kind of business.</Description><Stakeholder><Name>Diederick Janse</Name><Description>I am a co-founder of Realize!, an Amsterdam-based consulting firm working with fast-growing companies. I'm passionate about redefining and redesigning organization(s), I practice Shaoling Kungfu, and I live in Utrecht, the Netherlands, with my cat and my girlfriend, Elke. Within Waking Up the Workplace, my main role is that of Content Director, which goes together well with my obsession with integrity.</Description></Stakeholder><Stakeholder><Name>Jeroen Maes</Name><Description>I am highly driven to create a meaningful impact; to challenge people’s attitudes, support them in creating wonders and living a beautiful life. I am dedicated to realize this by exploring the edge of human thinking, sharing my insights and by co‐creating a society that can adapt to the challenges of our times. Currently, Realize! is the awesome vehicle I choose to use to manifest this vision.</Description></Stakeholder><Stakeholder><Name>Ewan Townhead</Name><Description>I trained in Performing Arts, but during some soul searching after university decided to swap art for business.  I am fascinated by the big pictures of what business could be, and the gritty detail of how we work with each other to manifest our passions.  I was the co-founder of Integral Europe,  have managed an International MBA program at a Dutch business school and also worked in Training &amp; Development for Booking.com. I am now a full card carrying member of the idealistic entrepreneurs club.</Description></Stakeholder></Organization><Vision><Description>Conscious and effective meetings</Description><Identifier>_997d3728-9ff9-11e4-9cf6-1350c84e4dfa</Identifier></Vision><Mission><Description>To outline steps for alleviating some typical problems with meetings</Description><Identifier>_997d385e-9ff9-11e4-9cf6-1350c84e4dfa</Identifier></Mission><Value><Name/><Description/></Value><Goal><Name>Invitations</Name><Description>Send clear and concise invitations</Description><Identifier>_997d3944-9ff9-11e4-9cf6-1350c84e4dfa</Identifier><SequenceIndicator>1</SequenceIndicator><Stakeholder><Name/><Description/></Stakeholder><OtherInformation>Problem #1 - Why on Earth Am I Even Here!? -- 

You know you’re beset by this problem when you arrive at a meeting and think to yourself something like…

"What am I doing here? Well, I guess because I found this meeting in my calendar, but I have no clue what we’re supposed to talk about."

This is like the problem of people randomly carbon-copying (CC’ing) everyone and his brother into emails. Only worse.

Because these random-type meetings actually take away from your valuable time and energy. And then proceed to reliably achieve the outcomes no-one actually wanted in the first place.

Not fun. And a big strain on the larger resources of the organization. Bad news all around. So what’s to be done?

What you can do to address this problem

The easiest way to address this problem? Two words: meeting invitation.

If you send a clear and concise invitation, you’re probably going to clear up this problem pretty fast. So how do you do it?

Make sure you send a very clear and explicit invitation at least a few days in advance. What do you want to include? At least the following… [documented as objectives in this StratML rendition]

Sending an invitation that includes this information is going to have one very big effect.

It’s going to create very clear distinctions between what the meeting is and isn’t about, and what is included and not included.

It helps everyone get on the same page, before you even walk into the room, and allows everyone to make an informed assessment about whether they actually need to be there, or whether they just got casually CC’d on the email.</OtherInformation><Objective><Name>Title</Name><Description>Make the meeting title as accurate and descriptive as you can</Description><Identifier>_997d3a3e-9ff9-11e4-9cf6-1350c84e4dfa</Identifier><SequenceIndicator>1.1</SequenceIndicator><Stakeholder><Name/><Description/></Stakeholder><OtherInformation>This is what’s going to show up in people’s calendars!</OtherInformation></Objective><Objective><Name>Purpose</Name><Description>Clearly document the goal of the meeting</Description><Identifier>_997d3b06-9ff9-11e4-9cf6-1350c84e4dfa</Identifier><SequenceIndicator>1.2</SequenceIndicator><Stakeholder><Name/><Description/></Stakeholder><OtherInformation/></Objective><Objective><Name>Justification</Name><Description>Document why is the meeting important today or this week</Description><Identifier>_997d3c14-9ff9-11e4-9cf6-1350c84e4dfa</Identifier><SequenceIndicator>1.3</SequenceIndicator><Stakeholder><Name/><Description/></Stakeholder><OtherInformation>(Even — or especially — if it is a recurring meeting.)</OtherInformation></Objective><Objective><Name>Outcome</Name><Description>Document what would must be achieved for the meeting to be a success</Description><Identifier>_997d3c8c-9ff9-11e4-9cf6-1350c84e4dfa</Identifier><SequenceIndicator>1.4</SequenceIndicator><Stakeholder><Name/><Description/></Stakeholder><OtherInformation/></Objective><Objective><Name>Invitees</Name><Description>Document who needs to be at the meeting</Description><Identifier>_997d3d40-9ff9-11e4-9cf6-1350c84e4dfa</Identifier><SequenceIndicator>1.5</SequenceIndicator><Stakeholder><Name/><Description/></Stakeholder><OtherInformation>(And if it’s not totally clear already, include your assumption for why they should be there!)</OtherInformation></Objective><Objective><Name>Practicalities</Name><Description>Document when and where the meeting will be held and how long will it last</Description><Identifier>_997d3e08-9ff9-11e4-9cf6-1350c84e4dfa</Identifier><SequenceIndicator>1.6</SequenceIndicator><Stakeholder><Name/><Description/></Stakeholder><OtherInformation/></Objective><Objective><Name>Preparation</Name><Description>Document any specific actions people need to take before the meeting</Description><Identifier>_997d3ea8-9ff9-11e4-9cf6-1350c84e4dfa</Identifier><SequenceIndicator>1.7</SequenceIndicator><Stakeholder><Name/><Description/></Stakeholder><OtherInformation>(Or stuff to bring with them)</OtherInformation></Objective></Goal><Goal><Name>Check-Ins &amp; Check-Outs</Name><Description>Clearly and consistently demarcate the beginning, middle, and end of the meeting</Description><Identifier>_997d3f66-9ff9-11e4-9cf6-1350c84e4dfa</Identifier><SequenceIndicator>2</SequenceIndicator><Stakeholder><Name/><Description/></Stakeholder><OtherInformation>Problem #2 - Is this a Meeting or a Water-cooler Chat!? -- 

The feeling of total bewilderment…was that a meeting!? You know you’re a victim of this problem when you experience something like…

"We more or less stumble into, through, and out of the meeting without anyone ever making a clear and conscious choice about what we're talking about, what we’re trying to accomplish, and when we're done."

What a mess. And, unfortunately, a mess that is endemic in business meetings.

If you have a lot of meetings like this it probably feels like a big waste of time, leaving you feeling frustrated and out of control. Which of course does wonders for your motivation!

How do you get out of this mess!?

What you can do to address this problem

The problem here is boundaries. No one is sure what’s going on or when the meeting has succeeded (i.e. finished).

So the key here is clearly and consistently demarcating the beginning, middle, and end of the meeting, so you know where you are, and why.

The simplest way of solving this is using what are known as "check-ins" and "check-outs". So how do you do this? ...

This may sound simple, but having a clear beginning and end, and giving everyone the opportunity to check-in and check-out often has a remarkable effect on this kind of problem.

And the more you get into a habit of doing this, the more everyone is going to start facilitating clear boundaries themselves, which creates a really clear and efficient culture, inside and outside of meetings. Good news!</OtherInformation><Objective><Name>Start</Name><Description>Clearly mark the start of the meeting</Description><Identifier>_997d401a-9ff9-11e4-9cf6-1350c84e4dfa</Identifier><SequenceIndicator>2.1</SequenceIndicator><Stakeholder><Name/><Description/></Stakeholder><OtherInformation>This could be the meeting organiser summarizing the purpose and agenda, or it could be as simple as hitting a bell or playing your favorite motivational meeting tune!</OtherInformation></Objective><Objective><Name>Check-In</Name><Description>Everyone briefly (!) shares how they're showing up in the moment, and what they'd like to mention or let go of so they can be fully present.</Description><Identifier>_997d40e2-9ff9-11e4-9cf6-1350c84e4dfa</Identifier><SequenceIndicator>2.2</SequenceIndicator><Stakeholder><Name/><Description/></Stakeholder><OtherInformation>No reactions or discussion, just one by one. There’s something about hearing everyone’s voice to really open the conversation space, and you may get some relevant information like someone feeling stressed out or suffering from a headache.</OtherInformation></Objective><Objective><Name>Meet</Name><Description>Conduct the meeting</Description><Identifier>_997d41a0-9ff9-11e4-9cf6-1350c84e4dfa</Identifier><SequenceIndicator>2.3</SequenceIndicator><Stakeholder><Name/><Description/></Stakeholder><OtherInformation>There are a variety of specific middle parts you can add to the structure, which we’ll cover later, but for now, think of this as the meat in the sandwich.</OtherInformation></Objective><Objective><Name>Check-Out</Name><Description>Give everyone another minute to share their personal experience of the meeting, and how it was for them</Description><Identifier>_997d425e-9ff9-11e4-9cf6-1350c84e4dfa</Identifier><SequenceIndicator>2.4</SequenceIndicator><Stakeholder><Name/><Description/></Stakeholder><OtherInformation>Again, no discussion, just individual space to talk. If you want, you can ask people what went well and what didn't go as well, so you can get immediate feedback on your meeting!</OtherInformation></Objective><Objective><Name>End</Name><Description>Clearly mark the end of the meeting</Description><Identifier>_997d4330-9ff9-11e4-9cf6-1350c84e4dfa</Identifier><SequenceIndicator>2.5</SequenceIndicator><Stakeholder><Name/><Description/></Stakeholder><OtherInformation>Again, this could be something like a bell, or a verbal closing: "thanks everyone, the meeting is now done, see you next time." Getting up is another great way to physically and energetically close the meeting. Don't hang around talking, since that starts to blur the line between being in and out of the meeting again.</OtherInformation></Objective></Goal><Goal><Name>Discussion</Name><Description>Avoid needless discussion</Description><Identifier>_997d43ee-9ff9-11e4-9cf6-1350c84e4dfa</Identifier><SequenceIndicator>3</SequenceIndicator><Stakeholder><Name/><Description/></Stakeholder><OtherInformation>Problem #3 - Death by Discussion -- 

There's nothing worse than being in a meeting and dying a slow and painful death from endless discussion. You know the score…

"All we do is talk, the meeting is just this huge discussion where everyone shares their opinion, and nothing moves forward!"

Are we here to get stuff done, or are we here to have a nice chat and share our feelings and perspectives?

Our friend from HolacracyOne Tom Thomison makes a great point: "Most companies die of indigestion, not starvation." And endless discussions are definitely a symptom of organization indigestion!

Trying to constantly make group decisions is going to slow you down to a crawling pace, which can be pretty frustrating. So what’s the answer?

What you can do to address this problem

There are two main things you can do to avoid this problem. The first one is pretty straightforward. The second takes some more effort...

If you put these two solutions in place you’re going to give your organisational stomach some much needed digestion aids, and get everyone pulling in the same direction.</OtherInformation><Objective><Name>Outcomes</Name><Description>Get shared understanding on the intended outcome</Description><Identifier>_997d44b6-9ff9-11e4-9cf6-1350c84e4dfa</Identifier><SequenceIndicator>3.1</SequenceIndicator><Stakeholder><Name/><Description/></Stakeholder><OtherInformation>Maybe the meeting actually needs a loose and unstructured discussion. Or maybe it needs a really tight structure to address specific issues. Get clear on the intended outcome and you avoid muddled expectations, and get everyone on the same page so they can show up fully and powerfully.</OtherInformation></Objective><Objective><Name>Consensus Hunting</Name><Description>Avoid consensus hunting</Description><Identifier>_997d4592-9ff9-11e4-9cf6-1350c84e4dfa</Identifier><SequenceIndicator>3.2</SequenceIndicator><Stakeholder><Name/><Description/></Stakeholder><OtherInformation/></Objective><Objective><Name>Roles &amp; Authorities</Name><Description>Clearly define roles and authority</Description><Identifier>_997d4664-9ff9-11e4-9cf6-1350c84e4dfa</Identifier><SequenceIndicator>3.2.1</SequenceIndicator><Stakeholder><Name/><Description/></Stakeholder><OtherInformation>Unless you have clear and defined roles and authority you're not going to know who 'owns' a particular chunk of work, and so you’re going to try and get group consensus on every issue. Which is a sure-fire way to create endless discussion and organization indigestion! So make sure you know who is leading and "accountable" for a specific project or task area, and you can avoid this. Preferably do this outside of the meeting, but if you don't have that kind of clarity, have a roles meeting. Whatever you do, don't combine a meeting about roles and authority with one on operational issues -- you’ll get neither done well!</OtherInformation></Objective></Goal><Goal><Name>Agenda Building</Name><Description>Adopt a rigorous agenda building process</Description><Identifier>_997d472c-9ff9-11e4-9cf6-1350c84e4dfa</Identifier><SequenceIndicator>4</SequenceIndicator><Stakeholder><Name/><Description/></Stakeholder><OtherInformation>Problem #4 - Arguing over the Agenda -- 

Time is probably precious to you -- you don’t have enough of it. So when this happens to you, it probably frustrates the hell out of you…

"We come into the meeting with lots of important things to resolve, but just agreeing on what’s on the agenda, and in what order we address them takes half the actual meeting!"

There are a couple of reasons why this problem occurs in meetings.

A common one is that when you start trying to agree on the agenda, this happens… Someone brings up an agenda point, and then immediately starts discussing it. You may think that's the obvious and efficient way to go about it. It's not! Not only annoying, but horribly inefficient.

The second reason is probably even more problematic. If you don’t have a reliable habit of getting through all your agenda points in the meeting, then there’s going to be some serious political jostling from people to get their items high up the list.

The result? Building the agenda becomes an exercise in ‘who has the most outspoken ego’. Fun. So how do you work with this?

What you can do to address this problem

Simple (but not always easy). You put in place a very rigorous agenda building process. here's the best one we know...

Simple. If building the actual agenda takes more than 2 or 3 minutes then you're probably doing something wrong. Still find it hard to get through all the points on the agenda? Never fear, that’s up next…</OtherInformation><Objective><Name>Agenda</Name><Description>Build the agenda at the meeting</Description><Identifier>_997d4844-9ff9-11e4-9cf6-1350c84e4dfa</Identifier><SequenceIndicator>4.1</SequenceIndicator><Stakeholder><Name/><Description/></Stakeholder><OtherInformation>Don't build the agenda in advance -- this guarantees everything on there is current and relevant. Yes, this can be scary! But it doesn't mean you can't think about agenda items in advance, or don't prepare. It just means build the agenda on the spot.</OtherInformation></Objective><Objective><Name>Discussion Points</Name><Description>Build the agenda point by point</Description><Identifier>_997d4920-9ff9-11e4-9cf6-1350c84e4dfa</Identifier><SequenceIndicator>4.2</SequenceIndicator><Stakeholder><Name/><Description/></Stakeholder><OtherInformation>Go point by point -- move around the circle and one by one offer points to add to the agenda. Whatever you do, don't start explaining the points or discussing them, just compile a list of labels. So long as the person bringing in the point knows what it means, it's fine. You're finished when no-one has any more points. If someone wants to talk about sales, and someone else wants to talk about sales, too, list it twice. They may be very different points, requiring a different decision or action.</OtherInformation></Objective><Objective><Name>Timing</Name><Description>Set time limits to address each point</Description><Identifier>_997d49fc-9ff9-11e4-9cf6-1350c84e4dfa</Identifier><SequenceIndicator>4.3</SequenceIndicator><Stakeholder><Name/><Description/></Stakeholder><OtherInformation>Agree to get through all of them -- and set a time limit to do so. If you do this, then it immediately resolves the issue of political manoeuvring around certain topics, since everyone knows everything gets covered.</OtherInformation></Objective></Goal><Goal><Name>Minutes</Name><Description>Clarify and capture next-actions in meeting minutes</Description><Identifier>_997d4aec-9ff9-11e4-9cf6-1350c84e4dfa</Identifier><SequenceIndicator>5</SequenceIndicator><Stakeholder><Name/><Description/></Stakeholder><OtherInformation>Problem #5 - Meaningless Meeting Minutes -- 

There's nothing that's going to shine a brighter light on the effectiveness of your meetings than what happens afterwards with the minutes. Ever have this experience?…

"We come out of the meeting with 10 pages of minutes that get emailed around, but no-one looks at them and nothing gets followed up on."

Maybe you agree on what 'we' need to do on a particular item, but then nothing gets done. Maybe you never even get to solutions, and manifest problem #4.

Whatever the cause, it’s a frustrating thing to spend time meeting with people to resolve things, but find the following week that nothing's been done to move things forward.

In a way, this says more about the cultural habits outside a meeting than in it, but it also identifies a key component of good meeting practice: clarifying and capturing next-actions.

What you can do to address this problem

There are really effective ways to use next-actions, and there are inept ways. Here's a process that should banish meaningless meeting minutes forever! ...

Do all this and you’re making it pretty hard for agreed tasks and actions to fall between the cracks. No more "I thought we agreed to get this done, what happened?".</OtherInformation><Objective><Name>Agenda Items</Name><Description>Go through each agenda item in order, one by one</Description><Identifier>_997d4bc8-9ff9-11e4-9cf6-1350c84e4dfa</Identifier><SequenceIndicator>5.1</SequenceIndicator><Stakeholder><Name/><Description/></Stakeholder><OtherInformation>One item at a time -- don't ever mix up or combine agenda items. Go through them in order, one by one, and use the person that brought up the agenda point as you’re 'sensor' for when you’re done.</OtherInformation></Objective><Objective><Name>Discussion</Name><Description>Briefly discuss each agenda item</Description><Identifier>_997d4cae-9ff9-11e4-9cf6-1350c84e4dfa</Identifier><SequenceIndicator>5.2</SequenceIndicator><Stakeholder><Name/><Description/></Stakeholder><OtherInformation>A brief discussion – you may need to talk about the item to understand what the problem is, or you may not. But either way as soon as responsibly possible move on and…</OtherInformation></Objective><Objective><Name>Next Steps</Name><Description>Document the next physical actions to be taken to address needs</Description><Identifier>_997d4eca-9ff9-11e4-9cf6-1350c84e4dfa</Identifier><SequenceIndicator>5.3</SequenceIndicator><Stakeholder><Name/><Description/></Stakeholder><OtherInformation>Ask 'what do you need' -- you can discuss problems for near on eternity, but the key is finding the physical next-action to take it forward, and not all the things that would resolve this forever, theoretically. And make sure you're asking the person who brought up the addenda point specifically, and not the entire room (that leads to more discussion).</OtherInformation></Objective><Objective><Name>Measurability</Name><Description>Start next-action statements with a verb</Description><Identifier>_997d4fb0-9ff9-11e4-9cf6-1350c84e4dfa</Identifier><SequenceIndicator>5.4</SequenceIndicator><Stakeholder><Name/><Description/></Stakeholder><OtherInformation>So it's clear what the outcome is, that's measurable. For example "Powerpoint Presentation" is a really bad next action. You may know what it means when you write it down, but in the tumult of busyness you quickly forget. Instead phrase it in a way that is physically measurable, for example "Create and email Powerpoint Presentation on meeting practices to Jeff."</OtherInformation></Objective><Objective><Name>Accountability</Name><Description>Assign one person to each action item</Description><Identifier>_997d50a0-9ff9-11e4-9cf6-1350c84e4dfa</Identifier><SequenceIndicator>5.5</SequenceIndicator><Stakeholder><Name/><Description/></Stakeholder><OtherInformation>Have one name next to each next action -- so that there's no confusion over who is accountable for it. And always have a name!</OtherInformation></Objective></Goal><Goal><Name>Ego</Name><Description>Avoid ego jousting</Description><Identifier>_997d51a4-9ff9-11e4-9cf6-1350c84e4dfa</Identifier><SequenceIndicator>6</SequenceIndicator><Stakeholder><Name>Facilitators</Name><Description>A good facilitator is worth their weight in gold, but even a semi-competent one is probably going to make a big difference to ego jousting. And the more you get in the habit of sticking to the structure with the facilitator's help, the more people will start to facilitate themselves.</Description></Stakeholder><OtherInformation>Problem #6 - Ego Jousting -- 

This one is a real productivity killer and can manifest in all kinds of ways, but you’ll probably recognize it as something like…

“It feels like most of us are just here to provide an audience for today’s round of political infighting by the same two or three people.”

No matter the meeting topic, the same people talk about the same old gripes, and try and ram the same old story down the same old throats.

The result? People start to feel unsafe -- fast. It's hard to bring anything in as it’s seen as a threat to the jousting competition. So you end up as the invisible schmuck in the corner, never seen and never heard. Great way to feel useful!

The bad news is this one is normally a sign of a pretty dysfunctional organisational culture that has nothing to do with the meeting itself. The good news? There is something you can do to calm the disease.

What you can do to address this problem? 

Get a meeting facilitator. Not always easy to do, but it’s the only real way of addressing this problem without doing major cultural change work. And if you do it, you should see results fast. So, how does it work?</OtherInformation><Objective><Name>Facilitation</Name><Description>Use a facilitator</Description><Identifier>_997d5294-9ff9-11e4-9cf6-1350c84e4dfa</Identifier><SequenceIndicator>6.1</SequenceIndicator><Stakeholder><Name/><Description/></Stakeholder><OtherInformation>Get agreement from all the meeting participants to use a facilitator -- maybe you need to do it on a trial basis at first, but just do what you need to do to get the green light. It could be someone who's already a regular meeting participant, or someone from the outside (less politically loaded).</OtherInformation></Objective><Objective><Name>Process Agreement</Name><Description>Agree the process that you want facilitated</Description><Identifier>_997d538e-9ff9-11e4-9cf6-1350c84e4dfa</Identifier><SequenceIndicator>6.2</SequenceIndicator><Stakeholder><Name/><Description/></Stakeholder><OtherInformation>Keep it simple, for example, the 4 steps of check-in, agenda building, processing agenda items into next-actions and check-out.</OtherInformation></Objective><Objective><Name>Focus</Name><Description>Keep on topic</Description><Identifier>_997d549c-9ff9-11e4-9cf6-1350c84e4dfa</Identifier><SequenceIndicator>6.3</SequenceIndicator><Stakeholder><Name/><Description/></Stakeholder><OtherInformation>Guard the process -- the job of the facilitator is not to police people and control them, but to guard the process. Anytime the meeting veers of track, gently bring it back to the topic at hand. It's not personal.</OtherInformation></Objective><Objective><Name>Feedback</Name><Description>Invite feedback</Description><Identifier>_997d5596-9ff9-11e4-9cf6-1350c84e4dfa</Identifier><SequenceIndicator>6.4</SequenceIndicator><Stakeholder><Name/><Description/></Stakeholder><OtherInformation>Have the facilitator ask for feedback at the end of the meeting. What worked, what didn't, how did they feel about having it facilitated in general?</OtherInformation></Objective></Goal></StrategicPlanCore><AdministrativeInformation><StartDate>2013-02-13</StartDate><EndDate>2013-02-21</EndDate><PublicationDate>2015-01-19</PublicationDate><Source>http://www.wakinguptheworkplace.com/2013/02/13/6-typical-problems-with-meetings-and-what-to-do-about-them-part-1/</Source><Submitter><FirstName>Owen</FirstName><LastName>Ambur</LastName><PhoneNumber/><EmailAddress>Owen.Ambur@verizon.net</EmailAddress></Submitter></AdministrativeInformation></StrategicPlan>