<?xml version="1.0" encoding="UTF-8"?>
<StrategicPlan xsi:schemaLocation="http://www.stratml.net  http://xml.gov/stratml/references/StrategicPlan.xsd" xmlns:xsi="http://www.w3.org/2001/XMLSchema-instance" xmlns="http://www.stratml.net"><id/><Name>Strategy: 7 Habits of Organized People…Organized People Aren't Born; They're Built.</Name><Description>We all know that one friend or coworker who is super-organized. The person who is punctual, finishes projects with time to spare, and always knows exactly where to find what they need when they need it.  Instead of  hating that person, why not figure out how they do it?</Description><OtherInformation>Here are seven things organized people do on a regular basis to stay on top of it all:</OtherInformation><StrategicPlanCore><Organization><Name>FirstSun Consulting</Name><Acronym>FSC</Acronym><Identifier>_a5f200be-e17c-11e4-84ee-3de8538ce344</Identifier><Description>Since 1991, First Sun Consulting, LLC has provided corporate outplacement/career transition services/programs for transitioning employees during cost cutting/retirement/non-fit. Today, we currently have over 80 office locations with our highly trained, local consultants, to assist you/your employees, in Maryland, Washington DC, Virginia, North Carolina, South Carolina, Georgia, Florida, Tennessee, and Alabama. There are lot of outplacement firms out there, but only one will give you the customer service that FSC provides.</Description><Stakeholder><Name>Global Outplacement Alliance</Name><Description>We are ... a proud member of the Global Outplacement Alliance with over 200 affiliate offices both nationally/worldwide and have delivered to companies to a broad spectrum of industries/size/sectors. First Sun Consulting, LLC along with our GOA partner affiliates have the ability to deliver 'seamless' delivery of programs of programs/services to your employees both here in the U.S and worldwide.</Description></Stakeholder></Organization><Vision><Description>Accomplishment of goals and priorities in life</Description><Identifier>_a5f2024e-e17c-11e4-84ee-3de8538ce344</Identifier></Vision><Mission><Description>To help people become better organized</Description><Identifier>_a5f20302-e17c-11e4-84ee-3de8538ce344</Identifier></Mission><Value><Name/><Description/></Value><Goal><Name>Tools</Name><Description>Seek out tools.</Description><Identifier>_a5f2038e-e17c-11e4-84ee-3de8538ce344</Identifier><SequenceIndicator>1</SequenceIndicator><Stakeholder><Name>John Trosko</Name><Description>"Organized people are not born; they're built," says John Trosko, founder of OrganizingLA, a Los Angeles-based organizing firm. "The people who emerge as 'organized' use a variety of tools and methods to accomplish their goals and priorities in life."

Their systems become habits, says Trosko. </Description></Stakeholder><OtherInformation>ORGANIZED PEOPLE SEEK OUT TOOLS -- 
From kitchen timers to smartphone technology, organized people find tools that can help them make the most of their day, week, and year, says Trosko.

They use mobile phone apps with pop-up reminders, for example. They also use timers to help visualize the passage of time. And they break down tasks into smaller chunks and take short non-work-related breaks in between, which increases their overall productivity.</OtherInformation><Objective><Name/><Description/><Identifier>_a5f20410-e17c-11e4-84ee-3de8538ce344</Identifier><SequenceIndicator/><Stakeholder><Name/><Description/></Stakeholder><OtherInformation/></Objective></Goal><Goal><Name>Priorities</Name><Description>Set priorities</Description><Identifier>_a5f2049c-e17c-11e4-84ee-3de8538ce344</Identifier><SequenceIndicator>2</SequenceIndicator><Stakeholder><Name>Lisa Zaslow</Name><Description>founder of Gotham Organizers, New York City-based professional organizers.</Description></Stakeholder><OtherInformation>ORGANIZED PEOPLE SET PRIORITIES -- 
Instead of having an overwhelming number of commitments and little idea where to start, organized people have a clear sense of what's important, says Lisa Zaslow, founder of Gotham Organizers, New York City-based professional organizers.

"They know what their goals are, what needs to be done when, and what can be put off," she says. "They start the day with a clear plan of their ‘MITs' -- their 'most important things.' And they review their plan throughout the day and adjust as necessary."</OtherInformation><Objective><Name/><Description/><Identifier>_a5f20528-e17c-11e4-84ee-3de8538ce344</Identifier><SequenceIndicator/><Stakeholder><Name/><Description/></Stakeholder><OtherInformation/></Objective></Goal><Goal><Name>Focus</Name><Description>Figure out what is required to pursue core professional and personal missions and eliminate all else</Description><Identifier>_a5f205e6-e17c-11e4-84ee-3de8538ce344</Identifier><SequenceIndicator>3</SequenceIndicator><Stakeholder><Name>Hillary Rettig</Name><Description>author of The 7 Secrets of the Prolific</Description></Stakeholder><OtherInformation>ORGANIZED PEOPLE HAVE LESS STUFF -- 
The golden rule of organization is to have as little as possible to organize, says productivity expert Hillary Rettig, author of The 7 Secrets of the Prolific.

"They figure out what the core of their professional and personal missions are and eliminate all else," she says. "They will still have stuff to organize, but they've made the job doable."</OtherInformation><Objective><Name/><Description/><Identifier>_a5f2067c-e17c-11e4-84ee-3de8538ce344</Identifier><SequenceIndicator/><Stakeholder><Name/><Description/></Stakeholder><OtherInformation/></Objective></Goal><Goal><Name>Simplification</Name><Description>Choose simple solutions</Description><Identifier>_a5f20708-e17c-11e4-84ee-3de8538ce344</Identifier><SequenceIndicator>4</SequenceIndicator><Stakeholder><Name/><Description/></Stakeholder><OtherInformation>ORGANIZED PEOPLE CHOOSE SIMPLE SOLUTIONS -- 
When organizing systems are complex, they often go unused. Trosko says organized people use simple tools that make an easy job of putting things away.

For example, baskets hold receipts that need to be filed, bills that need to be paid, and books that are waiting to be read. A hook by the door makes it convenient to hang up a coat. And bowls and trays near an entryway will keep keys and wallets in one place.</OtherInformation><Objective><Name/><Description/><Identifier>_a5f2079e-e17c-11e4-84ee-3de8538ce344</Identifier><SequenceIndicator/><Stakeholder><Name/><Description/></Stakeholder><OtherInformation/></Objective></Goal><Goal><Name>Maintenance</Name><Description>Take a few moments each day to put things back in their proper places</Description><Identifier>_a5f20834-e17c-11e4-84ee-3de8538ce344</Identifier><SequenceIndicator>5</SequenceIndicator><Stakeholder><Name/><Description/></Stakeholder><OtherInformation>ORGANIZED PEOPLE PRACTICE MAINTENANCE -- 
Organization requires continual upkeep, says Zaslow: "You don’t go to the gym, get in shape, then cancel your membership," she says. "Being organized is the same."

Organized people will take a few moments each day to put things back in their proper places. They might archive an email, for example, or put away papers.

"They don’t drop things in a random pile 'just for now' -- it’s always now," says Zaslow. "The tiny amount of time it takes to do this is vastly less than the time it takes to look for something that wasn't put away properly."</OtherInformation><Objective><Name/><Description/><Identifier>_a5f208c0-e17c-11e4-84ee-3de8538ce344</Identifier><SequenceIndicator/><Stakeholder><Name/><Description/></Stakeholder><OtherInformation/></Objective></Goal><Goal><Name>Purging</Name><Description>Periodically clear out files</Description><Identifier>_a5f20956-e17c-11e4-84ee-3de8538ce344</Identifier><SequenceIndicator>6</SequenceIndicator><Stakeholder><Name/><Description/></Stakeholder><OtherInformation>ORGANIZED PEOPLE REGULARLY PURGE -- 
Situations change and formerly useful things become unnecessary. Instead of letting clutter sneak up on them, Zaslow says organized people periodically purge. They clear out their files when the drawer starts to get full, for example, and they toss the notes for the project that was canceled.

Zaslow says she once had a client who would buy a new filing cabinet each time one got full: "By the time she called me to intervene, she had file cabinets in her home office, guest room, upstairs hall, den, and basement," she says. "Needless to say, most of the information was out of date and irrelevant."</OtherInformation><Objective><Name/><Description/><Identifier>_a5f209ec-e17c-11e4-84ee-3de8538ce344</Identifier><SequenceIndicator/><Stakeholder><Name/><Description/></Stakeholder><OtherInformation/></Objective></Goal><Goal><Name>Two-Person Mindset</Name><Description>Project yourself into the future</Description><Identifier>_a5f20a82-e17c-11e4-84ee-3de8538ce344</Identifier><SequenceIndicator>7</SequenceIndicator><Stakeholder><Name>Lorie Marrero</Name><Description>founder of the Clutter Diet, an online organizing program</Description></Stakeholder><OtherInformation>ORGANIZED PEOPLE PROJECT THEMSELVES INTO THE FUTURE -- 
Using a two-person mind-set -- present self and future self -- can help you stay organized, says Lorie Marrero, founder of the Clutter Diet, an online organizing program. She likes to think of her future self when she takes care of small tasks right away.

"If I walk through a room and see a mess, I will say, 'I bet if I do those dishes now my future self will be so much happier later,'" she says. "That motivates me to do those favors for my future self."

Marrero says organized people also think into the future when they add activities to their calendars: "They ask: 'What could I do before, during, or after this appointment to improve it?'" she says. If they need to prepare for it, bring something to it, or follow up after it, they schedule it now and put it on their task list.</OtherInformation><Objective><Name/><Description/><Identifier>_a5f20b22-e17c-11e4-84ee-3de8538ce344</Identifier><SequenceIndicator/><Stakeholder><Name/><Description/></Stakeholder><OtherInformation/></Objective></Goal></StrategicPlanCore><AdministrativeInformation><StartDate>2015-04-12</StartDate><EndDate/><PublicationDate>2015-04-12</PublicationDate><Source>http://www.firstsun.com/2015/04/12/strategy-7-habits-of-organized-people-organized-people-arent-born-theyre-built-here-are-the-habits-that-you-can-cultivate-to-be-just-like-them/</Source><Submitter><FirstName>Owen</FirstName><LastName>Ambur</LastName><PhoneNumber/><EmailAddress>Owen.Ambur@verizon.net</EmailAddress></Submitter></AdministrativeInformation></StrategicPlan>