<?xml version="1.0" encoding="UTF-8"?>
<StrategicPlan xsi:schemaLocation="http://www.stratml.net  http://xml.gov/stratml/references/StrategicPlan.xsd" xmlns:xsi="http://www.w3.org/2001/XMLSchema-instance" xmlns="http://www.stratml.net"><id/><Name>KEY S UCCESS F ACTORS FOR M AJOR PROGRAMS THAT LEVERAGE IT: The “7 - S for Success” Framework</Name><Description>Over the past several months, ACT
-
IAC has joined a
number of stakeholder groups in a dialogue with
OMB and Administration leaders regarding how best to improve the government’s capacity to manage
IT programs effectively.
ACT
-
IAC recommends the “7
-
S for Success
” Framework as a basis for the path
forward,
addressing the key success factors described below. Applying the Framework to a major IT
program review should reduce risk and increase the likelihood of positive outcomes.</Description><OtherInformation>The Framework addresses two sides of the strategic imperative for program management: the
political/policy/oversight factors, which can impact an initiative from above and thus are grouped under
“Managing Up and Out”; and the business/technical factors, w
hich can impact an initiative from within
and thus are grouped under “Managing Across and Down”. It is important to note that these factors do
not always fall neatly in one category or the other
–
for example, the “Managing Up and Out” section
discusses
how teams will operate and communicate, which is also vital to “Managing Across and Down”. </OtherInformation><StrategicPlanCore><Organization><Name>Industry Advisory Council</Name><Acronym>ACT-IAC</Acronym><Identifier>_39cf219a-0987-11e0-9947-105e7a64ea2a</Identifier><Description>In 1989 ACT created the Industry Advisory Council (IAC) to provide an objective, ethical and vendor-neutral forum where government executives could communicate and collaborate with their industry peers. IAC has approximately 500 member companies of whom over 70% are small businesses. An Executive
Committee of senior government executives establishes the strategic direction for ACT-IAC and ensures the objectivity and integrity of the ACT-IAC forum.
ACT-IAC has been described as “a model of how government and industry can work together”. </Description><Stakeholder><Name>American Council for Technology</Name><Description>The American Council for Technology (ACT) is a 501(c)3 non
-
profit educational organization established
in 1979 to improve government through the efficient and innovative application of information
technology. The ACT
-
IAC mission is to “
facilitate the st
rategic use of technology to improve the mission
of government
.” The organization’s strategic vision is to “
be the most trusted public
-
private partnership
for cultivating a cost
-
conscious culture of ongoing innovation to improve government
.”

ACT was
established by government employees, with the encouragement of OMB and GSA, to provide a
forum where Federal, state and local government employees could communicate and collaborate. </Description></Stakeholder></Organization><Vision><Description/><Identifier>_4ca7d645-da09-11e3-a447-10350ff3b857</Identifier></Vision><Mission><Description>To set forth a framework of critical success factors for large scale government IT projects. </Description><Identifier>_4ca7d646-da09-11e3-a447-10350ff3b857</Identifier></Mission><Value><Name/><Description/></Value><Goal><Name>Upward &amp; Outward Management</Name><Description>Manage Up and Out</Description><Identifier>_4ca7d647-da09-11e3-a447-10350ff3b857</Identifier><SequenceIndicator>1</SequenceIndicator><Stakeholder><Name/><Description/></Stakeholder><OtherInformation>Stakeholder Commitment and Collaborative Governance
–
Most complex programs involve
numerous stakeholders at political, policy, and management levels, and often multiple agencies,
contractors, and other non
-
government constituencies. There should be clear lines of accountability
and responsibility among thes
e players, as well as a process that engages key stakeholders. Finally,
there should be a shared commitment to the program’s success across affected parties.
Establishing a collaborative and accountable governance structure
–
chaired by a senior
official from
the lead mission agency who has access to the agency head, and includ
ing
senior executives from
other implementing agencies and key contractors
–
incorporates the interests of each stakeholder
group. This approach also focuses on each entity
’s responsibility area and contribution to the larger
program goals, and establishes a way to review progress collectively and with accountability for
results.
Key elements of a collaborative governance process include:</OtherInformation><Objective><Name/><Description/><Identifier>_4ca7d648-da09-11e3-a447-10350ff3b857</Identifier><SequenceIndicator/><Stakeholder><Name/><Description/></Stakeholder><OtherInformation/></Objective></Goal></StrategicPlanCore><AdministrativeInformation><StartDate/><EndDate/><PublicationDate>2014-05-12</PublicationDate><Source>https://actiac.org/sites/default/files/7-S_for_Success_0.pdf</Source><Submitter><FirstName/><LastName/><PhoneNumber/><EmailAddress/></Submitter></AdministrativeInformation></StrategicPlan>