<?xml version="1.0" encoding="UTF-8"?>
<StrategicPlan xsi:schemaLocation="http://www.stratml.net  http://xml.gov/stratml/references/StrategicPlan.xsd" xmlns:xsi="http://www.w3.org/2001/XMLSchema-instance" xmlns="http://www.stratml.net"><id/><Name>8 Metrics Your EIM Program Should Track</Name><Description>Measuring program progress across multiple dimensions will be fundamental to driving both short- and long-term success of your EIM (enterprise information management) program. Here are 8 Measuring program progress across multiple dimensions will be fundamental to driving both short- and long-term success of your EIM (enterprise information management) program. Here are 8 metrics your EIM Team should consider tracking. Today you may be consistently tracking at most only a few  of them, but starting to track them will help demonstrate improvements over time. Also note that some of these metrics cannot be tracked unless the relevant EIM solutions are fully implemented.</Description><OtherInformation/><StrategicPlanCore><Organization><Name>Richard Medina</Name><Acronym>RM</Acronym><Identifier>_654fbc6c-8598-11e4-a1ed-bfe02c7154b9</Identifier><Description/><Stakeholder><Name/><Description/></Stakeholder></Organization><Vision><Description/><Identifier>_654fbe24-8598-11e4-a1ed-bfe02c7154b9</Identifier></Vision><Mission><Description>To identify enterprise information management program metrics.</Description><Identifier>_654fbeec-8598-11e4-a1ed-bfe02c7154b9</Identifier></Mission><Value><Name/><Description/></Value><Goal><Name>User Experience</Name><Description>Manage the consistency and effectiveness of the end user experience. </Description><Identifier>_654fbf8c-8598-11e4-a1ed-bfe02c7154b9</Identifier><SequenceIndicator>1</SequenceIndicator><Stakeholder><Name/><Description/></Stakeholder><OtherInformation>You can measure user experience with surveys and focus groups.</OtherInformation><Objective><Name/><Description/><Identifier>_654fc036-8598-11e4-a1ed-bfe02c7154b9</Identifier><SequenceIndicator/><Stakeholder><Name/><Description/></Stakeholder><OtherInformation/></Objective></Goal><Goal><Name>Process</Name><Description>Track the effectiveness of content-related business processes and of the process automation (workflow) system.</Description><Identifier>_654fc0d6-8598-11e4-a1ed-bfe02c7154b9</Identifier><SequenceIndicator>2</SequenceIndicator><Stakeholder><Name/><Description/></Stakeholder><OtherInformation>You can measure process by counting the percentage of requests that flow through the automated process without exception, and workflow escalations relative to timely approvals.</OtherInformation><Objective><Name/><Description/><Identifier>_654fc180-8598-11e4-a1ed-bfe02c7154b9</Identifier><SequenceIndicator/><Stakeholder><Name/><Description/></Stakeholder><OtherInformation/></Objective></Goal><Goal><Name>Productivity</Name><Description>Track overall productivity of content-related business processes.</Description><Identifier>_654fc220-8598-11e4-a1ed-bfe02c7154b9</Identifier><SequenceIndicator>3</SequenceIndicator><Stakeholder><Name/><Description/></Stakeholder><OtherInformation>You can measure it by looking at overall cycle times, authoring/design cycle time per request by document type, and review/approval duration or cycle time per request by document type.</OtherInformation><Objective><Name/><Description/><Identifier>_654fc2ca-8598-11e4-a1ed-bfe02c7154b9</Identifier><SequenceIndicator/><Stakeholder><Name/><Description/></Stakeholder><OtherInformation/></Objective></Goal><Goal><Name>Financial</Name><Description>Monitor the key components of the EIM program operation.</Description><Identifier>_654fc66c-8598-11e4-a1ed-bfe02c7154b9</Identifier><SequenceIndicator>4</SequenceIndicator><Stakeholder><Name/><Description/></Stakeholder><OtherInformation>You can measure it by tracking FTE allocations and utilization, software maintenance, system cycle reduction, and FTE redeployment</OtherInformation><Objective><Name/><Description/><Identifier>_654fc78e-8598-11e4-a1ed-bfe02c7154b9</Identifier><SequenceIndicator/><Stakeholder><Name/><Description/></Stakeholder><OtherInformation/></Objective></Goal><Goal><Name>Governance &amp; Enforcement</Name><Description>Ensure consistency of people, process, and technology</Description><Identifier>_654fc914-8598-11e4-a1ed-bfe02c7154b9</Identifier><SequenceIndicator>5</SequenceIndicator><Stakeholder><Name/><Description/></Stakeholder><OtherInformation>Measures should seek to identify exceptions to consistency so that appropriate actions can be taken. You can measure it by tracking your organization's adherence to standards and guidelines by business area.</OtherInformation><Objective><Name/><Description/><Identifier>_654fc9d2-8598-11e4-a1ed-bfe02c7154b9</Identifier><SequenceIndicator/><Stakeholder><Name/><Description/></Stakeholder><OtherInformation/></Objective></Goal><Goal><Name>Transition</Name><Description>Track the progress of technology and process adoption across the enterprise. </Description><Identifier>_654fca86-8598-11e4-a1ed-bfe02c7154b9</Identifier><SequenceIndicator>6</SequenceIndicator><Stakeholder><Name/><Description/></Stakeholder><OtherInformation>You can track it by measuring document migration and conversion percentage from legacy systems; legacy system retirement.</OtherInformation><Objective><Name/><Description/><Identifier>_654fcb44-8598-11e4-a1ed-bfe02c7154b9</Identifier><SequenceIndicator/><Stakeholder><Name/><Description/></Stakeholder><OtherInformation/></Objective></Goal><Goal><Name>Demand Management &amp; Resource Planning</Name><Description>Track demand at a granular enough level to enable effective demand management, resource planning, prioritization, and work allocation.</Description><Identifier>_654fcc02-8598-11e4-a1ed-bfe02c7154b9</Identifier><SequenceIndicator>7</SequenceIndicator><Stakeholder><Name/><Description/></Stakeholder><OtherInformation>This category can also be used to define skills development and cross-training needs. You can measure it by looking at the forecast accuracy of request volume and forecast accuracy of staffing requirements based on forecasted request volume.</OtherInformation><Objective><Name/><Description/><Identifier>_654fcf4a-8598-11e4-a1ed-bfe02c7154b9</Identifier><SequenceIndicator/><Stakeholder><Name/><Description/></Stakeholder><OtherInformation/></Objective></Goal><Goal><Name>Vendor Management</Name><Description>Manage vendors' ability to deliver on commitments.</Description><Identifier>_654fd01c-8598-11e4-a1ed-bfe02c7154b9</Identifier><SequenceIndicator>8</SequenceIndicator><Stakeholder><Name/><Description/></Stakeholder><OtherInformation>Manage the vendors' ability to deliver on commitments, whether in the form of software performance, service and support or production volumes combined with quality statistics. You can measure it by looking at your vendors’ conformance to SLAs (service level agreements); and the vendors’ software performance, functionality, and service and support responsiveness.</OtherInformation><Objective><Name/><Description/><Identifier>_654fd0da-8598-11e4-a1ed-bfe02c7154b9</Identifier><SequenceIndicator/><Stakeholder><Name/><Description/></Stakeholder><OtherInformation/></Objective></Goal></StrategicPlanCore><AdministrativeInformation><StartDate/><EndDate/><PublicationDate>2014-12-16</PublicationDate><Source>http://community.aiim.org/blogs/richard-medina/2014/12/05/8-metrics-your-eim-program-should-track?utm_campaign=eNewsletter&amp;utm_source=hs_email&amp;utm_medium=email&amp;utm_content=15284702&amp;_hsenc=p2ANqtz--pAg8e5zFXa-PNumjIYuG1nUsap3fV0lXoZEEVF68vYlBuolThY4mTRcsUyIf8kKGLbl1JruqFbfCqsDDD6MlUq9VJ3Q&amp;_hsmi=15284702</Source><Submitter><FirstName>Owen</FirstName><LastName>Ambur</LastName><PhoneNumber/><EmailAddress>Owen.Ambur@verizon.net</EmailAddress></Submitter></AdministrativeInformation></StrategicPlan>