<?xml version="1.0" encoding="UTF-8"?>
<StrategicPlan xsi:schemaLocation="http://www.stratml.net  http://xml.gov/stratml/references/StrategicPlan.xsd" xmlns:xsi="http://www.w3.org/2001/XMLSchema-instance" xmlns="http://www.stratml.net"><id/><Name>930gov Conference &amp; Tradeshow</Name><Description>The 930gov Conference and Tradeshow is a year-end strategy exchange bringing together Government IT, program management, acquisition professionals and their teams to review FY2014 plans, and explore new opportunities.</Description><OtherInformation>Conference Sessions: 8:30AM - 3:00PM | Exhibit Hall: 9:30AM - 2:00PM </OtherInformation><StrategicPlanCore><Organization><Name>Digital Government Institute</Name><Acronym>DGI</Acronym><Identifier/><Description>Digital Government Institute (DGI), celebrating over 16 years as a trusted source of education, networking, and training programs on the most important topics facing government IT management professionals, presents the second annual FREE 930gov Showcase (930 representing government's September 30th fiscal year-end.)</Description><Stakeholder><Name>Government Agencies</Name><Description>All government agencies and industry organizations rely on an effective strategy to be successful, including IT investment, management, procurement and workforce planning.  And the best time to gather with your peers, review success stories and look to the future is during the fiscal year-end.</Description></Stakeholder><Stakeholder><Name>Industry Organizations</Name><Description/></Stakeholder><Stakeholder><Name>Government IT Professionals</Name><Description/></Stakeholder><Stakeholder><Name>Government  Program Management Professionals</Name><Description/></Stakeholder><Stakeholder><Name>Government Acquisition Professionals</Name><Description/></Stakeholder></Organization><Vision><Description/><Identifier/></Vision><Mission><Description>To bring together Government IT, program management, and acquisition professionals to review FY2014 plans and explore new opportunities</Description><Identifier/></Mission><Value><Name/><Description/></Value><Goal><Name>Topics &amp; Trends</Name><Description>Examine key technology trends and continue conversations about important topics</Description><Identifier/><SequenceIndicator>1</SequenceIndicator><Stakeholder><Name/><Description/></Stakeholder><OtherInformation>Attendees will examine key technology trends, and continue conversations about important topics addressed throughout the current year and those expected to have a major impact in the coming year. </OtherInformation><Objective><Name/><Description/><Identifier/><SequenceIndicator/><Stakeholder><Name/><Description/></Stakeholder><OtherInformation/></Objective></Goal><Goal><Name>Tools &amp; Techniques</Name><Description>Share tools and techniques for strategic thinking, planning and action</Description><Identifier/><SequenceIndicator>2</SequenceIndicator><Stakeholder><Name/><Description/></Stakeholder><OtherInformation>Government and industry practitioners will share effective tools and techniques for strategic thinking, planning and action at all levels.</OtherInformation><Objective><Name/><Description/><Identifier/><SequenceIndicator/><Stakeholder><Name/><Description/></Stakeholder><OtherInformation/></Objective></Goal><Goal><Name>Products &amp; Solutions</Name><Description>Demonstrate cutting-edge technology products and solutions</Description><Identifier/><SequenceIndicator>3</SequenceIndicator><Stakeholder><Name>Solutions Providers</Name><Description/></Stakeholder><OtherInformation>Industry leading solutions providers will demonstrate cutting-edge technology products and solutions, during this Q4 busy season.</OtherInformation><Objective><Name/><Description/><Identifier/><SequenceIndicator/><Stakeholder><Name/><Description/></Stakeholder><OtherInformation/></Objective></Goal><Goal><Name>IPv6 Conference</Name><Description>Gather at the annual Government IPv6 Conference</Description><Identifier/><SequenceIndicator>4</SequenceIndicator><Stakeholder><Name>IT/Network Professionals</Name><Description/></Stakeholder><OtherInformation>And IT/network professionals can gather at the 8th annual Government IPv6 Conference, co-located with 930gov.</OtherInformation><Objective><Name/><Description/><Identifier/><SequenceIndicator/><Stakeholder><Name/><Description/></Stakeholder><OtherInformation/></Objective></Goal></StrategicPlanCore><AdministrativeInformation><StartDate>2014-08-20</StartDate><EndDate>2014-08-20</EndDate><PublicationDate>2014-01-21</PublicationDate><Source>http://www.digitalgovernment.com/Events/Conferences/930gov-Conference--Tradeshow.shtml</Source><Submitter><FirstName>Owen</FirstName><LastName>Ambur</LastName><PhoneNumber/><EmailAddress>Owen.Ambur@verizon.net</EmailAddress></Submitter></AdministrativeInformation></StrategicPlan>