<?xml version="1.0" encoding="UTF-8"?>
<PerformancePlanOrReport xmlns="urn:ISO:std:iso:17469:tech:xsd:PerformancePlanOrReport" xmlns:xsi="http://www.w3.org/2001/XMLSchema-instance"
 xsi:schemaLocation="urn:ISO:std:iso:17469:tech:xsd:PerformancePlanOrReport http://stratml.us/references/PerformancePlanOrReportISOVersion20150612.xsd" Type="Performance_Plan"><id/><Name>Mapping of Form 990 Data to StratML Part 2</Name><Description>This is a proposed mapping of IRS Form 990 data to the elements of Strategy Markup Language (StratML) Part 2, Performance Plans &amp; Reports (ANSI/AIIM 22:2017).</Description><OtherInformation>Form 990 Data Source:   http://s3.amazonaws.com/irs-form-990/201500099349200300_public.xml 
-- 
End Date of Plan/Report = &lt;TaxPeriodEndDt&gt;</OtherInformation><StrategicPlanCore><Organization><Name>&lt;BusinessNameLine1Txt&gt;</Name><Acronym>&lt;BusinessNameControlTxt&gt;</Acronym><Identifier>_d2ea1c79-de86-11e7-9e9f-7c25a118c257</Identifier><Description/><Stakeholder StakeholderTypeType="Generic_Group"><Name>Business Officers</Name><Description/><Role><Name>Management</Name><Description/><RoleType>Performer</RoleType></Role></Stakeholder><Stakeholder StakeholderTypeType="Person"><Name>&lt;PersonNm&gt;</Name><Description/><Role><Name>&lt;PersonTitleTxt&gt;</Name><Description/><RoleType>Performer</RoleType></Role></Stakeholder><Stakeholder StakeholderTypeType="Generic_Group"><Name>Officers, Directors &amp; Trustees</Name><Description/><Role><Name>Oversight</Name><Description/><RoleType>Performer</RoleType></Role></Stakeholder><Stakeholder StakeholderTypeType="Person"><Name>&lt;PersonNm&gt;</Name><Description/><Role><Name>&lt;TitleTxt&gt;</Name><Description/><RoleType>Performer</RoleType></Role></Stakeholder></Organization><Vision><Description>User Prompt: The submitter should provide a concise, inspirational statement of the envisioned result of the organization's efforts.</Description><Identifier>_d2ea1ec6-de86-11e7-9e9f-7c25a118c257</Identifier></Vision><Mission><Description>&lt;PrimaryExemptPurposeTxt&gt;</Description><Identifier>_d2ea1f02-de86-11e7-9e9f-7c25a118c257</Identifier></Mission><Value><Name>[To be named]</Name><Description>User Prompt: The submitter should document the key human values underlying organization's mission and goals.</Description></Value><Goal><Name>Programs</Name><Description>Strategically align our resources and programmatic activities to optimize realization of outcomes in support of our mission.</Description><Identifier>_d2ea1f8e-de86-11e7-9e9f-7c25a118c257</Identifier><SequenceIndicator>1</SequenceIndicator><Stakeholder StakeholderTypeType="Person"><Name>[To be named]</Name><Description/><Role><Name>[To be named]</Name><Description/><RoleType>Performer</RoleType></Role></Stakeholder><Stakeholder StakeholderTypeType="Generic_Group"><Name>[To be named]</Name><Description>Prospective beneficiaries should be named and briefly described.</Description><Role><Name>[To be named]</Name><Description>How they will benefit may be described.</Description><RoleType>Beneficiary</RoleType></Role></Stakeholder><OtherInformation/><Objective><Name>[To be named]</Name><Description>&lt;DescriptionProgramSrvcAccomTxt&gt;</Description><Identifier>_d2ea2092-de86-11e7-9e9f-7c25a118c257</Identifier><SequenceIndicator>1.1</SequenceIndicator><Stakeholder StakeholderTypeType="Person"><Name>[To be named]</Name><Description/><Role><Name>[To be named]</Name><Description/><RoleType>Performer</RoleType></Role></Stakeholder><OtherInformation/><PerformanceIndicator ><SequenceIndicator/><MeasurementDimension/><UnitOfMeasurement/><Identifier>_d2ea2128-de86-11e7-9e9f-7c25a118c257</Identifier><Relationship><Identifier>PLACEHOLDER_1</Identifier><Name/><Description/></Relationship><MeasurementInstance><TargetResult><Description>[To be described]</Description><StartDate/><EndDate/></TargetResult><ActualResult><Description>[To be determined]</Description><StartDate/><EndDate/></ActualResult></MeasurementInstance><OtherInformation/></PerformanceIndicator></Objective></Goal><Goal><Name>Administration</Name><Description>[To be described]</Description><Identifier>_d2ea21aa-de86-11e7-9e9f-7c25a118c257</Identifier><SequenceIndicator>2</SequenceIndicator><Stakeholder><Name>[To be named]</Name><Description/><Role><Name>[To be named]</Name><Description/></Role></Stakeholder><OtherInformation/><Objective><Name>Income</Name><Description>Gather revenue to support our program objectives.</Description><Identifier>_d2ea2218-de86-11e7-9e9f-7c25a118c257</Identifier><SequenceIndicator>2.1</SequenceIndicator><Stakeholder StakeholderTypeType="Person"><Name>[To be named]</Name><Description/><Role><Name>[To be named]</Name><Description/><RoleType>Performer</RoleType></Role></Stakeholder><OtherInformation/><PerformanceIndicator ValueChainStage="Output" PerformanceIndicatorType="Quantitative"><SequenceIndicator/><MeasurementDimension>Income</MeasurementDimension><UnitOfMeasurement>Dollars</UnitOfMeasurement><Identifier>_d2ea2219-de86-11e7-9e9f-7c25a118c257</Identifier><Relationship><Identifier>PLACEHOLDER_2</Identifier><Name/><Description/></Relationship><MeasurementInstance><TargetResult><Description>[To be described]</Description><StartDate/><EndDate/></TargetResult><ActualResult><Description>[To be determined]
NumberOfUnits = &lt;GiftsGrantsContriRcvd170Grp&gt;
Iterate this Actual Results indicator to cover all five years addressed in the data.  Default January 1, YYYY, into the Start Date and December 31, YYYY, into the End Date.</Description><StartDate/><EndDate/></ActualResult></MeasurementInstance><OtherInformation/></PerformanceIndicator></Objective><Objective><Name>Expenses</Name><Description>Steward our financial resources effectively to accomplish our program objectives.</Description><Identifier>_d2ea221a-de86-11e7-9e9f-7c25a118c257</Identifier><SequenceIndicator>2.2</SequenceIndicator><Stakeholder StakeholderTypeType="Person"><Name>[To be named]</Name><Description/><Role><Name>[To be named]</Name><Description/><RoleType>Performer</RoleType></Role></Stakeholder><OtherInformation/><PerformanceIndicator ValueChainStage="Output" PerformanceIndicatorType="Quantitative"><SequenceIndicator/><MeasurementDimension>Expenses</MeasurementDimension><UnitOfMeasurement>Dollars</UnitOfMeasurement><Identifier>_d2ea221b-de86-11e7-9e9f-7c25a118c257</Identifier><Relationship><Identifier>PLACEHOLDER_3</Identifier><Name/><Description/></Relationship><MeasurementInstance><TargetResult><Description>[To be described]</Description><StartDate/><EndDate/></TargetResult><ActualResult><Description>[To be determined]
NumberOfUnits = &lt;TotalProgramServiceExpensesAmt&gt;
End Date = &lt;TaxPeriodEndDt&gt;</Description><StartDate/><EndDate/></ActualResult></MeasurementInstance><OtherInformation/></PerformanceIndicator></Objective></Goal></StrategicPlanCore><AdministrativeInformation><Identifier/><StartDate/><EndDate/><PublicationDate>2017-12-11</PublicationDate><Source/></AdministrativeInformation><Submitter><Identifier/><GivenName/><Surname/><PhoneNumber/><EmailAddress/></Submitter></PerformancePlanOrReport>