<?xml version="1.0" encoding="UTF-8"?>
<StrategicPlan xmlns="urn:ISO:std:iso:17469:tech:xsd:stratml_core" xmlns:xsi="http://www.w3.org/2001/XMLSchema-instance" xsi:schemaLocation="urn:ISO:std:iso:17469:tech:xsd:stratml_core http://xml.govwebs.net/stratml/references/StrategicPlanISOVersion20140401.xsd"><Name>About Us</Name><Description></Description><OtherInformation></OtherInformation><StrategicPlanCore><Organization><Name>AccountAbility</Name><Acronym>AA</Acronym><Identifier>_62b3a414-227d-11e0-8b87-416a7a64ea2a</Identifier><Description>AccountAbility is a leading global organisation providing innovative solutions to the most critical challenges in corporate responsibility and sustainable development. Since 1995 we have been helping corporations, non-profits and governments embed ethical, environmental, social, and governance accountability into their organisational DNA. Our unique value proposition brings together leading-edge research, widely-recognised standards and strategic advisory services to deliver practical solutions for our clients.</Description><Stakeholder><Name>Financial Services Sector</Name><Description></Description></Stakeholder><Stakeholder><Name>Pharmaceuticals Sector</Name><Description></Description></Stakeholder><Stakeholder><Name>Energy and Extractives Sector</Name><Description></Description></Stakeholder><Stakeholder><Name>Telecommunications Sector</Name><Description></Description></Stakeholder><Stakeholder><Name>Consumer Goods Sector</Name><Description></Description></Stakeholder></Organization><Vision><Description>A world where people have a say in the decisions that have an impact on them, and where organisations act on and are transparent about the issues that matter.</Description><Identifier>_62b3a66c-227d-11e0-8b87-416a7a64ea2a</Identifier></Vision><Mission><Description>To provide innovative solutions to the most critical challenges in corporate responsibility and sustainable development.</Description><Identifier>_62b3a77a-227d-11e0-8b87-416a7a64ea2a</Identifier></Mission><Value><Name>Inclusivity</Name><Description>People should have a say in the decisions that impact on them</Description></Value><Value><Name>Materiality</Name><Description>Decision makers should identify and be clear about the issues that matter</Description></Value><Value><Name>Responsiveness</Name><Description>Organisations should be transparent about their actions</Description></Value><Goal><Name>Stakeholder Engagement</Name><Description>Enable open, fair and effective approaches to stakeholder engagement</Description><Identifier>_62b3a81a-227d-11e0-8b87-416a7a64ea2a</Identifier><SequenceIndicator>1</SequenceIndicator><Stakeholder><Name></Name><Description></Description></Stakeholder><OtherInformation></OtherInformation><Objective><Name></Name><Description></Description><Identifier>_62b3a8ba-227d-11e0-8b87-416a7a64ea2a</Identifier><SequenceIndicator></SequenceIndicator><Stakeholder><Name></Name><Description></Description></Stakeholder><OtherInformation></OtherInformation></Objective></Goal><Goal><Name>Responsible Competitiveness</Name><Description>Develop and recognise responsible competitiveness in companies, sectors, countries and regions</Description><Identifier>_62b3a964-227d-11e0-8b87-416a7a64ea2a</Identifier><SequenceIndicator>2</SequenceIndicator><Stakeholder><Name></Name><Description></Description></Stakeholder><OtherInformation></OtherInformation><Objective><Name></Name><Description></Description><Identifier>_62b3aa04-227d-11e0-8b87-416a7a64ea2a</Identifier><SequenceIndicator></SequenceIndicator><Stakeholder><Name></Name><Description></Description></Stakeholder><OtherInformation></OtherInformation></Objective></Goal><Goal><Name>Governance Strategies</Name><Description>Create effective collaborative governance strategies for partnerships and multilateral organisations that are delivering innovation and value</Description><Identifier>_62b3aaa4-227d-11e0-8b87-416a7a64ea2a</Identifier><SequenceIndicator>3</SequenceIndicator><Stakeholder><Name></Name><Description></Description></Stakeholder><OtherInformation></OtherInformation><Objective><Name></Name><Description></Description><Identifier>_62b3ab4e-227d-11e0-8b87-416a7a64ea2a</Identifier><SequenceIndicator></SequenceIndicator><Stakeholder><Name></Name><Description></Description></Stakeholder><OtherInformation></OtherInformation></Objective></Goal><Goal><Name>Sustainability Standards</Name><Description>Set and influence sustainability standards</Description><Identifier>_62b3abf8-227d-11e0-8b87-416a7a64ea2a</Identifier><SequenceIndicator>4</SequenceIndicator><Stakeholder><Name></Name><Description></Description></Stakeholder><OtherInformation></OtherInformation><Objective><Name></Name><Description></Description><Identifier>_62b3acac-227d-11e0-8b87-416a7a64ea2a</Identifier><SequenceIndicator></SequenceIndicator><Stakeholder><Name></Name><Description></Description></Stakeholder><OtherInformation></OtherInformation></Objective></Goal></StrategicPlanCore><AdministrativeInformation><StartDate></StartDate><EndDate></EndDate><PublicationDate>2011-01-17</PublicationDate><Source>http://www.accountability.org/about-us/index.html</Source><Submitter><FirstName>Owen</FirstName><LastName>Ambur</LastName><PhoneNumber></PhoneNumber><EmailAddress>Owen.Ambur@verizon.net</EmailAddress></Submitter></AdministrativeInformation></StrategicPlan>