<?xml version="1.0" encoding="UTF-8"?>
<StrategicPlan xmlns="urn:ISO:std:iso:17469:tech:xsd:stratml_core" xmlns:xsi="http://www.w3.org/2001/XMLSchema-instance" xsi:schemaLocation="urn:ISO:std:iso:17469:tech:xsd:stratml_core http://xml.govwebs.net/stratml/references/StrategicPlanISOVersion20140401.xsd"><Name>Mission of the AAAA</Name><Description></Description><OtherInformation></OtherInformation><StrategicPlanCore><Organization><Name>American Association of Advertising Agencies</Name><Acronym>AAAA</Acronym><Identifier>_12da163c-b6ff-11e0-9168-59487a64ea2a</Identifier><Description></Description><Stakeholder><Name></Name><Description></Description></Stakeholder></Organization><Vision><Description></Description><Identifier>_12da189e-b6ff-11e0-9168-59487a64ea2a</Identifier></Vision><Mission><Description></Description><Identifier>_12da19a2-b6ff-11e0-9168-59487a64ea2a</Identifier></Mission><Value><Name></Name><Description></Description></Value><Goal><Name>Advertising Agency Business</Name><Description>To improve and strengthen the advertising agency business in the United States</Description><Identifier>_12da1a60-b6ff-11e0-9168-59487a64ea2a</Identifier><SequenceIndicator>1</SequenceIndicator><Stakeholder><Name></Name><Description></Description></Stakeholder><OtherInformation></OtherInformation><Objective><Name>Operations and Management</Name><Description>Counsel members on operations and management</Description><Identifier>_12da1aec-b6ff-11e0-9168-59487a64ea2a</Identifier><SequenceIndicator>1.1</SequenceIndicator><Stakeholder><Name></Name><Description></Description></Stakeholder><OtherInformation></OtherInformation></Objective><Objective><Name>Collective Experience</Name><Description>Provide the collective experience of the many to each</Description><Identifier>_12da1b82-b6ff-11e0-9168-59487a64ea2a</Identifier><SequenceIndicator>1.2</SequenceIndicator><Stakeholder><Name></Name><Description></Description></Stakeholder><OtherInformation></OtherInformation></Objective><Objective><Name>Professional Development</Name><Description>Foster professional development</Description><Identifier>_12da1c18-b6ff-11e0-9168-59487a64ea2a</Identifier><SequenceIndicator>1.3</SequenceIndicator><Stakeholder><Name></Name><Description></Description></Stakeholder><OtherInformation></OtherInformation></Objective><Objective><Name>Creative and Business Standards</Name><Description>Encourage the highest creative and business standards</Description><Identifier>_12da1cb8-b6ff-11e0-9168-59487a64ea2a</Identifier><SequenceIndicator>1.4</SequenceIndicator><Stakeholder><Name></Name><Description></Description></Stakeholder><OtherInformation></OtherInformation></Objective><Objective><Name>People</Name><Description>Attract excellent people to the business</Description><Identifier>_12da1d58-b6ff-11e0-9168-59487a64ea2a</Identifier><SequenceIndicator>1.5</SequenceIndicator><Stakeholder><Name></Name><Description></Description></Stakeholder><OtherInformation></OtherInformation></Objective></Goal><Goal><Name>Social and Civic Goals</Name><Description>Work with Federal, state, and local governments to help achieve desirable social and civic goals</Description><Identifier>_12da1df8-b6ff-11e0-9168-59487a64ea2a</Identifier><SequenceIndicator>2</SequenceIndicator><Stakeholder><Name>Federal Government</Name><Description></Description></Stakeholder><Stakeholder><Name>State Governments</Name><Description></Description></Stakeholder><Stakeholder><Name>Local Governments</Name><Description></Description></Stakeholder><OtherInformation></OtherInformation><Objective><Name>Public Policy</Name><Description>Influence public policy</Description><Identifier>_12da1ea2-b6ff-11e0-9168-59487a64ea2a</Identifier><SequenceIndicator>2.1</SequenceIndicator><Stakeholder><Name></Name><Description></Description></Stakeholder><OtherInformation></OtherInformation></Objective><Objective><Name>Legislation and Regulation</Name><Description>Resist unwise or unfair legislation and regulation</Description><Identifier>_12da1f4c-b6ff-11e0-9168-59487a64ea2a</Identifier><SequenceIndicator>2.2</SequenceIndicator><Stakeholder><Name></Name><Description></Description></Stakeholder><OtherInformation></OtherInformation></Objective><Objective><Name>Information and Advice</Name><Description>Be the principal source of information and advice about advertising</Description><Identifier>_12da2000-b6ff-11e0-9168-59487a64ea2a</Identifier><SequenceIndicator>2.3</SequenceIndicator><Stakeholder><Name></Name><Description></Description></Stakeholder><OtherInformation></OtherInformation></Objective></Goal><Goal><Name>Advocacy</Name><Description>Be an advocate of advertising</Description><Identifier>_12da20be-b6ff-11e0-9168-59487a64ea2a</Identifier><SequenceIndicator>3</SequenceIndicator><Stakeholder><Name></Name><Description></Description></Stakeholder><OtherInformation></OtherInformation><Objective><Name>Studies and Promotion</Name><Description>Study the ways in which advertising contributes to the economy and society and promoting the results of those studies to all appropriate audiences</Description><Identifier>_12da217c-b6ff-11e0-9168-59487a64ea2a</Identifier><SequenceIndicator>3.1</SequenceIndicator><Stakeholder><Name></Name><Description></Description></Stakeholder><OtherInformation></OtherInformation></Objective></Goal><Goal><Name>Advertisers</Name><Description>Represent the agency point of view to advertisers</Description><Identifier>_12da223a-b6ff-11e0-9168-59487a64ea2a</Identifier><SequenceIndicator>4</SequenceIndicator><Stakeholder><Name>Advertisers</Name><Description></Description></Stakeholder><OtherInformation></OtherInformation><Objective><Name>Mutual Problems</Name><Description>Help solve mutual problems</Description><Identifier>_12da230c-b6ff-11e0-9168-59487a64ea2a</Identifier><SequenceIndicator>4.1</SequenceIndicator><Stakeholder><Name></Name><Description></Description></Stakeholder><OtherInformation></OtherInformation></Objective><Objective><Name>Member Value</Name><Description>Help improve our members&#8217; value to them</Description><Identifier>_12da23de-b6ff-11e0-9168-59487a64ea2a</Identifier><SequenceIndicator>4.2</SequenceIndicator><Stakeholder><Name>AAAA Members</Name><Description></Description></Stakeholder><OtherInformation></OtherInformation></Objective><Objective><Name>Collective Solutions</Name><Description>Help resolve collectively those issues that individual agencies and clients cannot resolve singly</Description><Identifier>_12da24ba-b6ff-11e0-9168-59487a64ea2a</Identifier><SequenceIndicator>4.3</SequenceIndicator><Stakeholder><Name></Name><Description></Description></Stakeholder><OtherInformation></OtherInformation></Objective></Goal><Goal><Name>Media</Name><Description>Represent the agency point of view to media </Description><Identifier>_12da25a0-b6ff-11e0-9168-59487a64ea2a</Identifier><SequenceIndicator>5</SequenceIndicator><Stakeholder><Name>Media</Name><Description></Description></Stakeholder><OtherInformation></OtherInformation><Objective><Name>Mutual Assistance</Name><Description>Provide constructive suggestions, solutions to problems, and technical help&#8212;while receiving and acting upon similar information from them</Description><Identifier>_12da2686-b6ff-11e0-9168-59487a64ea2a</Identifier><SequenceIndicator>5.1</SequenceIndicator><Stakeholder><Name></Name><Description></Description></Stakeholder><OtherInformation></OtherInformation></Objective></Goal><Goal><Name>Pro Bono Efforts</Name><Description>Facilitate the application of our members&#8217; skills and talents to pro bono efforts on behalf of worthwhile social and community causes. </Description><Identifier>_12da276c-b6ff-11e0-9168-59487a64ea2a</Identifier><SequenceIndicator>6</SequenceIndicator><Stakeholder><Name>Social Organizations</Name><Description></Description></Stakeholder><Stakeholder><Name>Community Organizations</Name><Description></Description></Stakeholder><OtherInformation></OtherInformation><Objective><Name></Name><Description></Description><Identifier>_12da285c-b6ff-11e0-9168-59487a64ea2a</Identifier><SequenceIndicator></SequenceIndicator><Stakeholder><Name></Name><Description></Description></Stakeholder><OtherInformation></OtherInformation></Objective></Goal><Goal><Name>Member Needs</Name><Description>Serve our members&#8217; needs for information, agency management counsel, professional development, employee benefit programs&#8212;and to be alert to new needs as they arise.</Description><Identifier>_12da2956-b6ff-11e0-9168-59487a64ea2a</Identifier><SequenceIndicator>7</SequenceIndicator><Stakeholder><Name>AAAA Members</Name><Description></Description></Stakeholder><OtherInformation></OtherInformation><Objective><Name></Name><Description></Description><Identifier>_12da2a50-b6ff-11e0-9168-59487a64ea2a</Identifier><SequenceIndicator></SequenceIndicator><Stakeholder><Name></Name><Description></Description></Stakeholder><OtherInformation></OtherInformation></Objective></Goal></StrategicPlanCore><AdministrativeInformation><StartDate>1990-09-19</StartDate><EndDate></EndDate><PublicationDate>2011-07-25</PublicationDate><Source>http://www.aaaa.org/about/association/Pages/mission.aspx</Source><Submitter><FirstName>Owen</FirstName><LastName>Ambur</LastName><PhoneNumber></PhoneNumber><EmailAddress>Owen.Ambur@verizon.net</EmailAddress></Submitter></AdministrativeInformation></StrategicPlan>