<?xml version="1.0" encoding="UTF-8"?>
<StrategicPlan xmlns="urn:ISO:std:iso:17469:tech:xsd:stratml_core" xmlns:xsi="http://www.w3.org/2001/XMLSchema-instance" xsi:schemaLocation="urn:ISO:std:iso:17469:tech:xsd:stratml_core http://xml.govwebs.net/stratml/references/StrategicPlanISOVersion20140401.xsd"><Name>STRATEGIC PLAN 2008-2012: Aim High and Make Excellence Inclusive</Name><Description></Description><OtherInformation>The Essential Learning Outcomes -- 

Beginning in school, and continuing at successively higher levels across their college studies, all students should prepare for twenty-first-century challenges by gaining:

* Knowledge of Human Cultures and the Physical and Natural World

 -   Through study in the sciences and mathematics, social sciences, humanities, histories, languages, and the arts

* Focused by engagement with big questions, both contemporary and enduring

* Intellectual and Practical Skills, including

-    Inquiry and analysis
-    Critical and creative thinking
-    Written and oral communication
-    Quantitative literacy
-    Information literacy
-    Teamwork and problem solving

* Practiced extensively, across the curriculum, in the context of progressively more challenging problems, projects, and standards for performance

* Personal and Social Responsibility, including

-    Civic knowledge and engagement&#8212;local and global
-    Intercultural knowledge and competence
-    Ethical reasoning and action
-    Foundations and skills for lifelong learning

* Anchored through active involvement with diverse communities and real-world challenges

* Integrative and Applied Learning, including

-    Synthesis and advanced accomplishment across general and specialized studies

* Demonstrated through the application of knowledge, skills, and responsibilities to new settings and complex problems</OtherInformation><StrategicPlanCore><Organization><Name>Association of American Colleges and Universities</Name><Acronym>AACU</Acronym><Identifier>_1ea94170-8bc7-11e1-82f5-b32271d0e070</Identifier><Description></Description><Stakeholder><Name></Name><Description></Description></Stakeholder></Organization><Vision><Description>AAC&amp;U members will take the lead&#8212;within and beyond the academy&#8212;in advancing a guiding framework for student success in college learning and for inclusive excellence that centers on the &#8220;Essential Learning Outcomes&#8221; </Description><Identifier>_1ea94508-8bc7-11e1-82f5-b32271d0e070</Identifier></Vision><Mission><Description>The mission of the Association of American Colleges and Universities is to make the aims of liberal learning a vigorous and constant influence on institutional purpose and educational practice in higher education. </Description><Identifier>_1ea9462a-8bc7-11e1-82f5-b32271d0e070</Identifier></Mission><Value><Name>Inclusion</Name><Description>The Interdependence of Inclusion and Excellence -- 

With this plan, AAC&amp;U reaffirms its conviction that quality and diversity are integral and mutually enriching dimensions of an educationally effective learning environment. Building from its longstanding commitment to equity and inclusion, AAC&amp;U will vigorously challenge educational traditions and practices that, historically and today, steer less-advantaged students toward programs that teach narrow skills for an initial job, while more advantaged students reap the benefits and value of a liberal education.

Against these well-documented trends, AAC&amp;U will stand with the LEAP National Leadership Council&#8217;s call to &#8220;Aim High&#8212;and Make Excellence Inclusive&#8221; by identifying and promoting institutional policies and practices that help all students, whatever their background or area of study, develop the important outcomes of a contemporary liberal education.

AAC&amp;U will make it a high priority to promote educational practices that can help students from underserved groups and backgrounds&#8212;who are, collectively, the &#8220;new majority&#8221; in higher education&#8212;achieve these essential learning outcomes.</Description></Value><Value><Name>Excellence</Name><Description></Description></Value><Value><Name>Liberal Education</Name><Description>Liberal Education across the Disciplines and Professional Fields --

Over the next five years, AAC&amp;U will work vigorously to challenge and change the traditional equation of liberal education with study in the arts and sciences alone, and/or with study in general education alone.

AAC&amp;U will provide advocacy and action to advance the &#8220;essential learning outcomes&#8221; as a framing for the entire educational experience, as necessary elements in any college education that seeks to prepare graduates successfully for work, life, and citizenship, and as the best standard for student success.</Description></Value><Value><Name>Civic Learning</Name><Description>Civic, Diversity, and Global Learning -- from School through College -- 

While colleges and universities place high value on preparing students for responsible citizenship in a diverse democracy and the global community, the evidence suggests that there is little public understanding of this aspect of college learning. AAC&amp;U will work to articulate and promote a compelling contemporary framework for the preparation students need&#8212;encompassing knowledge, skill, choices, and action&#8212;to become responsible participants in a diverse democracy and in the global community. AAC&amp;U will highlight campus models that connect this framework with learning in the arts and sciences and in the professional fields.</Description></Value><Value><Name>Diversity Learning</Name><Description></Description></Value><Value><Name>Global Learning</Name><Description></Description></Value><Value><Name>Authentic Assessments</Name><Description>Authentic Assessments as a Catalyst for Individual and Institutional Learning -- 

AAC&amp;U will vigorously promote approaches to assessment that are designed to focus both student and faculty attention on the essential aims and outcomes of a college education. While supporting the new calls for greater transparency and accountability, AAC&amp;U will continue to resist&#8212;and will provide alternatives to&#8212;the use of multiple-choice tests as the primary index of the quality of institutions&#8217; or student&#8217;s achievement. The organization will focus on assessments that both foster and demonstrate students&#8217; ability to integrate and apply their learning to complex problems and projects. </Description></Value><Value><Name>Faculty</Name><Description>The Central Role of Faculty in Achieving Inclusive Excellence and Authentic Assessment -- 

Faculty have played the driving role in establishing U.S. world standing in higher education; faculty vitality is the single most important determinant of educational quality. Yet faculty have been under relentless attack for decades, both in the press and through funding policies and exigencies that force campuses to turn to adjuncts rather than full-time faculty. The new challenges of achieving inclusive excellence fall on a faculty that feels overburdened and undersupported. AAC&amp;U will remain a strong voice for the importance of faculty quality and vitality in principle and will work actively to foster faculty leadership and creativity in practice. In partnership with faculty, AAC&amp;U will emphasize quality improvements within the regular teaching, curriculum, research and departmental responsibilities of faculty, challenging the widespread practice of improvement through an unsustainable expansion of faculty roles and assignments. And AAC&amp;U will continue to provide rich opportunities for faculty development that feature faculty members&#8217; own curricular, pedagogical, technological, and assessment creativity.</Description></Value><Value><Name>Integrative Learning</Name><Description>Integrative and Applied Learning -- In and Out of the Classroom -- 

The real test of educational excellence is whether students apply their learning in their lives beyond the classroom. Integrative and applied learning are therefore catalytic themes in AAC&amp;U&#8217;s vision of essential learning for the twenty-first century. With these ends in mind, AAC&amp;U will work to advance the importance of the larger educational institution as a crucial laboratory for liberal learning, democratic and global citizenship, and work preparation. AAC&amp;U will work vigorously to promote and expand existing designs for helping students become more engaged, more intentional, and more reflective about the larger implications and applications of their college learning. And, AAC&amp;U will make it a high priority to discover, develop, and promulgate academic and student&#8211;life partnerships that help traditionally underserved students achieve&#8212;and apply&#8212;the essential learning outcomes that are the center of this strategic plan.</Description></Value><Value><Name>Applied Learning</Name><Description></Description></Value><Goal><Name>A Guiding Vision for Liberal Education</Name><Description>Champion the Aims and Outcomes of Liberal Education as an American Priority, to prepare all college students for effective citizenship, personal growth, and professional success.</Description><Identifier>_1ea94706-8bc7-11e1-82f5-b32271d0e070</Identifier><SequenceIndicator>1</SequenceIndicator><Stakeholder><Name>College Students</Name><Description></Description></Stakeholder><OtherInformation></OtherInformation><Objective><Name>Direct Support</Name><Description>Provide Direct Support for Campus Leadership and Action</Description><Identifier>_1ea94850-8bc7-11e1-82f5-b32271d0e070</Identifier><SequenceIndicator>1.1</SequenceIndicator><Stakeholder><Name></Name><Description></Description></Stakeholder><OtherInformation>Making Liberal Education a Shared Priority -- 

In making liberal education a widely shared priority, AAC&amp;U works with member institutions, partner organizations, and national and policy leaders to provide Direct Support for Campus Leadership and Action</OtherInformation></Objective><Objective><Name>Coalitions</Name><Description>Developing coalitions to work on new ways to achieve the aims and outcomes of liberal education</Description><Identifier>_1ea9495e-8bc7-11e1-82f5-b32271d0e070</Identifier><SequenceIndicator>1.1.1</SequenceIndicator><Stakeholder><Name>Leaders </Name><Description></Description></Stakeholder><Stakeholder><Name>Faculty</Name><Description></Description></Stakeholder><OtherInformation>By developing coalitions of leaders and faculty that work creatively on new ways to achieve the aims and outcomes of liberal education for all students</OtherInformation></Objective><Objective><Name>Programs</Name><Description>Provide programs that provide campus leaders, faculty, and staff with resources, evidence, exemplars, and opportunities for dialogue to strengthen educational focus, curriculum, vitality, and student learning outcomes</Description><Identifier>_1ea94a76-8bc7-11e1-82f5-b32271d0e070</Identifier><SequenceIndicator>1.1.2</SequenceIndicator><Stakeholder><Name>Campus Leaders</Name><Description></Description></Stakeholder><Stakeholder><Name>Campus Faculty </Name><Description></Description></Stakeholder><Stakeholder><Name>Campus Staff</Name><Description></Description></Stakeholder><OtherInformation>Through ongoing programs that provide campus leaders, faculty, and staff with resources, evidence, exemplars, and opportunities for dialogue to strengthen educational focus, curriculum, vitality, and student learning outcomes on campus</OtherInformation></Objective><Objective><Name>Campus-Based Initiatives</Name><Description>Foster grant-supported campus-based initiatives that develop leadership models, resources, and momentum for achieving selected liberal education outcomes</Description><Identifier>_1ea94bac-8bc7-11e1-82f5-b32271d0e070</Identifier><SequenceIndicator>1.1.3</SequenceIndicator><Stakeholder><Name></Name><Description></Description></Stakeholder><OtherInformation>Through grant-supported campus-based initiatives that develop leadership models, resources, and momentum for achieving selected liberal education outcomes for today&#8217;s students</OtherInformation></Objective><Objective><Name>Frameworks and Tools</Name><Description>Develop frameworks and tools to support research on educational progress and effectiveness</Description><Identifier>_1ea94cd8-8bc7-11e1-82f5-b32271d0e070</Identifier><SequenceIndicator>1.1.4</SequenceIndicator><Stakeholder><Name></Name><Description></Description></Stakeholder><OtherInformation>By developing frameworks and tools to support research on educational progress and effectiveness.</OtherInformation></Objective><Objective><Name>National Leadership</Name><Description>Provide High-Profile National Leadership</Description><Identifier>_1ea94e04-8bc7-11e1-82f5-b32271d0e070</Identifier><SequenceIndicator>1.2</SequenceIndicator><Stakeholder><Name></Name><Description></Description></Stakeholder><OtherInformation>Making Liberal Education a Shared Priority -- 

In making liberal education a widely shared priority, AAC&amp;U works with member institutions, partner organizations, and national and policy leaders to provide High-Profile National Leadership</OtherInformation></Objective><Objective><Name>Advocacy</Name><Description>Advocate nationally for liberal education</Description><Identifier>_1ea94f58-8bc7-11e1-82f5-b32271d0e070</Identifier><SequenceIndicator>1.2.1</SequenceIndicator><Stakeholder><Name></Name><Description></Description></Stakeholder><OtherInformation>Through national advocacy for liberal education and the essential learning outcomes it provides</OtherInformation></Objective><Objective><Name>Presidential Leadership</Name><Description>Provide new forms of presidential leadership for an inclusive, public-spirited, and empowering liberal education</Description><Identifier>_1ea950a2-8bc7-11e1-82f5-b32271d0e070</Identifier><SequenceIndicator>1.2.2</SequenceIndicator><Stakeholder><Name></Name><Description></Description></Stakeholder><OtherInformation>Through new forms of presidential leadership for an inclusive, public-spirited, and empowering liberal education</OtherInformation></Objective><Objective><Name>Research, Resources, and Examples</Name><Description>Provide research, resources, and examples of effective educational practice</Description><Identifier>_1ea951ec-8bc7-11e1-82f5-b32271d0e070</Identifier><SequenceIndicator>1.2.3</SequenceIndicator><Stakeholder><Name></Name><Description></Description></Stakeholder><OtherInformation>By providing research, resources, and examples of effective educational practice</OtherInformation></Objective><Objective><Name>Underserved Students</Name><Description>Create a resource hub for practices that support academic progress and higher levels of achievement on essential learning outcomes for underserved students</Description><Identifier>_1ea9534a-8bc7-11e1-82f5-b32271d0e070</Identifier><SequenceIndicator>1.2.4</SequenceIndicator><Stakeholder><Name>Underserved Students</Name><Description></Description></Stakeholder><OtherInformation>By creating a resource hub for practices that support academic progress and higher levels of achievement on essential learning outcomes for underserved students
</OtherInformation></Objective><Objective><Name>Collaboration</Name><Description>Collaborate to develop models for general education and for learning in key disciplines and professional fields</Description><Identifier>_1ea954a8-8bc7-11e1-82f5-b32271d0e070</Identifier><SequenceIndicator>1.2.5</SequenceIndicator><Stakeholder><Name></Name><Description></Description></Stakeholder><OtherInformation>Through collaborations to develop models for general education and for learning in key disciplines and professional fields that address and foster the aims and outcomes of liberal education.</OtherInformation></Objective><Objective><Name>Partnerships</Name><Description>Provide Partnerships to Advance and Strengthen Liberal Education</Description><Identifier>_1ea95606-8bc7-11e1-82f5-b32271d0e070</Identifier><SequenceIndicator>1.3</SequenceIndicator><Stakeholder><Name>AACU Member Institutions</Name><Description></Description></Stakeholder><Stakeholder><Name>AACU Partner Organizations</Name><Description></Description></Stakeholder><Stakeholder><Name>National Leaders</Name><Description></Description></Stakeholder><Stakeholder><Name>Policy Leaders</Name><Description></Description></Stakeholder><OtherInformation>Making Liberal Education a Shared Priority -- 

In making liberal education a widely shared priority, AAC&amp;U works with member institutions, partner organizations, and national and policy leaders to provide Partnerships in Selected States to Advance and Strengthen Liberal Education</OtherInformation></Objective><Objective><Name>Public Advocacy and Campus Action</Name><Description>Support public advocacy and campus action to help all students achieve the essential aims and outcomes of liberal education</Description><Identifier>_1ea95836-8bc7-11e1-82f5-b32271d0e070</Identifier><SequenceIndicator>1.3.1</SequenceIndicator><Stakeholder><Name></Name><Description></Description></Stakeholder><OtherInformation>Public advocacy and campus action to help all students achieve the essential aims and outcomes of liberal education</OtherInformation></Objective><Objective><Name>State-Level Work</Name><Description>Conduct State-level work and develop models to align general education policies and designs with the essential learning aims and outcomes</Description><Identifier>_1ea959bc-8bc7-11e1-82f5-b32271d0e070</Identifier><SequenceIndicator>1.3.2</SequenceIndicator><Stakeholder><Name>States</Name><Description></Description></Stakeholder><OtherInformation>State-level work and models to align general education policies and designs with the essential learning aims and outcomes</OtherInformation></Objective><Objective><Name>Models</Name><Description>Develop State-level models for aligning P&#8211;16 planning and leadership development to raise student achievement on the essential learning outcomes</Description><Identifier>_1ea95b42-8bc7-11e1-82f5-b32271d0e070</Identifier><SequenceIndicator>1.3.3</SequenceIndicator><Stakeholder><Name>States</Name><Description></Description></Stakeholder><OtherInformation>State-level models for aligning P&#8211;16 planning and leadership development to raise student achievement on the essential learning outcomes</OtherInformation></Objective><Objective><Name>State-level Initiatives</Name><Description>Support State-level initiatives to raise preparation and achievement for underserved students</Description><Identifier>_1ea95cf0-8bc7-11e1-82f5-b32271d0e070</Identifier><SequenceIndicator>1.3.4</SequenceIndicator><Stakeholder><Name>Underserved Students</Name><Description></Description></Stakeholder><Stakeholder><Name>States</Name><Description></Description></Stakeholder><OtherInformation>State-level initiatives to raise preparation and achievement for underserved students
</OtherInformation></Objective><Objective><Name>Assessment and Reporting Models</Name><Description>Develop new models for assessing and reporting students&#8217; cumulative gains on essential learning outcomes</Description><Identifier>_1ea95e80-8bc7-11e1-82f5-b32271d0e070</Identifier><SequenceIndicator>1.3.5</SequenceIndicator><Stakeholder><Name></Name><Description></Description></Stakeholder><OtherInformation>New models for assessing and reporting students&#8217; cumulative gains on essential learning outcomes.</OtherInformation></Objective><Objective><Name>Assessment</Name><Description>Provide New Assessment Frameworks, Resources, and Evidence.</Description><Identifier>_1ea9601a-8bc7-11e1-82f5-b32271d0e070</Identifier><SequenceIndicator>1.4</SequenceIndicator><Stakeholder><Name></Name><Description></Description></Stakeholder><OtherInformation>Making Liberal Education a Shared Priority -- 

In making liberal education a widely shared priority, AAC&amp;U works with member institutions, partner organizations, and national and policy leaders to provide New Assessment Frameworks, Resources, and Evidence </OtherInformation></Objective><Objective><Name>Assessment Frameworks</Name><Description>Develop assessment frameworks to make the evidence of student achievement on essential learning outcomes visible, valued and portable</Description><Identifier>_1ea961dc-8bc7-11e1-82f5-b32271d0e070</Identifier><SequenceIndicator>1.4.1</SequenceIndicator><Stakeholder><Name></Name><Description></Description></Stakeholder><OtherInformation>Assessment frameworks to make the evidence of student achievement on essential learning outcomes visible, valued and portable</OtherInformation></Objective><Objective><Name>Essential Learning</Name><Description>Provide research syntheses and reports about student and institutional progress on essential learning outcomes</Description><Identifier>_1ea9638a-8bc7-11e1-82f5-b32271d0e070</Identifier><SequenceIndicator>1.4.2</SequenceIndicator><Stakeholder><Name></Name><Description></Description></Stakeholder><OtherInformation>Research syntheses and reports about student and institutional progress on essential learning outcomes</OtherInformation></Objective><Objective><Name>Underserved Students</Name><Description>Provide research syntheses and reports about educationally effective or &#8220;high impact practices&#8221; and their accessibility and benefit to underserved students</Description><Identifier>_1ea9652e-8bc7-11e1-82f5-b32271d0e070</Identifier><SequenceIndicator>1.4.3</SequenceIndicator><Stakeholder><Name>Underserved Students</Name><Description></Description></Stakeholder><OtherInformation>Research syntheses and reports about educationally effective or &#8220;high impact practices&#8221; and their accessibility and benefit to underserved students</OtherInformation></Objective><Objective><Name>Educational Practice</Name><Description>Provide tools, templates, and models to support campus based assessment efforts and their use in improving educational practice</Description><Identifier>_1ea96718-8bc7-11e1-82f5-b32271d0e070</Identifier><SequenceIndicator>1.4.4</SequenceIndicator><Stakeholder><Name></Name><Description></Description></Stakeholder><OtherInformation>Tools, templates, and models to support campus based assessment efforts and their use in improving educational practice</OtherInformation></Objective><Objective><Name>Reports</Name><Description>Issue periodic reports to the public on issues and outcomes related to liberal education priorities</Description><Identifier>_1ea968d0-8bc7-11e1-82f5-b32271d0e070</Identifier><SequenceIndicator>1.4.5</SequenceIndicator><Stakeholder><Name></Name><Description></Description></Stakeholder><OtherInformation>Periodic reports to the public on issues and outcomes related to liberal education priorities.</OtherInformation></Objective></Goal><Goal><Name>Inclusive Excellence</Name><Description>Create New Campus Capacity to Support Academic Progress and High Achievement, with special attention to Underserved Student Achievement, emphasizing a broad institutional commitment to help all students achieve essential learning outcomes.</Description><Identifier>_1ea96a92-8bc7-11e1-82f5-b32271d0e070</Identifier><SequenceIndicator>2</SequenceIndicator><Stakeholder><Name>Underserved Students</Name><Description></Description></Stakeholder><OtherInformation></OtherInformation><Objective><Name></Name><Description></Description><Identifier>_1ea96c9a-8bc7-11e1-82f5-b32271d0e070</Identifier><SequenceIndicator></SequenceIndicator><Stakeholder><Name></Name><Description></Description></Stakeholder><OtherInformation></OtherInformation></Objective></Goal><Goal><Name>Intentional and Integrative Learning</Name><Description>Build Shared Responsibility on Campus for the Aims and Outcomes of Liberal Education, across all parts of the educational experience and through intentional and integrative connections across the multiple sites and sources of student learning.</Description><Identifier>_1ea96e7a-8bc7-11e1-82f5-b32271d0e070</Identifier><SequenceIndicator>3</SequenceIndicator><Stakeholder><Name></Name><Description></Description></Stakeholder><OtherInformation></OtherInformation><Objective><Name></Name><Description></Description><Identifier>_1ea9705a-8bc7-11e1-82f5-b32271d0e070</Identifier><SequenceIndicator></SequenceIndicator><Stakeholder><Name></Name><Description></Description></Stakeholder><OtherInformation></OtherInformation></Objective></Goal><Goal><Name>Civic, Diversity, and Global Engagement</Name><Description>Promote Personal and Social Responsibility for a World Lived in Common as an Essential Dimension of College Study, by supporting civic, ethical, intercultural and global learning, and creating models for engaging diversity, democracy, interdependence, inequalities, and societal challenges in all students&#8217; learning.</Description><Identifier>_1ea97262-8bc7-11e1-82f5-b32271d0e070</Identifier><SequenceIndicator>4</SequenceIndicator><Stakeholder><Name></Name><Description></Description></Stakeholder><OtherInformation></OtherInformation><Objective><Name></Name><Description></Description><Identifier>_1ea97456-8bc7-11e1-82f5-b32271d0e070</Identifier><SequenceIndicator></SequenceIndicator><Stakeholder><Name></Name><Description></Description></Stakeholder><OtherInformation></OtherInformation></Objective></Goal><Goal><Name>Authentic Evidence</Name><Description>Advance Assessment Practices That Deepen, Integrate and Demonstrate Student Learning, through advocacy of learning-centered assessment policies, support for campus work to develop meaningful assessment approaches, and experimentation with common e-portfolio frameworks.</Description><Identifier>_1ea97640-8bc7-11e1-82f5-b32271d0e070</Identifier><SequenceIndicator>5</SequenceIndicator><Stakeholder><Name></Name><Description></Description></Stakeholder><OtherInformation></OtherInformation><Objective><Name></Name><Description></Description><Identifier>_1ea9787a-8bc7-11e1-82f5-b32271d0e070</Identifier><SequenceIndicator></SequenceIndicator><Stakeholder><Name></Name><Description></Description></Stakeholder><OtherInformation></OtherInformation></Objective></Goal></StrategicPlanCore><AdministrativeInformation><StartDate>2008-01-01</StartDate><EndDate>2012-12-31</EndDate><PublicationDate>2012-04-21</PublicationDate><Source>http://www.aacu.org/About/strategic_plan.cfm#Mission</Source><Submitter><FirstName>Owen</FirstName><LastName>Ambur</LastName><PhoneNumber></PhoneNumber><EmailAddress>Owen.Ambur@verizon.net</EmailAddress></Submitter></AdministrativeInformation></StrategicPlan>