<?xml version="1.0" encoding="UTF-8"?>
<StrategicPlan xsi:schemaLocation="http://www.stratml.net  http://xml.gov/stratml/references/StrategicPlan.xsd" xmlns:xsi="http://www.w3.org/2001/XMLSchema-instance" xmlns="http://www.stratml.net"><Name>Strategic Plan: Governing Ideas</Name><Description>AASCU&#8217;s distinction resides in the following work on behalf of its members: 

*    ensuring a primary focus on and support for the president or chancellor, with complementary programs and services for the presidential leadership team and for women and racial/ethnic minorities who aspire to leadership roles;
     
*    advocating for a student-focused federal public policy agenda and demonstrating a unique capacity in state policy information and analysis;

*    strengthening the role of state colleges and universities as &#8220;Stewards of Place&#8221; through support of their teaching-learning, research and service missions;

*    sustaining a cohesive network of presidents and chancellors as an important component of an effective, member-driven association.</Description><OtherInformation></OtherInformation><StrategicPlanCore><Organization><Name>AMERICAN ASSOCIATION OF STATE COLLEGES AND UNIVERSITIES</Name><Acronym>AASCU</Acronym><Identifier>_9c9d999c-6109-11e2-ae26-1a281c960c7e</Identifier><Description>AASCU is a Washington-based higher education association of nearly 420 public colleges, universities and systems whose members share a learning- and teaching-centered culture, a historic commitment to underserved student populations and a dedication to research and creativity that advances their regions&#8217; economic progress and cultural development.</Description><Stakeholder><Name>Muriel A. Howard</Name><Description>President</Description></Stakeholder><Stakeholder><Name>Karen Bock-Losee</Name><Description>Executive Secretary to the President</Description></Stakeholder><Stakeholder><Name>Gladys Styles Johnston</Name><Description>Director of MLI and Assistant to the President</Description></Stakeholder><Stakeholder><Name>George L. Mehaffy</Name><Description>Vice President for Academic Leadership and Change</Description></Stakeholder><Stakeholder><Name>Celeste E. Regan</Name><Description>Vice President for Administration and Finance</Description></Stakeholder><Stakeholder><Name>Susan M. Chilcott</Name><Description>Vice President for Communications</Description></Stakeholder><Stakeholder><Name>Edward Elmendorf</Name><Description>Senior Vice President for Government Relations and Policy Analysis</Description></Stakeholder><Stakeholder><Name>Dorcas L. Colvin </Name><Description>Vice President Leadership Development and Membership Services</Description></Stakeholder><Stakeholder><Name>Richard (Rich) Dunfee</Name><Description>Director, Grants Resource Center</Description></Stakeholder><Stakeholder><Name>Rosemary Lauth</Name><Description>Director of Meetings</Description></Stakeholder></Organization><Vision><Description>AASCU will be a transformative influence in American public higher education through advocacy, leadership and service.</Description><Identifier>_9c9d9bc2-6109-11e2-ae26-1a281c960c7e</Identifier></Vision><Mission><Description>To share a learning- and teaching-centered culture, a historic commitment to underserved student populations and a dedication to research and creativity that advances economic progress and cultural development.</Description><Identifier>_9c9d9c94-6109-11e2-ae26-1a281c960c7e</Identifier></Mission><Value><Name>Access</Name><Description>Access and Inclusion - 
Advocating for accessible, affordable, quality public higher education and supporting members&#8217; historic mission of serving students who are non-traditional and represent diverse backgrounds.</Description></Value><Value><Name>Inclusion</Name><Description></Description></Value><Value><Name>Student-Focus</Name><Description>Student-Focused - 
Committing to programs and policies that help our members place students at the heart of their institution.</Description></Value><Value><Name>Innovation</Name><Description>Fostering innovative strategies that help members think deeply and creatively about the nature of their work and that encourage institutional achievement.</Description></Value><Value><Name>Service</Name><Description>Being responsive to our member institutions and the diverse students and communities they serve.</Description></Value><Value><Name>Leadership</Name><Description>Supporting institutional leaders and providing professional development that encourages exemplary practices and innovative management.</Description></Value><Value><Name>Accountability</Name><Description>Fostering responsible and accountable stewardship of public higher education&#8217;s public trust.</Description></Value><Goal><Name>Promotion</Name><Description>To promote understanding, appreciation and support for the public purpose of public higher education and the distinctive contributions of those institutions that comprise the AASCU membership</Description><Identifier>_9c9d9d34-6109-11e2-ae26-1a281c960c7e</Identifier><SequenceIndicator>1</SequenceIndicator><Stakeholder><Name></Name><Description></Description></Stakeholder><OtherInformation></OtherInformation><Objective><Name></Name><Description></Description><Identifier>_9c9d9de8-6109-11e2-ae26-1a281c960c7e</Identifier><SequenceIndicator></SequenceIndicator><Stakeholder><Name></Name><Description></Description></Stakeholder><OtherInformation></OtherInformation></Objective></Goal><Goal><Name>Support</Name><Description>To support member institutions in their mission to prepare students who can be demonstrably competitive and effective in an economy and a society that requires global literacy</Description><Identifier>_9c9d9e9c-6109-11e2-ae26-1a281c960c7e</Identifier><SequenceIndicator>2</SequenceIndicator><Stakeholder><Name></Name><Description></Description></Stakeholder><OtherInformation></OtherInformation><Objective><Name></Name><Description></Description><Identifier>_9c9d9f6e-6109-11e2-ae26-1a281c960c7e</Identifier><SequenceIndicator></SequenceIndicator><Stakeholder><Name></Name><Description></Description></Stakeholder><OtherInformation></OtherInformation></Objective></Goal><Goal><Name>Advocacy</Name><Description>To advocate for effective public policy at the federal level and to provide both federal and state policy analysis to advance member institutions and the students they serve</Description><Identifier>_9c9da02c-6109-11e2-ae26-1a281c960c7e</Identifier><SequenceIndicator>3</SequenceIndicator><Stakeholder><Name></Name><Description></Description></Stakeholder><OtherInformation></OtherInformation><Objective><Name></Name><Description></Description><Identifier>_9c9da0ea-6109-11e2-ae26-1a281c960c7e</Identifier><SequenceIndicator></SequenceIndicator><Stakeholder><Name></Name><Description></Description></Stakeholder><OtherInformation></OtherInformation></Objective></Goal><Goal><Name>Leadership</Name><Description>To provide leadership for effective policy development and program support that will strengthen academic quality, promote access and inclusion, foster regional stewardship and economic progress, and facilitate educational innovation</Description><Identifier>_9c9da1a8-6109-11e2-ae26-1a281c960c7e</Identifier><SequenceIndicator>4</SequenceIndicator><Stakeholder><Name></Name><Description></Description></Stakeholder><OtherInformation></OtherInformation><Objective><Name></Name><Description></Description><Identifier>_9c9da2a2-6109-11e2-ae26-1a281c960c7e</Identifier><SequenceIndicator></SequenceIndicator><Stakeholder><Name></Name><Description></Description></Stakeholder><OtherInformation></OtherInformation></Objective></Goal><Goal><Name>Professional Development</Name><Description>To create professional development opportunities for member presidents and their spouses and partners, system executives and other senior leaders and to undertake a systematic approach to fostering new leaders who will contribute to educational innovation</Description><Identifier>_9c9da374-6109-11e2-ae26-1a281c960c7e</Identifier><SequenceIndicator>5</SequenceIndicator><Stakeholder><Name></Name><Description></Description></Stakeholder><OtherInformation></OtherInformation><Objective><Name></Name><Description></Description><Identifier>_9c9da446-6109-11e2-ae26-1a281c960c7e</Identifier><SequenceIndicator></SequenceIndicator><Stakeholder><Name></Name><Description></Description></Stakeholder><OtherInformation></OtherInformation></Objective></Goal></StrategicPlanCore><AdministrativeInformation><StartDate></StartDate><EndDate></EndDate><PublicationDate>2013-01-17</PublicationDate><Source>http://www.aascu.org/strategic-plan/governing-ideas/</Source><Submitter><FirstName>Owen</FirstName><LastName>Ambur</LastName><PhoneNumber></PhoneNumber><EmailAddress>Owen.Ambur@verizon.net</EmailAddress></Submitter></AdministrativeInformation></StrategicPlan>