<?xml version="1.0" encoding="UTF-8"?>
<StrategicPlan xmlns="urn:ISO:std:iso:17469:tech:xsd:stratml_core" xmlns:xsi="http://www.w3.org/2001/XMLSchema-instance" xsi:schemaLocation="urn:ISO:std:iso:17469:tech:xsd:stratml_core http://xml.govwebs.net/stratml/references/StrategicPlanISOVersion20140401.xsd"><Name>About AAW</Name><Description/><OtherInformation/><StrategicPlanCore><Organization><Name>American Air &amp; Water</Name><Acronym>AAW</Acronym><Identifier>_19adee0c-a5f5-11e7-b643-44139a054364</Identifier><Description/><Stakeholder StakeholderTypeType="Person"><Name>Warren Lynn</Name><Description>CEO/President</Description></Stakeholder><Stakeholder StakeholderTypeType="Organization"><Name>International Ultraviolet Light Association</Name><Description/></Stakeholder><Stakeholder StakeholderTypeType="Organization"><Name>Indoor Air Quality Association</Name><Description/></Stakeholder><Stakeholder StakeholderTypeType="Organization"><Name>StopTBPartnership</Name><Description/></Stakeholder></Organization><Vision><Description>A Safer, Healthier and More Energy Efficient Environment</Description><Identifier>_19adeed4-a5f5-11e7-b643-44139a054364</Identifier></Vision><Mission><Description>To provide effective germicidal UV solutions</Description><Identifier>_19adef56-a5f5-11e7-b643-44139a054364</Identifier></Mission><Value><Name>Health</Name><Description/></Value><Value><Name>Safety</Name><Description/></Value><Value><Name>Energy</Name><Description/></Value><Value><Name>Efficiency</Name><Description/></Value><Goal><Name>Disinfection</Name><Description>Design and deliver ultraviolet solutions through germicidal UVC systems for disinfection of air, surfaces, water and liquid sugar.</Description><Identifier>_19adeff6-a5f5-11e7-b643-44139a054364</Identifier><SequenceIndicator>1</SequenceIndicator><Stakeholder><Name/><Description/></Stakeholder><OtherInformation/><Objective><Name>Air &amp; Surfaces</Name><Description>Disinfect air and surfaces.</Description><Identifier>_19adf096-a5f5-11e7-b643-44139a054364</Identifier><SequenceIndicator>1.1</SequenceIndicator><Stakeholder StakeholderTypeType="Generic_Group"><Name>HVAC Dealers</Name><Description/></Stakeholder><OtherInformation>Air and Surfaces UV Disinfection -- 

This complete line of germicidal UV systems includes stationary direct and indirect UV air cleaners and UV surface sterilizers as well as handheld, portable and mobile ultraviolet devices.
* COMMERCIAL HVAC UV systems »
* INDUSTRIAL Liquid Storage Tank UV Filters »
* RESIDENTIAL American-Lights UV Air Cleaner »</OtherInformation></Objective><Objective><Name>Liquids</Name><Description>Disinfect water, juices, syrups, liquid sugar, specialty liquids.</Description><Identifier>_19adf10e-a5f5-11e7-b643-44139a054364</Identifier><SequenceIndicator>1.2</SequenceIndicator><Stakeholder StakeholderTypeType="Generic_Group"><Name>Industries</Name><Description>INDUSTRIAL
* Industrial
* Syrups, sucrose, fruit juices UV systems
* Large flow UV systems</Description></Stakeholder><Stakeholder StakeholderTypeType="Generic_Group"><Name>Commercial Enterprises</Name><Description>COMMERCIAL
* Sea water and fresh water ultraviolet disinfection systems
* Salt water UV systems for fisheries and hatcheries
* Hot water UV systems
* Cooling towers UV systems</Description></Stakeholder><Stakeholder StakeholderTypeType="Generic_Group"><Name>Fisheries</Name><Description/></Stakeholder><Stakeholder StakeholderTypeType="Generic_Group"><Name>Hatcheries</Name><Description/></Stakeholder><Stakeholder StakeholderTypeType="Generic_Group"><Name>Utility Companies</Name><Description/></Stakeholder><Stakeholder StakeholderTypeType="Generic_Group"><Name>Muncipalities</Name><Description>MUNICIPAL
* Municipal water supply UV disinfection
* Wastewater disinfection UV systems
* Horizontal UV lamps
* Vertical UV lamps</Description></Stakeholder><Stakeholder StakeholderTypeType="Generic_Group"><Name>Home Owners</Name><Description>RESIDENTIAL
* Well water whole house UV systems
* Point-of-entry:  whole-house UV systems
* Point-of-use: single spigot UV equipment
* NSF Standard 55 Class A certified UV systems</Description></Stakeholder><Stakeholder StakeholderTypeType="Generic_Group"><Name>Home Builders</Name><Description/></Stakeholder><Stakeholder StakeholderTypeType="Generic_Group"><Name>Plumbers</Name><Description/></Stakeholder><OtherInformation>UV Disinfection of Liquids:
water, juices, syrups, liquid sugar, specialty liquids</OtherInformation></Objective></Goal><Goal><Name>Customization</Name><Description>Design custom UV disinfection systems.</Description><Identifier>_19adf17c-a5f5-11e7-b643-44139a054364</Identifier><SequenceIndicator>2</SequenceIndicator><Stakeholder><Name/><Description/></Stakeholder><OtherInformation>Custom-built UV Systems -- 
Your organization may have unique disinfection needs that are best addressed by a custom UV system. If your needs go beyond our standard UVC product lines you can request a unique custom design to meet your exact specifications.</OtherInformation><Objective><Name/><Description/><Identifier>_19adf1f4-a5f5-11e7-b643-44139a054364</Identifier><SequenceIndicator/><Stakeholder><Name/><Description/></Stakeholder><OtherInformation/></Objective></Goal></StrategicPlanCore><AdministrativeInformation><PublicationDate>2017-09-30</PublicationDate><Source>http://www.americanairandwater.com/</Source><Submitter><GivenName>Owen</GivenName><Surname>Ambur</Surname><PhoneNumber/><EmailAddress>Owen.Ambur@verizon.net</EmailAddress></Submitter></AdministrativeInformation></StrategicPlan>