<?xml version="1.0" encoding="UTF-8"?>
<StrategicPlan xmlns="urn:ISO:std:iso:17469:tech:xsd:stratml_core" xmlns:xsi="http://www.w3.org/2001/XMLSchema-instance" xsi:schemaLocation="urn:ISO:std:iso:17469:tech:xsd:stratml_core http://xml.govwebs.net/stratml/references/StrategicPlanISOVersion20140401.xsd"><Name>About ABCD</Name><Description>We are currently involved in four broad types of community building work [documented as goals in this StratML rendition] </Description><OtherInformation>ABCD and its affiliated faculty have created a library of community building workbooks, published scholarly articles, books, and chapters oriented to an array of audiences, and developed training curricula and other materials associated with the asset-based community development approach. Additionally, ABCD has gathered community stories from many of its partners and feature them on this website as a resource from which other communities can learn. Finally, ABCD provides examples of asset-mapping tools so that community groups and organizations can borrow from the experiences of others doing asset-based community development work. ​</OtherInformation><StrategicPlanCore><Organization><Name>Asset-Based Community Development Institute</Name><Acronym>ABCD</Acronym><Identifier>_d70c2438-3533-11e7-9373-2c4bd1d54719</Identifier><Description>The Asset-Based Community Development Institute (ABCD) is at the center of a large and growing movement that considers local assets as the primary building blocks of sustainable community development. Building on the skills of local residents, the power of local associations, and the supportive functions of local institutions, asset-based community development draws upon existing community strengths to build stronger, more sustainable communities for the future.</Description><Stakeholder StakeholderTypeType="Generic_Group"><Name>ABCD Founders</Name><Description>The Asset-Based Community Development Institute (ABCD) is co-directed by John L. McKnight, formerly the director of community studies at Northwestern University’s Institute for Policy Research, and his long-time collaborator in community research, John P. Kretzmann​, a faculty member in the School of Education and Social Policy and IPR Faculty Associate at Northwestern. Challenging the traditional approach to solving urban problems, which focuses service providers and funding agencies on the needs and deficiencies of neighborhoods, Kretzmann and McKnight have demonstrated that community assets are key building blocks in sustainable urban and rural community revitalization efforts.</Description></Stakeholder><Stakeholder StakeholderTypeType="Person"><Name>John L. McKnight</Name><Description>Co-Founder -- formerly the director of community studies at Northwestern University’s Institute for Policy Research.</Description></Stakeholder><Stakeholder StakeholderTypeType="Person"><Name>John P. Kretzmann​</Name><Description>Co-Founder -- a faculty member in the School of Education and Social Policy and IPR Faculty Associate at Northwestern. </Description></Stakeholder><Stakeholder StakeholderTypeType="Organization"><Name>Northwestern University</Name><Description>The ABCD Institute is excited and proud to announce our new partnership and home at DePaul University’s Irwin W. Steans Center for Community-Based Service Learning &amp; Community Service Studies located in Chicago, Illinois. We look forward to working with the Steans Center, the Egan Office for Urban Education &amp; Community Partnerships​, staff, students and faculty of DePaul University and their many community partners. 

The ABCD Institute makes this move with gratitude for the support provided by Northwestern University over the past 29 years where Jody Kretzmann and other ABCD faculty members continue to teach. In particular we are grateful to Northwestern University's Center for Civic Engagement whose work continues to embody and advance the asset-based community development work initiated in the 1980's by John McKnight and Jody Kretzmann.</Description></Stakeholder><Stakeholder StakeholderTypeType="Organization"><Name>DePaul University</Name><Description>The Asset-Based Community Development Institute (ABCD) is located at the Steans Center for Community-Based Service Learning at DePaul University. ABCD has a staff of three individuals, including the founders, John McKnight and Jody Kretzmann.</Description></Stakeholder><Stakeholder StakeholderTypeType="Generic_Group"><Name>ABCD Partners</Name><Description>The Asset-Based Community Development Institute partners with many organizations and invites you to visit their websites. The work of each of our partners exemplifies the principles associated with asset-based community development.</Description></Stakeholder><Stakeholder StakeholderTypeType="Organization"><Name>Bank of IDEAS</Name><Description>The Bank of IDEAS (Initiatives for the Development of Enterprising Actions and Strategies) is an Australian leader in the development of healthy, inclusive, sustainable and enterprising communities.</Description></Stakeholder><Stakeholder StakeholderTypeType="Organization"><Name>Coady International Institute</Name><Description>The Coady International Institute in Antigonish, Nova Scotia, is a leader in the study and practice of community-driven development. It's more than 4,700 graduates work around the globe to build a fair, prosperous, and secure world.</Description></Stakeholder><Stakeholder StakeholderTypeType="Organization"><Name>Grassroots Grantmakers</Name><Description>Grassroots Grantmakers is a community of practice of funders who address local priorities, value civic engagement, and build community by helping individuals come together and improve the quality of life where they live.</Description></Stakeholder><Stakeholder StakeholderTypeType="Organization"><Name>Greater Rochester Health Foundation</Name><Description>The Greater Rochester Health Foundation in Rochester, New York, offers innovative grant opportunities to regional community groups interested in implementing grassroots, asset-oriented strategies for improving community health.</Description></Stakeholder><Stakeholder StakeholderTypeType="Organization"><Name>Nurture Development</Name><Description>Nurture Development was established in Ireland in 1996 to provide training, research, community building, facilitation and conflict mitigation services to the third (community and voluntary), the public, and the private sectors respectively. Nurture Development also operates in East Africa, with an office in Nairobi, Kenya.</Description></Stakeholder><Stakeholder StakeholderTypeType="Organization"><Name>Public Allies</Name><Description>Public Allies advances new leadership to strengthen communities, nonprofits, and civic participation. Public Allies identifies talented young adults from diverse backgrounds and prepares them for careers working for community and social change. ​</Description></Stakeholder><Stakeholder StakeholderTypeType="Generic_Group"><Name>ABCD Networks</Name><Description>The Asset-Based Community Development Institute has helped launch ABCD networks across the United States and around the world. These networks utilize the principles and practices associated with asset-based community development in their work, and provide a variety of kinds of support to community builders in their regions.</Description></Stakeholder><Stakeholder StakeholderTypeType="Generic_Group"><Name>ABCD in Action Network</Name><Description>ABCD in Action is an online "community of practice" for those practicing or just interested in ABCD principles. A great place to ask questions, share stories and grow as a community, ABCD In Action provides opportunities to interact with ABCD practitioners within the U.S. and around the globe. Join us on http://www.abcdinaction.org/ today and start sharing!</Description></Stakeholder><Stakeholder StakeholderTypeType="Generic_Group"><Name>ABCD Europe Network</Name><Description>ABCD Europe is a place to discuss, share and deepen ways to apply the principles and practices of Asset-Based Community Development (ABCD) and other strengths-based approaches. The idea was hatched at the first ABCD European summit in Liverpool, where we were joined by 150 ABCD enthusiasts from the Netherlands, the UK and Ireland. Today we know that there are enthusiasts across Europe who recognize that there is more to a good life than services and more at stake than money.</Description></Stakeholder><Stakeholder StakeholderTypeType="Generic_Group"><Name>ABCD Canada</Name><Description>ABCD Canada is hosted by ABCD Faculty member Paul Born and the Tamarack Institute. They have an wonderful website filled with terrific resources. They are dedicated to illuminating and deepening ways to apply the principles and practices of Asset-Based Community Development (ABCD) and other strengths-based approaches to community change. Tamarack Institute is deeply privileged to be the host of Asset-Based Community Development (ABCD) Canada. ​</Description></Stakeholder><Stakeholder StakeholderTypeType="Generic_Group"><Name>ABCD Institute Faculty</Name><Description>As a first priority, the Institute has responded to the many calls by community organizations requesting speeches, workshops, and consultations by establishing the ABCD faculty and later, the ABCD fellows. These highly skilled leaders come from foundations, community groups, United Ways, churches, universities, consulting groups and health organizations in the United States and Canada. They have worked with more than 200 organizations, helping them with their asset-based community development projects. Some of the many issues and groups they've worked with include: Healthy Communities, community mapping, welfare reform, youth, people with disabilities, institution/community relations, and families and children. They've addressed church groups, policymakers, community groups, educators, social service providers, hospitals, foundations and leadership groups.</Description></Stakeholder><Stakeholder StakeholderTypeType="Person"><Name>Bruce Anderson</Name><Description>Institute Faculty, Co-Founder of Community Activators - Active Faculty - Neighborhood and Community Development | Involving Institutions</Description></Stakeholder><Stakeholder StakeholderTypeType="Person"><Name>Paul Arntson</Name><Description>Emeritus Faculty</Description></Stakeholder><Stakeholder StakeholderTypeType="Person"><Name>Michael Bennett</Name><Description>Active Faculty</Description></Stakeholder><Stakeholder StakeholderTypeType="Person"><Name>Terry Bergdall</Name><Description>Active Faculty - International Development</Description></Stakeholder><Stakeholder StakeholderTypeType="Person"><Name>Paul Born</Name><Description>International Faculty</Description></Stakeholder><Stakeholder StakeholderTypeType="Person"><Name>Dee Brooks</Name><Description>International Faculty</Description></Stakeholder><Stakeholder StakeholderTypeType="Person"><Name>Mark Chupp</Name><Description>Active Faculty - Diversity and Inclusion | Neighborhood and Community Development | Involving Institutions</Description></Stakeholder><Stakeholder StakeholderTypeType="Person"><Name>Rev. James Conn</Name><Description>Emeritus Faculty</Description></Stakeholder><Stakeholder StakeholderTypeType="Person"><Name>Henk Cornelissen</Name><Description>International Faculty</Description></Stakeholder><Stakeholder StakeholderTypeType="Person"><Name>Gord Cunningham</Name><Description>Co-Interim Director, Coady International Institute - International Faculty</Description></Stakeholder><Stakeholder StakeholderTypeType="Person"><Name>Tom Dewar</Name><Description>Active Faculty - Neighborhood and Community Development | Local Economic Development</Description></Stakeholder><Stakeholder StakeholderTypeType="Person"><Name>April Doner</Name><Description>Active Faculty - Art | Diversity and Inclusion | Local Economic Development | Neighborhood and Community Development | Social Justice | Local Government | Involving Institutions</Description></Stakeholder><Stakeholder StakeholderTypeType="Person"><Name>Dan Duncan</Name><Description>Active Faculty - Collective Impact | Funders and Philanthropy | Involving Institutions | Neighborhood and Community Development</Description></Stakeholder><Stakeholder StakeholderTypeType="Person"><Name>Ron Dwyer-Voss</Name><Description>Active Faculty - Neighborhood and Community Development | Schools and Education | Rural | Youth | Local Government | Faith Based Organizations | Involving Institutions | Diversity and Inclusion | Health</Description></Stakeholder><Stakeholder StakeholderTypeType="Person"><Name>Joe Erpenbeck</Name><Description>Active Faculty</Description></Stakeholder><Stakeholder StakeholderTypeType="Person"><Name>Al Etmanski</Name><Description>International Faculty</Description></Stakeholder><Stakeholder StakeholderTypeType="Person"><Name>Janis Foster Richardson</Name><Description>Active Faculty - Funders and Philanthropy</Description></Stakeholder><Stakeholder StakeholderTypeType="Person"><Name>Robert Francis</Name><Description>Active Faculty - Neighborhood and Community Development | Restorative and Criminal Justice | Social Justice | Youth</Description></Stakeholder><Stakeholder StakeholderTypeType="Person"><Name>Andy Gordon</Name><Description>Emeritus Faculty</Description></Stakeholder><Stakeholder StakeholderTypeType="Person"><Name>Mike Green</Name><Description>Emeritus Faculty</Description></Stakeholder><Stakeholder StakeholderTypeType="Person"><Name>Lisa Hadden</Name><Description>Active Faculty - Health</Description></Stakeholder><Stakeholder StakeholderTypeType="Person"><Name>DeAmon Harges</Name><Description>Active Faculty - Art | Aging | Diversity and Inclusion | Local Economic Development | Faith Based Organizations</Description></Stakeholder><Stakeholder StakeholderTypeType="Person"><Name>Jennifer Hirsch</Name><Description>Active Faculty - Collective Impact | Social Justice | Sustainability</Description></Stakeholder><Stakeholder StakeholderTypeType="Person"><Name>Terry Holley</Name><Description>Active Faculty - Art | Rural | Funders and Philanthropy</Description></Stakeholder><Stakeholder StakeholderTypeType="Person"><Name>Peter Kenyon</Name><Description>International Faculty</Description></Stakeholder><Stakeholder StakeholderTypeType="Person"><Name>John (Jody) Kretzmann</Name><Description>Founder, Co-Director ABCD Institute - Active Faculty - Neighborhood and Community Development | Schools and Education | Health</Description></Stakeholder><Stakeholder StakeholderTypeType="Person"><Name>Steve Kretzmann</Name><Description>Active Faculty - Neighborhood and Community Development | Schools and Education | Rural | Youth | Sustainability</Description></Stakeholder><Stakeholder StakeholderTypeType="Person"><Name>Karen Lehman</Name><Description>Active Faculty - Food</Description></Stakeholder><Stakeholder StakeholderTypeType="Person"><Name>Diane Littlefield</Name><Description>Emeritus Faculty</Description></Stakeholder><Stakeholder StakeholderTypeType="Person"><Name>Rev. Damon Lynch, III</Name><Description>Emeritus Faculty</Description></Stakeholder><Stakeholder StakeholderTypeType="Person"><Name>Michael Marcus</Name><Description>Active Faculty - Funders and Philanthropy | Diversity and Inclusion | Aging</Description></Stakeholder><Stakeholder StakeholderTypeType="Person"><Name>Mike Mather</Name><Description>Active Faculty - Faith Based Organizations</Description></Stakeholder><Stakeholder StakeholderTypeType="Person"><Name>Alison Mathie</Name><Description>International Faculty</Description></Stakeholder><Stakeholder StakeholderTypeType="Person"><Name>John McKnight</Name><Description>Founder, Co-Director ABCD Institute - Active Faculty - Neighborhood and Community Development | Schools and Education | Health</Description></Stakeholder><Stakeholder StakeholderTypeType="Person"><Name>John Migliaccio</Name><Description>Active Faculty - Aging | Housing</Description></Stakeholder><Stakeholder StakeholderTypeType="Person"><Name>Tom Mosgaller</Name><Description>Active Faculty - Neighborhood and Community Development | Youth | Involving Institutions</Description></Stakeholder><Stakeholder StakeholderTypeType="Person"><Name>Mary Nelson</Name><Description>Active Faculty - Faith Based Organizations | Neighborhood and Community Development</Description></Stakeholder><Stakeholder StakeholderTypeType="Person"><Name>Michelle Obama</Name><Description>Emeritus Faculty</Description></Stakeholder><Stakeholder StakeholderTypeType="Person"><Name>Thomas O'Brien</Name><Description>Active Faculty - Neighborhood and Community Development</Description></Stakeholder><Stakeholder StakeholderTypeType="Person"><Name>Brianne Peters</Name><Description>International Faculty</Description></Stakeholder><Stakeholder StakeholderTypeType="Person"><Name>Deborah Puntenney</Name><Description>Emeritus Faculty</Description></Stakeholder><Stakeholder StakeholderTypeType="Person"><Name>Susan Rans</Name><Description>Emeritus Faculty</Description></Stakeholder><Stakeholder StakeholderTypeType="Person"><Name>Cormac Russell</Name><Description>International Faculty</Description></Stakeholder><Stakeholder StakeholderTypeType="Person"><Name>Paul Schmitz</Name><Description>Active Faculty - Collective Impact | Diversity and Inclusion | Neighborhood and Community Development | Social Justice | Youth | Involving Institutions</Description></Stakeholder><Stakeholder StakeholderTypeType="Person"><Name>Geralyn Sheehan</Name><Description>Active Faculty - International Development</Description></Stakeholder><Stakeholder StakeholderTypeType="Person"><Name>Dacia Steiner</Name><Description>Active Faculty - Involving Institutions | Schools and Education | Neighborhood and Community Development</Description></Stakeholder><Stakeholder StakeholderTypeType="Person"><Name>Ray Thompson</Name><Description>Active Faculty - Neighborhood and Community Development | Schools and Education | Youth</Description></Stakeholder><Stakeholder StakeholderTypeType="Person"><Name>Richard Townsell</Name><Description>Active Faculty - Local Economic Development | Faith Based Organizations | Youth</Description></Stakeholder><Stakeholder StakeholderTypeType="Person"><Name>Byron P. White</Name><Description>Active Faculty - Involving Institutions</Description></Stakeholder><Stakeholder StakeholderTypeType="Person"><Name>Dianne Williams</Name><Description>Emeritus Faculty</Description></Stakeholder><Stakeholder StakeholderTypeType="Person"><Name>Deb Wisniewski</Name><Description>Active Faculty - Diversity and Inclusion | Neighborhood and Community Development | Involving Institutions</Description></Stakeholder></Organization><Vision><Description>Sustainable community development.</Description><Identifier>_d70c28c0-3533-11e7-9373-2c4bd1d54719</Identifier></Vision><Mission><Description>Build communities.</Description><Identifier>_d70c2a50-3533-11e7-9373-2c4bd1d54719</Identifier></Mission><Value><Name>Community Assets</Name><Description>Community assets include:</Description></Value><Value><Name>Skills</Name><Description>the skills of local residents</Description></Value><Value><Name>Associations</Name><Description>the power of local associations</Description></Value><Value><Name>Institutional Resources</Name><Description>the resources of public, private and non-profit institutions</Description></Value><Value><Name>Physical Infrastructure</Name><Description>the physical infrastructure and space in a community</Description></Value><Value><Name>Economic Resources</Name><Description>the economic resources and potential of local places</Description></Value><Value><Name>History</Name><Description>the local history and culture of a neighborhood</Description></Value><Value><Name>Culture</Name><Description/></Value><Goal><Name>Capacity</Name><Description>Build community capacity.</Description><Identifier>_d70c2b5e-3533-11e7-9373-2c4bd1d54719</Identifier><SequenceIndicator>1</SequenceIndicator><Stakeholder StakeholderTypeType="Generic_Group"><Name>Community Groups</Name><Description/></Stakeholder><Stakeholder StakeholderTypeType="Organization"><Name>Nurture Development</Name><Description>Faculty members Cormac Russell and John McKnight partnered with Nurture Development, the Futures Academy, and the Dublin Institute of Technology to facilitate a workshop titled Mobilizing Communities; Transforming Cities which explored how local governments can strengthen civil society and promote active citizenship. Grangegorman, Dublin, Ireland.</Description></Stakeholder><Stakeholder StakeholderTypeType="Organization"><Name>Futures Academy</Name><Description/></Stakeholder><Stakeholder StakeholderTypeType="Organization"><Name>Dublin Institute of Technology</Name><Description/></Stakeholder><Stakeholder StakeholderTypeType="Organization"><Name>Berkana Institute</Name><Description>Faculty member Mike Green partnered with the Berkana Institute, an ALIA partner, to offer a three day workshop for the Cherokee Nation towards developing a learning community using Berkana art of change work with ABCD for rural Cherokee communities. Oklahoma.</Description></Stakeholder><Stakeholder StakeholderTypeType="Organization"><Name>Greater Rochester Health Foundation</Name><Description>Deborah Puntenney currently works with the Greater Rochester Health Foundation to provide technical support for their Neighborhood Health Status Improvement grants. She is delivering training in asset-based community development to representatives of a broad array of local groups, and working directly with four grantee coalitions to engage local residents in the design and implementation of asset-based projects and activities to improve neighborhood health. Rochester, New York.</Description></Stakeholder><Stakeholder StakeholderTypeType="Organization"><Name>University of Newcastle</Name><Description>Jody Kretzmann partnered with the University of Newcastle, New South Wales, Australia on a community development conference that attracted over 300 delegates from 11 Asian countries. On his several Australia visits, Jody has done workshops and consultations with federal and state government departments, dozens of local councils in all six Australian states, and with aboriginal leaders throughout the country. Australia.</Description></Stakeholder><Stakeholder StakeholderTypeType="Organization"><Name>Authentic Leadership in Action</Name><Description>Faculty member Mike Green has partnered with Authentic Leadership in Action ALIA (formerly Shambhala Institute) for community development work in rural Nova Scotia and in Ontario on integrating ABCD, Art of Hosting, and Shambhala leadership practices. Canada.</Description></Stakeholder><Stakeholder StakeholderTypeType="Organization"><Name>NeighborWorks America</Name><Description>Faculty member Mike Green partnered with NeighborWorks America and Sierra Health Foundation to facilitate the two-day, Western Regional ABCD into Action training for people seeking to develop more connected, inclusive, and engaged local communities. Sacramento, California.</Description></Stakeholder><Stakeholder StakeholderTypeType="Organization"><Name>Sierra Health Foundation</Name><Description/></Stakeholder><Stakeholder StakeholderTypeType="Organization"><Name>Coady International Institute</Name><Description>Jody Kretzmann partnered with Coady International Institute to help facilitate a week of discussions by community development leaders from Brazil, Ecuador, Morocco, Egypt, South Africa, Ethiopia, Kenya, Vietnam, Philippines, India, as well as Canada and the US, describing and analyzing their successful community building efforts and sharing strategies and perspectives. These discussions led to the publication of a volume of case studies, From Clients to Citizens: Communities Changing the Course of their own Development. Antigonish, Nova Scotia.</Description></Stakeholder><Stakeholder StakeholderTypeType="Organization"><Name>England</Name><Description>John McKnight partnered with community and government leaders in England, Ireland and Sweden on asset-based community development to local neighborhoods. Europe and UK.</Description></Stakeholder><Stakeholder StakeholderTypeType="Organization"><Name>Ireland</Name><Description/></Stakeholder><Stakeholder StakeholderTypeType="Organization"><Name>Sweden</Name><Description/></Stakeholder><Stakeholder StakeholderTypeType="Organization"><Name>Denmark</Name><Description>Jody Kretzmann consulted with government and community leaders in Denmark and the public health system in England and the Dublin Docklands Development Authority in Ireland.</Description></Stakeholder><Stakeholder StakeholderTypeType="Organization"><Name>Public Health System in England</Name><Description/></Stakeholder><Stakeholder StakeholderTypeType="Organization"><Name>Dublin Docklands Development Authority</Name><Description/></Stakeholder><Stakeholder StakeholderTypeType="Organization"><Name>Grantmaking School of Grand Valley State University</Name><Description>Deborah Puntenney worked with the Grantmaking School of Grand Valley State University of Michigan to develop a curriculum on social change for delivery to grantmaking institutions. Michigan.</Description></Stakeholder><Stakeholder StakeholderTypeType="Organization"><Name>Rwanda</Name><Description>Jody Kretzmann led workshops and consultations on asset-based community development in Rwanda, Ethiopia and South Africa. These involved NGO leaders, government officials, as well as religious and community leaders. Africa.</Description></Stakeholder><Stakeholder StakeholderTypeType="Organization"><Name>Ethiopia</Name><Description/></Stakeholder><Stakeholder StakeholderTypeType="Organization"><Name>South Africa</Name><Description/></Stakeholder><Stakeholder StakeholderTypeType="Organization"><Name>US Public Health Service</Name><Description>Deborah Puntenney and John McKnight partnered with Region V of the US Public Health Service on a project titled Mobilizing Local Associations for Health People 2010. They developed and facilitated a citizen-engagement project emphasizing innovative ways of improving the health of local populations; assisted with local implementation; trained stakeholder groups; and helped disseminate the findings among Public Health Service officials. Chicago, Illinois.</Description></Stakeholder><OtherInformation>Building community capacity is at the heart of ABCD's work. ABCD engages directly with community groups to support their asset-based community development efforts...
Members of the ABCD staff and faculty have engaged in extensive capacity building activities in communities in the United States and around the world. This work often takes the form of working directly with community groups to develop asset-oriented strategies and facilitate local asset-mapping and mobilizing activities. At other times it takes the form of introducing larger agencies and institutions to the concepts and ideas associated with ABCD, and providing the encouragement and support for these entities to transform the ways they work with communities. From thousands of examples, the following help to illustrate the kinds of capacity building activities in which ABCD staff and faculty are involved.</OtherInformation><Objective><Name>Conferences &amp; Workshops</Name><Description>Participate in conferences and workshops.</Description><Identifier>_d70c2c80-3533-11e7-9373-2c4bd1d54719</Identifier><SequenceIndicator>1.1</SequenceIndicator><Stakeholder><Name/><Description/></Stakeholder><OtherInformation>The institute and its affiliated faculty also participate in an array of local, regional, and international conferences and workshops as keynote speakers, workshop and training facilitators, technical support providers, and learning participants.</OtherInformation></Objective></Goal><Goal><Name>Research</Name><Description>Partner with community residents and other local entities to conduct research that helps prepare them to achieve their own community building objectives.</Description><Identifier>_d70c2da2-3533-11e7-9373-2c4bd1d54719</Identifier><SequenceIndicator>2</SequenceIndicator><Stakeholder StakeholderTypeType="Generic_Group"><Name>Community Residents</Name><Description/></Stakeholder><Stakeholder StakeholderTypeType="Generic_Group"><Name>Local Entities</Name><Description/></Stakeholder><OtherInformation>Using a community-based participatory research approach, ABCD partners with community residents and other local entities to conduct research that helps prepare them to achieve their own community building objectives.</OtherInformation><Objective><Name>Project Evaluation</Name><Description>Evaluate asset-based community development projects.</Description><Identifier>_d70c2ece-3533-11e7-9373-2c4bd1d54719</Identifier><SequenceIndicator>2.1</SequenceIndicator><Stakeholder StakeholderTypeType="Generic_Group"><Name>Community Groups</Name><Description/></Stakeholder><Stakeholder StakeholderTypeType="Generic_Group"><Name>Non-profits</Name><Description/></Stakeholder><OtherInformation>ABCD also works with community groups, non-profits, and an array of other institutions to evaluate asset-based community development projects.</OtherInformation></Objective></Goal><Goal><Name>Leaders &amp; Builders</Name><Description>Contribute to the development of the next generation of engaged civic leaders and community builders.</Description><Identifier>_d70c300e-3533-11e7-9373-2c4bd1d54719</Identifier><SequenceIndicator>3</SequenceIndicator><Stakeholder StakeholderTypeType="Generic_Group"><Name>Civic Leaders</Name><Description/></Stakeholder><Stakeholder StakeholderTypeType="Generic_Group"><Name>Community Builders</Name><Description/></Stakeholder><OtherInformation>Working directly with students, faculty, and other organizations, ABCD contributes to the development of the next generation of engaged civic leaders and community builders.</OtherInformation><Objective><Name/><Description/><Identifier>_d70c313a-3533-11e7-9373-2c4bd1d54719</Identifier><SequenceIndicator/><Stakeholder><Name/><Description/></Stakeholder><OtherInformation/></Objective></Goal><Goal><Name>Publications</Name><Description>Produce community building publications.</Description><Identifier>_d70c325c-3533-11e7-9373-2c4bd1d54719</Identifier><SequenceIndicator>4</SequenceIndicator><Stakeholder StakeholderTypeType="Generic_Group"><Name>Community Development Practitioners</Name><Description/></Stakeholder><Stakeholder StakeholderTypeType="Generic_Group"><Name>Community Development Scholars</Name><Description/></Stakeholder><OtherInformation>Producing community building publications and other resources for practitioners and scholars in the community development field, ABCD contributes to a growing body of knowledge about the effectiveness of the asset-based approach to strengthening communities.</OtherInformation><Objective><Name/><Description/><Identifier>_d70c33b0-3533-11e7-9373-2c4bd1d54719</Identifier><SequenceIndicator/><Stakeholder><Name/><Description/></Stakeholder><OtherInformation/></Objective></Goal></StrategicPlanCore><AdministrativeInformation><PublicationDate>2017-05-09</PublicationDate><Source>https://resources.depaul.edu/abcd-institute/about/Pages/default.aspx</Source><Submitter><GivenName>Owen</GivenName><Surname>Ambur</Surname><PhoneNumber/><EmailAddress>Owen.Ambur@verizon.net</EmailAddress></Submitter></AdministrativeInformation></StrategicPlan>