<?xml version="1.0" encoding="UTF-8"?>
<StrategicPlan xsi:schemaLocation="http://www.stratml.net  http://xml.gov/stratml/references/StrategicPlan.xsd" xmlns:xsi="http://www.w3.org/2001/XMLSchema-instance" xmlns="http://www.stratml.net"><id/><Name>American Citizens for Continual Improvement</Name><Description>A StratML based capability maturity assessment (5 levels) will be developed and available for use by individuals that are committed to applying the better methods that will continually result in a more perfect union, more perfect organizations, and more self-actualized individuals. Outputs:  StratML based capability maturity assessments will be available on the website (TBD).      An Annual Report will be published that includes the quantity and quality of completed assessments and significant accomplishments.   Other Outputs: Support materials, online application network, webinars, podcasts, online newsletters, publication of success stories, presentations made by AC4CI members at local, regional, national conferences by organization that support America's Vision.    Outcomes:  Assessments and application of the standards result in continual improvement as measured by increases in capability scores and respective organizational performance indicators.  Information will be used to support the annual State of the Union Address by the President of the United States in January.</Description><OtherInformation>Resources:  Primary resources are individuals within organizations that are committed to leading improvements within their organizations. Scope. AC2I will provide a model for supporting the national (strategic level) transition to the better methods. This model may be useful for other groups and organizations that support similar initiatives. Goals: Categories (Life, Liberty, Pursuit of Happiness) derived from the Declaration of Independence; Goals from the preamble to the Constitution. References: Preamble to the Declaration of Independence:  "We hold these truths to be self-evident, that all men are created equal, that they are endowed by their Creator with certain unalienable Rights, that among these are Life, Liberty and the pursuit of Happiness."  Preamble to the U.S. Constitution: "We the People of the United States, in Order to form a more perfect Union, establish Justice, insure domestic Tranquility, provide for the common defence, promote the general Welfare, and secure the Blessings of Liberty to ourselves and our Posterity, do ordain and establish this Constitution for the United States of America."</OtherInformation><StrategicPlanCore><Organization><Name>American Citizens for Continual Improvement</Name><Acronym>AC4CI</Acronym><Identifier>_de76d828-c6ca-11e4-a07b-857ef5d5dec3</Identifier><Description>American Citizens for Continual Improvement (AC2I) is an independent, nonprofit (501.c.4) organization established with the aim to support the transition to the better methods for achieving continual improvement.  These better methods are included in the StratML ISO Standard 17469-1:2015 and ISO Standard 11462 Part 1 - Elements of SPC and Part 2 - Catalogue of tools and techniques, and other supporting materials.</Description><Stakeholder><Name>Tim J. Clark</Name><Description>Proponent of the formation of AC4CI</Description></Stakeholder><Stakeholder><Name>Dr. Wayne Baker</Name><Description>Author, United America --  America’s Ten Core Values http://webuser.bus.umich.edu/wayneb/united-america.html Purple America: http://webuser.bus.umich.edu/wayneb/pdfs/culture/Purple America June 2005.pdf </Description></Stakeholder><Stakeholder><Name>AC4CI Members</Name><Description>AC4CI will consist of individual and organizational members.</Description></Stakeholder></Organization><Vision><Description>American citizens committed to continual improvement that leads to a more perfect union.</Description><Identifier>_de76daa8-c6ca-11e4-a07b-857ef5d5dec3</Identifier></Vision><Mission><Description>To insure that strategies, policies, laws and regulations result in continually improving quality in pursuit of a more perfect union</Description><Identifier>_de76dba2-c6ca-11e4-a07b-857ef5d5dec3</Identifier></Mission><Value><Name>Respect</Name><Description>Respect for others: Acceptance and appreciation of people of different racial, ethnic and religious groups.</Description></Value><Value><Name>Symbolic Patriotism</Name><Description>An emotional connection to country; feeling good when seeing the American flag or hearing the national anthem.</Description></Value><Value><Name>Freedom</Name><Description>Having the right to participate in politics and elections; expressing an unpopular idea without fearing for one’s safety.</Description></Value><Value><Name>Politics</Name><Description/></Value><Value><Name>Elections</Name><Description/></Value><Value><Name>Security</Name><Description>Keeping the nation safe and secure from external and internal threats. </Description></Value><Value><Name>Self-Reliance</Name><Description>Self-reliance and individualism: Reliance on oneself; independence; emphasis on individual strengths and accomplishments.</Description></Value><Value><Name>Individualism</Name><Description/></Value><Value><Name>Individual Strengths</Name><Description/></Value><Value><Name>Accomplishments</Name><Description/></Value><Value><Name>Equal Opportunity</Name><Description>Equal access to jobs, education, voting, etc. regardless of age, gender, race or other factors; a level playing field.</Description></Value><Value><Name>Jobs</Name><Description/></Value><Value><Name>Education</Name><Description/></Value><Value><Name>Voting</Name><Description/></Value><Value><Name>Individual Achievement</Name><Description>Getting ahead: Individual achievement, status, and success.</Description></Value><Value><Name>Status</Name><Description/></Value><Value><Name>Success</Name><Description/></Value><Value><Name>Enjoyment</Name><Description>Pursuit of happiness: Enjoyment, leisure, pleasure.</Description></Value><Value><Name>Liesure</Name><Description/></Value><Value><Name>Pleasure</Name><Description/></Value><Value><Name>Justice</Name><Description>Justice &amp; fairness: All the world’s people should live in harmony; justice and fairness for all, even people we don’t know.</Description></Value><Value><Name>Fairness</Name><Description/></Value><Value><Name>Critical Patriotism</Name><Description>Tough love of country; criticism of America stems from love of country and desire for improvement.</Description></Value><Value><Name>Life</Name><Description>The quality that distinguishes a vital and functional being from a dead body; the ability to develop, change, improve. </Description></Value><Value><Name>Liberty</Name><Description>The state or condition of people who are able to act and speak freely; the freedom and power to do or choose what you want to do.</Description></Value><Value><Name>Happiness</Name><Description>Pursuit of Happiness --  Description: To freely pursue joy and live life in a way that leads to a state of well-being and contentment and is not illegal or violates the rights of others.</Description></Value><Goal><Name>Life</Name><Description>Promote the general welfare  </Description><Identifier>_de76dc74-c6ca-11e4-a07b-857ef5d5dec3</Identifier><SequenceIndicator>Life 1</SequenceIndicator><Stakeholder><Name>Citizens</Name><Description/></Stakeholder><Stakeholder><Name>NGOs</Name><Description>Nongovernment organizations (NGO)</Description></Stakeholder><Stakeholder><Name>For-Profit Organizations</Name><Description/></Stakeholder><Stakeholder><Name>Non-Profits</Name><Description/></Stakeholder><Stakeholder><Name>U.S. Department Agencies</Name><Description>State Governments</Description></Stakeholder><Stakeholder><Name>Local Governments</Name><Description/></Stakeholder><OtherInformation>AC4CI Performance Indicators:  The quantity and quality of completed capability maturity assessments.  Supporting Performance Indicators from others: Increase in life expectancy, decreases in illnesses and disease, decreases in incidences of crime, decreases in deaths and injuries due to war and terrorism, increased access to adequate health care, increases in access to quality education, vocational and skill based training, Increases in average hourly incomes, increases in the labor force participation rate. Decreases in poverty, decreases in hunger.  </OtherInformation><Objective><Name>Executive Departments</Name><Description>Support application of the StratML capability maturity assessment that will be used to assess the capability of the strategic plans submitted by the Executive Departments per the requirements of the Government Performance and Results Modernization Act (GPRMA).</Description><Identifier>_de76de0e-c6ca-11e4-a07b-857ef5d5dec3</Identifier><SequenceIndicator>Life 1.1</SequenceIndicator><Stakeholder><Name>Executive Departments</Name><Description/></Stakeholder><Stakeholder><Name>Federal Managers</Name><Description/></Stakeholder><OtherInformation>Assessments/supplements to include alignment with the Federal Managers Financial Integrity Act (FMFIA). (FMFIA requires agency directors to sign an annual Statement of Assurance (SoA) that their agencies are effectively and efficiently utilizing all assigned resources).</OtherInformation></Objective><Objective><Name>Other Organizations</Name><Description>Support application of the StratML capability maturity assessment that will be used to assess the capability of the strategic plans submitted by other organizations (government and non-government) that support America’s vision that have supporting strategic plans in the StratML format.</Description><Identifier>_de76e2be-c6ca-11e4-a07b-857ef5d5dec3</Identifier><SequenceIndicator>Life 1.2</SequenceIndicator><Stakeholder><Name>Government Organizations</Name><Description/></Stakeholder><Stakeholder><Name>Non-Government Organizations</Name><Description/></Stakeholder><Stakeholder><Name>Red Cross</Name><Description/></Stakeholder><Stakeholder><Name>United Way</Name><Description/></Stakeholder><OtherInformation>Examples: Red Cross, United Way, et.al.</OtherInformation></Objective></Goal><Goal><Name>Liberty</Name><Description>Provide for the common defense</Description><Identifier>_de76e3b8-c6ca-11e4-a07b-857ef5d5dec3</Identifier><SequenceIndicator>Liberty 1</SequenceIndicator><Stakeholder><Name/><Description/></Stakeholder><OtherInformation/><Objective><Name>National Security Strategy</Name><Description>Support application of the StratML based capability maturity assessment to help insure that the National Security Strategy (NSS) and supporting National Military Strategies protect America's vital interests.</Description><Identifier>_de76e494-c6ca-11e4-a07b-857ef5d5dec3</Identifier><SequenceIndicator>Liberty 1.1</SequenceIndicator><Stakeholder><Name>Citizens</Name><Description/></Stakeholder><Stakeholder><Name>U.S. Department Agencies</Name><Description/></Stakeholder><Stakeholder><Name>Local Governments</Name><Description/></Stakeholder><Stakeholder><Name>State Governments</Name><Description/></Stakeholder><Stakeholder><Name>NGOs</Name><Description>Nongovernment organizations (NGO)</Description></Stakeholder><Stakeholder><Name>For-Profits</Name><Description/></Stakeholder><Stakeholder><Name>Non-Profits</Name><Description/></Stakeholder><OtherInformation>Supporting Performance Indicators from others:   * StratML based capability maturity assessment of the QDR provides the status on the effectiveness  of the National Security Strategy (NSS) and National Military Strategies in protecting America’s vital interests.  * Decreases in national debt (to include funded and unfunded liabilities), decreases in interest on the debt as a percent of the budget, confidence in the U.S. dollar as the world reserve currency * Defense budget does not fall below 2% of GDP.</OtherInformation></Objective></Goal><Goal><Name>Justice</Name><Description>Insure justice</Description><Identifier>_de76e570-c6ca-11e4-a07b-857ef5d5dec3</Identifier><SequenceIndicator>Liberty 2</SequenceIndicator><Stakeholder><Name>Citizens</Name><Description/></Stakeholder><Stakeholder><Name>U.S. Justice Department</Name><Description/></Stakeholder><Stakeholder><Name>State Governments</Name><Description/></Stakeholder><Stakeholder><Name>Local Governments</Name><Description/></Stakeholder><Stakeholder><Name>NGOs</Name><Description>Nongovernment organizations (NGO)</Description></Stakeholder><Stakeholder><Name>For-Profit Organizations</Name><Description/></Stakeholder><Stakeholder><Name>Non-Profits</Name><Description/></Stakeholder><OtherInformation>AC4CI Performance Indicator: * Published report, articles, and blog posts on successes on applying system wide approaches for reducing crime and incarcerations.  Supporting Performance Indicators from others:  * Decreases in violations of the law. * Increases in the percent of convicted criminals that do not return to prison. </OtherInformation><Objective><Name>Maturity Assessment</Name><Description>Support StratML based capability maturity assessments.</Description><Identifier>_de76e642-c6ca-11e4-a07b-857ef5d5dec3</Identifier><SequenceIndicator>Liberty 2.1</SequenceIndicator><Stakeholder><Name/><Description/></Stakeholder><OtherInformation/></Objective><Objective><Name>Analysis &amp; Assessments</Name><Description>Support analysis and assessments that identify the contributing factors to crime, e/g. poverty, child abuse, education, job opportunities, etc. Insure compliance to laws and treaties and publish the result of the assessment. </Description><Identifier>_de76e732-c6ca-11e4-a07b-857ef5d5dec3</Identifier><SequenceIndicator>Liberty 2.2</SequenceIndicator><Stakeholder><Name/><Description/></Stakeholder><OtherInformation/></Objective><Objective><Name>Violations</Name><Description>Successfully address systemic violations of the law that result in continual decreases in violations. </Description><Identifier>_de76e80e-c6ca-11e4-a07b-857ef5d5dec3</Identifier><SequenceIndicator>Liberty 2.3</SequenceIndicator><Stakeholder><Name/><Description/></Stakeholder><OtherInformation/></Objective></Goal><Goal><Name>Blessings</Name><Description>Secure the blessings of Liberty to ourselves and our Posterity</Description><Identifier>_de76eaca-c6ca-11e4-a07b-857ef5d5dec3</Identifier><SequenceIndicator>Liberty 3</SequenceIndicator><Stakeholder><Name>Citizens</Name><Description/></Stakeholder><Stakeholder><Name>U.S. Departments</Name><Description/></Stakeholder><Stakeholder><Name>State Governments</Name><Description/></Stakeholder><Stakeholder><Name>Local Governments</Name><Description/></Stakeholder><Stakeholder><Name>NGOs</Name><Description>Nongovernment organizations (NGOs)</Description></Stakeholder><Stakeholder><Name>For-Profit Organizations</Name><Description/></Stakeholder><Stakeholder><Name>Non-Profits</Name><Description/></Stakeholder><OtherInformation>AC4CI Performance Indicators:  * Performance and index scores indicate continual improvement in pursuit of a more perfect union.  * Significant accomplishments in the AC2I Annual Report are included in major media outlets.</OtherInformation><Objective><Name>Performance Index</Name><Description>Develop and publish an AC4CI Performance Index that can be used to assess the progress that is being made in the pursuit of America's vision.</Description><Identifier>_de76ec0a-c6ca-11e4-a07b-857ef5d5dec3</Identifier><SequenceIndicator>Liberty 3.1</SequenceIndicator><Stakeholder><Name/><Description/></Stakeholder><OtherInformation/></Objective><Objective><Name>Performance Reports</Name><Description>Publish an annual performance report that will support the President's State of the Union Address.</Description><Identifier>_de76ecf0-c6ca-11e4-a07b-857ef5d5dec3</Identifier><SequenceIndicator>Liberty 3.2</SequenceIndicator><Stakeholder><Name/><Description/></Stakeholder><OtherInformation>Report will include the number of groups and organizations that have applied the StratML standard. Report will include significant accomplishments represented in the index.</OtherInformation></Objective></Goal><Goal><Name>Tranquility</Name><Description>Insure domestic tranquility</Description><Identifier>_de76edd6-c6ca-11e4-a07b-857ef5d5dec3</Identifier><SequenceIndicator>Happiness 1</SequenceIndicator><Stakeholder><Name/><Description/></Stakeholder><OtherInformation>Supporting Performance Indicators from others:  * Trends of performance (Life, Liberty) indicate that continual improvement is resulting in a more perfect union.   </OtherInformation><Objective><Name>StratML</Name><Description>Support the successful application of the StratML standard by individuals and organizations (government, nongovernment, profit, non-profit).</Description><Identifier>_de76eed0-c6ca-11e4-a07b-857ef5d5dec3</Identifier><SequenceIndicator>Happiness 1.1</SequenceIndicator><Stakeholder><Name>Individuals</Name><Description/></Stakeholder><Stakeholder><Name>Organizations</Name><Description/></Stakeholder><Stakeholder><Name>Citizens</Name><Description/></Stakeholder><Stakeholder><Name>U.S. Departments</Name><Description/></Stakeholder><Stakeholder><Name>State Governments</Name><Description/></Stakeholder><Stakeholder><Name>Local Governments</Name><Description/></Stakeholder><Stakeholder><Name>NGOs</Name><Description>Nongovernment organizations (NGOs)</Description></Stakeholder><Stakeholder><Name>For-Profit Organizations</Name><Description/></Stakeholder><Stakeholder><Name>Non-Profits</Name><Description/></Stakeholder><OtherInformation/></Objective></Goal></StrategicPlanCore><AdministrativeInformation><StartDate/><EndDate/><PublicationDate>2015-03-18</PublicationDate><Source>http://xml.fido.gov/stratml/carmel/AC4CIwStyle.xml</Source><Submitter><FirstName>Owen</FirstName><LastName>Ambur</LastName><PhoneNumber/><EmailAddress>Owen.Ambur@verizon.net</EmailAddress></Submitter></AdministrativeInformation></StrategicPlan>