<?xml version="1.0" encoding="UTF-8"?>
<StrategicPlan xsi:schemaLocation="http://www.stratml.net  http://xml.gov/stratml/references/StrategicPlan.xsd" xmlns:xsi="http://www.w3.org/2001/XMLSchema-instance" xmlns="http://www.stratml.net"><id/><Name>OUR MISSION, VALUES AND ETHICS</Name><Description/><OtherInformation/><StrategicPlanCore><Organization><Name>ACCA</Name><Acronym>ACCA</Acronym><Identifier/><Description>ACCA is the global body for professional accountants. We offer business-relevant, first-choice qualifications to people of application, ability and ambition around the world who seek a rewarding career in accountancy, finance and management. </Description><Stakeholder><Name>Accountants</Name><Description/></Stakeholder><Stakeholder><Name>Employers</Name><Description/></Stakeholder><Stakeholder><Name>Learning Providers</Name><Description/></Stakeholder><Stakeholder><Name>Students</Name><Description/></Stakeholder><Stakeholder><Name>ACCA Members</Name><Description>BENEFITS OF ACCA MEMBERSHIP -- 
The ACCA letters after your name significantly progress your career and boost your salary. Employers around the world and in a variety of sectors recognise your qualification, meaning you will have complete flexibility in career choice.</Description></Stakeholder></Organization><Vision><Description/><Identifier/></Vision><Mission><Description>To offer qualifications to people seeking careers in accountancy, finance and management.</Description><Identifier/></Mission><Value><Name>Opportunity</Name><Description>we provide opportunity, free from artificial barriers, to people around the world - whether students, members or employees and we support them in their careers.</Description></Value><Value><Name>Diversity</Name><Description>we respect and value difference, embracing diversity in our people and in our output.</Description></Value><Value><Name>Innovation</Name><Description>we create new and unexpected possibilities, providing innovative solutions for the future.</Description></Value><Value><Name>Accountability</Name><Description>we accept individual and corporate responsibility for our actions, working together to deliver a quality service and to promote the best interests of our stakeholders.</Description></Value><Value><Name>Integrity</Name><Description>we act ethically and work in the public interest, treating people fairly and honestly; we encourage the same from others.</Description></Value><Goal><Name>Opportunity &amp; Access</Name><Description>Provide opportunity and access to people of ability around the world and support our
members throughout their careers in accounting, business and finance
</Description><Identifier/><SequenceIndicator>1</SequenceIndicator><Stakeholder><Name/><Description/></Stakeholder><OtherInformation/><Objective><Name/><Description/><Identifier/><SequenceIndicator/><Stakeholder><Name/><Description/></Stakeholder><OtherInformation/></Objective></Goal><Goal><Name>Standards</Name><Description>Achieve and promote the highest professional, ethical and governance standards
advance the public interest</Description><Identifier/><SequenceIndicator>2</SequenceIndicator><Stakeholder><Name/><Description/></Stakeholder><OtherInformation/><Objective><Name/><Description/><Identifier/><SequenceIndicator/><Stakeholder><Name/><Description/></Stakeholder><OtherInformation/></Objective></Goal><Goal><Name>Leadership</Name><Description>Be a global leader in the profession.</Description><Identifier/><SequenceIndicator>3</SequenceIndicator><Stakeholder><Name/><Description/></Stakeholder><OtherInformation/><Objective><Name/><Description/><Identifier/><SequenceIndicator/><Stakeholder><Name/><Description/></Stakeholder><OtherInformation/></Objective></Goal></StrategicPlanCore><AdministrativeInformation><StartDate/><EndDate/><PublicationDate>2013-07-30</PublicationDate><Source>http://www.accaglobal.com/en/discover/about/mission.html</Source><Submitter><FirstName>Owen</FirstName><LastName>Ambur</LastName><PhoneNumber/><EmailAddress>Owen.Ambur@verizon.net</EmailAddress></Submitter></AdministrativeInformation></StrategicPlan>