<?xml version="1.0" encoding="UTF-8"?>
<StrategicPlan xmlns="urn:ISO:std:iso:17469:tech:xsd:stratml_core" xmlns:xsi="http://www.w3.org/2001/XMLSchema-instance" xsi:schemaLocation="urn:ISO:std:iso:17469:tech:xsd:stratml_core http://xml.govwebs.net/stratml/references/StrategicPlanISOVersion20140401.xsd"><Name>Ahead of the Curve: Innovation Governors</Name><Description>Nevada Governor Brian Sandoval's 2017-2018 NGA Chair's Initiative -- 
The 2017-2018 National Governors Association (NGA) Chair, Nevada Governor Brian Sandoval, has
selected technology innovation -- new products and processes that improve quality of life or deliver new
value -- as his theme. The initiative will examine six ways governors can help citizens, businesses and
public sector prepare for the technological transformation of the economy ...</Description><OtherInformation>The world is changing rapidly due to amazing new digital and advanced technologies. These technologies
are transforming our daily way of life and altering the ways businesses and industries operate. From how we
heat and cool our buildings to the cars we drive, or that drive themselves, we are witnessing what some have
declared the "fourth Industrial Revolution." Given the implications for their citizens and economies, governors
are looking for ideas to leverage the opportunities these new technologies present and tackle challenges to
stay "ahead of the curve." They want to know about proactive measures, partnerships and policies that can
help them be "innovation governors."</OtherInformation><StrategicPlanCore><Organization><Name>National Governors Association</Name><Acronym>NGA</Acronym><Identifier>_bc01121c-3bd6-11e2-acab-724acf2fd515</Identifier><Description/><Stakeholder StakeholderTypeType="Person"><Name>Brian Sandoval</Name><Description>2017-2018 NGA Chair  -- 
Governor of Nevada</Description></Stakeholder><Stakeholder StakeholderTypeType="Generic_Group"><Name>NGA Ahead of the Curve Sponsors</Name><Description/></Stakeholder><Stakeholder StakeholderTypeType="Organization"><Name>NextEra</Name><Description/></Stakeholder><Stakeholder StakeholderTypeType="Organization"><Name>Caesars</Name><Description/></Stakeholder><Stakeholder StakeholderTypeType="Organization"><Name>Deloitte</Name><Description/></Stakeholder><Stakeholder StakeholderTypeType="Organization"><Name>Numont Mining</Name><Description/></Stakeholder><Stakeholder StakeholderTypeType="Organization"><Name>VMWare</Name><Description/></Stakeholder><Stakeholder StakeholderTypeType="Organization"><Name>American Electric Power</Name><Description/></Stakeholder><Stakeholder StakeholderTypeType="Organization"><Name>3M</Name><Description/></Stakeholder><Stakeholder StakeholderTypeType="Organization"><Name>T-Mobile</Name><Description/></Stakeholder><Stakeholder StakeholderTypeType="Organization"><Name>Consumer Technology Association</Name><Description/></Stakeholder><Stakeholder StakeholderTypeType="Organization"><Name>Sierra Nevada Corporation</Name><Description/></Stakeholder><Stakeholder StakeholderTypeType="Organization"><Name>Uber</Name><Description/></Stakeholder><Stakeholder StakeholderTypeType="Organization"><Name>U.S. Department of Energy</Name><Description/></Stakeholder><Stakeholder StakeholderTypeType="Organization"><Name>Energy Foundation</Name><Description/></Stakeholder></Organization><Vision><Description/><Identifier>_62006498-d45b-11e7-8353-cd5c7b068471</Identifier></Vision><Mission><Description>To examine six ways governors can help citizens, businesses and public sector prepare for the technological transformation of the economy</Description><Identifier>_6200656a-d45b-11e7-8353-cd5c7b068471</Identifier></Mission><Value><Name>Innovation</Name><Description>Innovation in Energy and Transportation -- 
Governor Sandoval's initiative will focus on the energy and transportation sectors as the two leading areas of innovation, and it will examine impacts on other sectors such as health, education and public safety.</Description></Value><Value><Name>Energy</Name><Description>Energy storage, microgrids, "smart grid" communication, efficiency and renewable energy are part of an energy revolution that holds promise for lowering costs and improving performance. How can those advance alongside current technologies?</Description></Value><Value><Name>Transportation</Name><Description>Drones, electric vehicles, autonomous vehicles and ridesharing are reshaping the movement of people and goods with potential upsides for safety, convenience, mobility and accessibility. How can the transition here be a smooth one? </Description></Value><Goal><Name>Technology Transformation</Name><Description>Support technology transformation</Description><Identifier>_620065f6-d45b-11e7-8353-cd5c7b068471</Identifier><SequenceIndicator>1</SequenceIndicator><Stakeholder><Name/><Description/></Stakeholder><OtherInformation/><Objective><Name/><Description/><Identifier>_620066dc-d45b-11e7-8353-cd5c7b068471</Identifier><SequenceIndicator/><Stakeholder><Name/><Description/></Stakeholder><OtherInformation/></Objective></Goal><Goal><Name>Policy &amp; Regulation</Name><Description>Modernize policy and regulatory processes</Description><Identifier>_6200675e-d45b-11e7-8353-cd5c7b068471</Identifier><SequenceIndicator>2</SequenceIndicator><Stakeholder><Name/><Description/></Stakeholder><OtherInformation/><Objective><Name/><Description/><Identifier>_620067d6-d45b-11e7-8353-cd5c7b068471</Identifier><SequenceIndicator/><Stakeholder><Name/><Description/></Stakeholder><OtherInformation/></Objective></Goal><Goal><Name>Workforce</Name><Description>Prepare and educate the workforce</Description><Identifier>_62006862-d45b-11e7-8353-cd5c7b068471</Identifier><SequenceIndicator>3</SequenceIndicator><Stakeholder><Name/><Description/></Stakeholder><OtherInformation/><Objective><Name/><Description/><Identifier>_620068e4-d45b-11e7-8353-cd5c7b068471</Identifier><SequenceIndicator/><Stakeholder><Name/><Description/></Stakeholder><OtherInformation/></Objective></Goal><Goal><Name>Data &amp; Communications</Name><Description>Update communications and data systems</Description><Identifier>_62006966-d45b-11e7-8353-cd5c7b068471</Identifier><SequenceIndicator>3</SequenceIndicator><Stakeholder><Name/><Description/></Stakeholder><OtherInformation/><Objective><Name/><Description/><Identifier>_620069f2-d45b-11e7-8353-cd5c7b068471</Identifier><SequenceIndicator/><Stakeholder><Name/><Description/></Stakeholder><OtherInformation/></Objective></Goal><Goal><Name>Cyber Threats</Name><Description>Protect systems from cyber threats
</Description><Identifier>_62006a74-d45b-11e7-8353-cd5c7b068471</Identifier><SequenceIndicator>5</SequenceIndicator><Stakeholder><Name/><Description/></Stakeholder><OtherInformation/><Objective><Name/><Description/><Identifier>_62006af6-d45b-11e7-8353-cd5c7b068471</Identifier><SequenceIndicator/><Stakeholder><Name/><Description/></Stakeholder><OtherInformation/></Objective></Goal><Goal><Name>Risks &amp; Benefits</Name><Description>Inform citizens about benefits and risks</Description><Identifier>_62006b82-d45b-11e7-8353-cd5c7b068471</Identifier><SequenceIndicator>6</SequenceIndicator><Stakeholder><Name/><Description/></Stakeholder><OtherInformation/><Objective><Name/><Description/><Identifier>_62006c0e-d45b-11e7-8353-cd5c7b068471</Identifier><SequenceIndicator/><Stakeholder><Name/><Description/></Stakeholder><OtherInformation/></Objective></Goal></StrategicPlanCore><AdministrativeInformation><StartDate>2017-07-01</StartDate><EndDate>2018-07-01</EndDate><PublicationDate>2017-11-28</PublicationDate><Source>https://ci.nga.org/files/live/sites/ci/files/1718/docs/1707ATCHandout.pdf</Source><Submitter><GivenName>Owen</GivenName><Surname>Ambur</Surname><PhoneNumber/><EmailAddress>Owen.Ambur@verizon.net</EmailAddress></Submitter></AdministrativeInformation></StrategicPlan>