<?xml version="1.0" encoding="UTF-8"?>
<StrategicPlan xsi:schemaLocation="http://www.stratml.net  http://xml.gov/stratml/references/StrategicPlan.xsd" xmlns:xsi="http://www.w3.org/2001/XMLSchema-instance" xmlns="http://www.stratml.net"><id/><Name>ABOUT THE ADCI</Name><Description>Xavier University’s American Dream Composite Index™ (ADCI) measures the extent to which people living in the United States achieve the American Dream.  The ADCI is based on a random sample of no fewer than 1,000 adults who are surveyed online each month, with at least 400 respondents recurring from the previous month.

The monthly samples are representative, based on the most recent 2010 U.S. Census, of adults living in the U.S.  Demographics capture age, income, ethnicity/race, gender, level of education, state/region of residence, marital status, homeowner status, and employment status.

</Description><OtherInformation>The results of the ADCI survey are made available to the public on a monthly basis.  Fluctuations in the ADCI across various dimensions of the American Dream are documented and assessed.  The ADCI survey can facilitate comparisons across individuals, cities, states, countries, and regions.</OtherInformation><StrategicPlanCore><Organization><Name>Center for the Study of the American Dream</Name><Acronym>CSAD</Acronym><Identifier/><Description/><Stakeholder><Name>Williams College of Business</Name><Description/></Stakeholder><Stakeholder><Name>Xavier University</Name><Description/></Stakeholder></Organization><Vision><Description/><Identifier/></Vision><Mission><Description>To measure American sentiment that values the American Dream on a monthly basis.  </Description><Identifier/></Mission><Value><Name>American Dream</Name><Description>The notion of the American Dream encompasses our behaviors, attitudes and satisfaction with economic conditions, personal well-being, societal and political institutions, cultural diversity, and the physical environment.  </Description></Value><Goal><Name>ADCI</Name><Description>Reveal what people living in the United States do, strive for, work for, wish for, and ultimately, hope for.</Description><Identifier/><SequenceIndicator/><Stakeholder><Name/><Description/></Stakeholder><OtherInformation>The ADCI reveals what people living in the United States do, strive for, work for, wish for, and ultimately, hope for as they assume multiple roles, including but not limited to, consumers, parents, children, students, employees, employers, parishioners, voters, etc.</OtherInformation><Objective><Name>Economic Index</Name><Description>Measure satisfaction, freedom and progress with respect finances, job, home ownership and health care.</Description><Identifier/><SequenceIndicator>1</SequenceIndicator><Stakeholder><Name/><Description/></Stakeholder><OtherInformation>The American Dream Economic Index™ measures one’s satisfaction, freedom 
and progress with respect to their finances, job, home ownership and health 
care. It is developed from the following dimensions:</OtherInformation></Objective><Objective><Name>Financial Security</Name><Description/><Identifier/><SequenceIndicator>1.1</SequenceIndicator><Stakeholder><Name/><Description/></Stakeholder><OtherInformation/></Objective><Objective><Name>Material Prosperity</Name><Description/><Identifier/><SequenceIndicator>1.2</SequenceIndicator><Stakeholder><Name/><Description/></Stakeholder><OtherInformation/></Objective><Objective><Name>Access to Education</Name><Description/><Identifier/><SequenceIndicator>1.3</SequenceIndicator><Stakeholder><Name/><Description/></Stakeholder><OtherInformation/></Objective><Objective><Name>Destinations in Life</Name><Description/><Identifier/><SequenceIndicator>1.4</SequenceIndicator><Stakeholder><Name/><Description/></Stakeholder><OtherInformation/></Objective><Objective><Name>Job Benefits</Name><Description/><Identifier/><SequenceIndicator>1.5</SequenceIndicator><Stakeholder><Name/><Description/></Stakeholder><OtherInformation/></Objective><Objective><Name>Health Care</Name><Description/><Identifier/><SequenceIndicator>1.6</SequenceIndicator><Stakeholder><Name/><Description/></Stakeholder><OtherInformation/></Objective><Objective><Name>Freedom of Choice</Name><Description/><Identifier/><SequenceIndicator>1.6</SequenceIndicator><Stakeholder><Name/><Description/></Stakeholder><OtherInformation/></Objective><Objective><Name>Generational Progress</Name><Description/><Identifier/><SequenceIndicator>1.7</SequenceIndicator><Stakeholder><Name/><Description/></Stakeholder><OtherInformation/></Objective><Objective><Name>Home Ownership</Name><Description/><Identifier/><SequenceIndicator>1.8</SequenceIndicator><Stakeholder><Name/><Description/></Stakeholder><OtherInformation/></Objective><Objective><Name>Job Environment</Name><Description/><Identifier/><SequenceIndicator>1.9</SequenceIndicator><Stakeholder><Name/><Description/></Stakeholder><OtherInformation/></Objective><Objective><Name>Well-Being Index</Name><Description/><Identifier/><SequenceIndicator>2</SequenceIndicator><Stakeholder><Name/><Description/></Stakeholder><OtherInformation>The American Dream Well-Being Index™ measures the extent of one’s 
contentment, health and prosperity in life. It is developed from the following 
dimensions:</OtherInformation></Objective><Objective><Name>Family Support</Name><Description/><Identifier/><SequenceIndicator>2.1</SequenceIndicator><Stakeholder><Name/><Description/></Stakeholder><OtherInformation/></Objective><Objective><Name>Support of Friends</Name><Description/><Identifier/><SequenceIndicator>2.2</SequenceIndicator><Stakeholder><Name/><Description/></Stakeholder><OtherInformation/></Objective><Objective><Name>Support of Someone Special</Name><Description/><Identifier/><SequenceIndicator>2.3</SequenceIndicator><Stakeholder><Name/><Description/></Stakeholder><OtherInformation/></Objective><Objective><Name>Happiness</Name><Description/><Identifier/><SequenceIndicator>2.4</SequenceIndicator><Stakeholder><Name/><Description/></Stakeholder><OtherInformation/></Objective><Objective><Name>Freedom of Expression</Name><Description/><Identifier/><SequenceIndicator>2.5</SequenceIndicator><Stakeholder><Name/><Description/></Stakeholder><OtherInformation/></Objective><Objective><Name>Fruits of My Labor</Name><Description/><Identifier/><SequenceIndicator>2.6</SequenceIndicator><Stakeholder><Name/><Description/></Stakeholder><OtherInformation/></Objective><Objective><Name>Entrepreneurial Spirit</Name><Description/><Identifier/><SequenceIndicator>2.7</SequenceIndicator><Stakeholder><Name/><Description/></Stakeholder><OtherInformation/></Objective><Objective><Name>Leisure Activities</Name><Description/><Identifier/><SequenceIndicator>2.8</SequenceIndicator><Stakeholder><Name/><Description/></Stakeholder><OtherInformation/></Objective><Objective><Name>Social Status</Name><Description/><Identifier/><SequenceIndicator>2.9</SequenceIndicator><Stakeholder><Name/><Description/></Stakeholder><OtherInformation/></Objective><Objective><Name>Personal Health</Name><Description/><Identifier/><SequenceIndicator>2.10</SequenceIndicator><Stakeholder><Name/><Description/></Stakeholder><OtherInformation/></Objective><Objective><Name>Satisfaction with Residence</Name><Description/><Identifier/><SequenceIndicator>2.11</SequenceIndicator><Stakeholder><Name/><Description/></Stakeholder><OtherInformation/></Objective><Objective><Name>Optimism</Name><Description/><Identifier/><SequenceIndicator>2.12</SequenceIndicator><Stakeholder><Name/><Description/></Stakeholder><OtherInformation/></Objective><Objective><Name>Societal Index</Name><Description>Measure the extent to which the government, businesses and people are fair and trustworthy.</Description><Identifier/><SequenceIndicator>3</SequenceIndicator><Stakeholder><Name/><Description/></Stakeholder><OtherInformation>The American Dream Societal Index™ measures the extent to which the 
government, businesses and people are fair and trustworthy. It is developed 
from the following dimensions:</OtherInformation></Objective><Objective><Name>Trust in Government</Name><Description/><Identifier/><SequenceIndicator>3.1</SequenceIndicator><Stakeholder><Name/><Description/></Stakeholder><OtherInformation/></Objective><Objective><Name>Trust in Business</Name><Description/><Identifier/><SequenceIndicator>3.2</SequenceIndicator><Stakeholder><Name/><Description/></Stakeholder><OtherInformation/></Objective><Objective><Name>Just Society</Name><Description/><Identifier/><SequenceIndicator>3.3</SequenceIndicator><Stakeholder><Name/><Description/></Stakeholder><OtherInformation/></Objective><Objective><Name>Trust in People</Name><Description/><Identifier/><SequenceIndicator>3.4</SequenceIndicator><Stakeholder><Name/><Description/></Stakeholder><OtherInformation/></Objective><Objective><Name>Education Quality</Name><Description/><Identifier/><SequenceIndicator>3.5</SequenceIndicator><Stakeholder><Name/><Description/></Stakeholder><OtherInformation/></Objective><Objective><Name>Safety in Travel</Name><Description/><Identifier/><SequenceIndicator>3.6</SequenceIndicator><Stakeholder><Name/><Description/></Stakeholder><OtherInformation/></Objective><Objective><Name>Safety in Community</Name><Description/><Identifier/><SequenceIndicator>3.7</SequenceIndicator><Stakeholder><Name/><Description/></Stakeholder><OtherInformation/></Objective><Objective><Name>Civic Participation</Name><Description/><Identifier/><SequenceIndicator>3.8</SequenceIndicator><Stakeholder><Name/><Description/></Stakeholder><OtherInformation/></Objective><Objective><Name>Diversity Index</Name><Description>Measure attitudes toward the assimilation of differences.</Description><Identifier/><SequenceIndicator>4</SequenceIndicator><Stakeholder><Name/><Description/></Stakeholder><OtherInformation>The American Dream Diversity Index™ measures the attitudes toward the 
assimilation of differences in one’s community. It is developed from the 
following dimensions:</OtherInformation></Objective><Objective><Name>Melting Pot – Community</Name><Description/><Identifier/><SequenceIndicator>4.1</SequenceIndicator><Stakeholder><Name/><Description/></Stakeholder><OtherInformation/></Objective><Objective><Name>Melting Pot – Personal and Social Identity</Name><Description/><Identifier/><SequenceIndicator>4.2</SequenceIndicator><Stakeholder><Name/><Description/></Stakeholder><OtherInformation/></Objective><Objective><Name>Political Freedom</Name><Description/><Identifier/><SequenceIndicator>4.3</SequenceIndicator><Stakeholder><Name/><Description/></Stakeholder><OtherInformation/></Objective><Objective><Name>Melting Pot - Diversity</Name><Description/><Identifier/><SequenceIndicator>4.4</SequenceIndicator><Stakeholder><Name/><Description/></Stakeholder><OtherInformation/></Objective><Objective><Name>Environmental Index</Name><Description>Measure pollution in the air, food, water and land.</Description><Identifier/><SequenceIndicator>5</SequenceIndicator><Stakeholder><Name/><Description/></Stakeholder><OtherInformation>The American Dream Environmental Index™ measures the extent of pollution in 
the air, food, water and land that one encounters on a regular basis. </OtherInformation></Objective></Goal></StrategicPlanCore><AdministrativeInformation><StartDate/><EndDate/><PublicationDate>2013-09-26</PublicationDate><Source>http://www.americandreamcompositeindex.com/</Source><Submitter><FirstName>Owen</FirstName><LastName>Ambur</LastName><PhoneNumber/><EmailAddress>Owen.Ambur@verizon.net</EmailAddress></Submitter></AdministrativeInformation></StrategicPlan>