<?xml version="1.0" encoding="UTF-8"?>
<StrategicPlan xmlns="urn:ISO:std:iso:17469:tech:xsd:stratml_core" xmlns:xsi="http://www.w3.org/2001/XMLSchema-instance" xsi:schemaLocation="urn:ISO:std:iso:17469:tech:xsd:stratml_core http://xml.govwebs.net/stratml/references/StrategicPlanISOVersion20140401.xsd"><Name>About ADR</Name><Description></Description><OtherInformation></OtherInformation><StrategicPlanCore><Organization><Name>Association for Democratic Reforms</Name><Acronym>ADR</Acronym><Identifier>_329ae1c4-eb9c-11df-b4f6-12207a64ea2a</Identifier><Description>Association for Democratic Reforms (ADR) was established in August 1999 by a group of Professors from the Indian Institute of Management (IIM), Ahmedabad. It started working on building fair and transparent electoral and political processes in the country by filing a Public Interest Litigation (PIL) in August 1999 in the Delhi High Court asking for mandatory disclosure of criminal, financial and educational background of candidates contesting elections to the Parliament and State Legislatures, prior to the polls.</Description><Stakeholder><Name></Name><Description></Description></Stakeholder></Organization><Vision><Description></Description><Identifier>_329ae408-eb9c-11df-b4f6-12207a64ea2a</Identifier></Vision><Mission><Description>To work towards strengthening democracy and governance in India by focusing on fair and transparent electoral and political processes.</Description><Identifier>_329ae516-eb9c-11df-b4f6-12207a64ea2a</Identifier></Mission><Value><Name></Name><Description></Description></Value><Goal><Name>Electoral and Political Reforms</Name><Description>Working actively towards Electoral and Political Reforms</Description><Identifier>_329ae5b6-eb9c-11df-b4f6-12207a64ea2a</Identifier><SequenceIndicator>1</SequenceIndicator><Stakeholder><Name></Name><Description></Description></Stakeholder><OtherInformation></OtherInformation><Objective><Name>Electoral Process Reform</Name><Description>Disclose background (criminal, financial and educational) of candidates who are contesting elections</Description><Identifier>_329ae638-eb9c-11df-b4f6-12207a64ea2a</Identifier><SequenceIndicator>1.1</SequenceIndicator><Stakeholder><Name></Name><Description></Description></Stakeholder><OtherInformation>Election Watch of Parliament and State Assembly elections is more or less a continued activity of ADR. Under the Election Watch of Parliament and State Assembly elections, ADR discloses background (criminal, financial and educational) of candidates who are contesting elections. Since the landmark judgment of Supreme Court, ADR has done election watches for almost all State Assembly and Lok Sabha elections in the country. ADR has also successfully mobilized and networked with a large number of civil society organizations all over the country. This, in turn, has helped in taking the campaign to grass roots while strengthening our network across the country. ADR has also got great support from the various media organizations. All our press releases and reports have been extensively covered by the media &#8211; both the print and visual.</OtherInformation></Objective><Objective><Name>Political Process Reform</Name><Description>Seek disclosure of financial information by the political parties</Description><Identifier>_329ae6ce-eb9c-11df-b4f6-12207a64ea2a</Identifier><SequenceIndicator>1.2</SequenceIndicator><Stakeholder><Name></Name><Description></Description></Stakeholder><OtherInformation>ADR has also expanded its agenda to encompass political process reforms. Political parties function as the key link between the people and their representatives, and thus, in their structure and working, political parties must adhere to democratic norms and transparency. ADR sought disclosure of financial information by the political parties, in line with the recommendations of the Indrajit Gupta Committee Report (1998) on state funding of election expenses and the 170th report of the Law Commission. The Chief Information Commissioner vide his order dated April 29, 2008, has held that copies of the Income Tax returns of the political parties filed with the public authorities and the assessment orders passed on them will be available to the citizens. Taking it forward, ADR has been scrutinizing the copies of the IT returns of political parties collected using RTI. ADR has also been working on the creating an environment for bringing political parties under the ambit of law.</OtherInformation></Objective></Goal><Goal><Name>Right to Information</Name><Description>Working towards strengthening Right to Information as a tool and facilitating the process for attaining greater transparency of those people who are in power</Description><Identifier>_329ae76e-eb9c-11df-b4f6-12207a64ea2a</Identifier><SequenceIndicator>2</SequenceIndicator><Stakeholder><Name>People in Power in India</Name><Description></Description></Stakeholder><OtherInformation></OtherInformation><Objective><Name></Name><Description></Description><Identifier>_329ae822-eb9c-11df-b4f6-12207a64ea2a</Identifier><SequenceIndicator></SequenceIndicator><Stakeholder><Name></Name><Description></Description></Stakeholder><OtherInformation></OtherInformation></Objective></Goal><Goal><Name>Mobilization, Dialogue, and Empowerment</Name><Description>Mobilizing public opinion, facilitating a dialogue between policy makers and civil society organizations for the empowerment of citizens</Description><Identifier>_329ae8d6-eb9c-11df-b4f6-12207a64ea2a</Identifier><SequenceIndicator>3</SequenceIndicator><Stakeholder><Name>Citizens of India</Name><Description></Description></Stakeholder><OtherInformation></OtherInformation><Objective><Name></Name><Description></Description><Identifier>_329ae994-eb9c-11df-b4f6-12207a64ea2a</Identifier><SequenceIndicator></SequenceIndicator><Stakeholder><Name></Name><Description></Description></Stakeholder><OtherInformation></OtherInformation></Objective></Goal></StrategicPlanCore><AdministrativeInformation><StartDate></StartDate><EndDate></EndDate><PublicationDate>2010-11-08</PublicationDate><Source>http://adrindia.org/About-Us/Content/about-adr.html</Source><Submitter><FirstName>Owen</FirstName><LastName>Ambur</LastName><PhoneNumber></PhoneNumber><EmailAddress>Owen.Ambur@verizon.net</EmailAddress></Submitter></AdministrativeInformation></StrategicPlan>