<?xml version="1.0" encoding="UTF-8"?>
<StrategicPlan xsi:schemaLocation="http://www.stratml.net  http://xml.gov/stratml/references/StrategicPlan.xsd" xmlns:xsi="http://www.w3.org/2001/XMLSchema-instance" xmlns="http://www.stratml.net"><id/><Name>About Us</Name><Description/><OtherInformation/><StrategicPlanCore><Organization><Name>American Education Foundation</Name><Acronym>AEF</Acronym><Identifier/><Description>The American Education Foundation is a nonprofit 501(c)3 dedicated to inspiring students of all ages to active civic engagement. </Description><Stakeholder><Name>Students of All Ages</Name><Description/></Stakeholder></Organization><Vision><Description/><Identifier/></Vision><Mission><Description>To inspire students of all ages to civic action and to give them the communication skills required to be successful in the public arena.</Description><Identifier/></Mission><Value><Name/><Description/></Value><Goal><Name>Communications Skills</Name><Description>Help students acquire the communications skills necessary to be successful in the public arena</Description><Identifier/><SequenceIndicator>1</SequenceIndicator><Stakeholder><Name>Students</Name><Description/></Stakeholder><OtherInformation>We are focused on helping students acquire the communications skills necessary to be successful in the public arena, whether they choose to run for office, become a journalist, lobby their congressman, vote, or simply engage in a heady debate with friends.  In this spirit, the AEF funds programs which focus on improving the communication abilities of public school students and supports after-school programs and supplementary educational programs specializing in writing, reading, civics and debate.</OtherInformation><Objective><Name>Communication Programs</Name><Description>Fund programs to improve the communication abilities of public school students.</Description><Identifier/><SequenceIndicator>1.1</SequenceIndicator><Stakeholder><Name>Public School Students</Name><Description/></Stakeholder><OtherInformation/></Objective><Objective><Name>Writing, Reading, Civics &amp; Debate</Name><Description>Support after-school programs and supplementary educational programs specializing in writing, reading, civics and debate.</Description><Identifier/><SequenceIndicator>1.2</SequenceIndicator><Stakeholder><Name>After-School Programs</Name><Description/></Stakeholder><Stakeholder><Name>Supplementary Educational Programs</Name><Description/></Stakeholder><OtherInformation/></Objective><Objective><Name>Debate Programs</Name><Description>Fund and run debate programs in public charter schools in Southern California.</Description><Identifier/><SequenceIndicator>1.2.1</SequenceIndicator><Stakeholder><Name>Public Charter Schools in Southern California</Name><Description/></Stakeholder><OtherInformation>Since 2008, AEF has been funding and running debate programs in public charter schools in Southern California. In our last debate tournament we proudly hosted over 80 students. We hope to expand this program in California, as well as other urban areas.</OtherInformation></Objective></Goal><Goal><Name>Civic Awareness</Name><Description>Promote civic awareness supporting journalism programs and other political education outreach.</Description><Identifier/><SequenceIndicator>2</SequenceIndicator><Stakeholder><Name>American Colleges</Name><Description/></Stakeholder><Stakeholder><Name>Journalism Programs</Name><Description/></Stakeholder><OtherInformation>AEF also works with American colleges to promote civic awareness supporting journalism programs and other political education outreach. Our keystone project is: The Annual Report of the USA, published by the Harvard Political Review.</OtherInformation><Objective><Name>Annual Report of the USA</Name><Description>Publish The Annual Report of the USA.</Description><Identifier/><SequenceIndicator>2.1</SequenceIndicator><Stakeholder><Name>Harvard Political Review</Name><Description/></Stakeholder><Stakeholder><Name>Taxpayers</Name><Description/></Stakeholder><Stakeholder><Name>USA</Name><Description/></Stakeholder><OtherInformation>Every year AEF works with the Harvard Political Review to publish The Annual Report of the USA. As taxpayer, we are all truly “shareholders” in the U.S. government. But while corporate stockholders receive annual reports in order to track their investments, we American citizens are often kept in the dark.  This comprehensive guide — completely updated each year — tracks all federal income and expenditures, cutting through the murkiness of federal budget speak with explanations and accompanying charts and graphs. This student-produced report also provides in-depth analysis on big ticket expenditures such as Social Security, Medicare, and National Defense and reviews the strain of persistent deficits and debt on the American economy</OtherInformation></Objective><Objective><Name>Fiscal Research</Name><Description>Sponsor programs to sponsor graduate and undergraduate students interested in political journalism and fiscal policy to write and publish research on the many fiscal issues that now face our states.</Description><Identifier/><SequenceIndicator>2.2</SequenceIndicator><Stakeholder><Name>Harvard Univerity</Name><Description/></Stakeholder><Stakeholder><Name>Stanford University </Name><Description/></Stakeholder><Stakeholder><Name>University of Pennsylvania</Name><Description/></Stakeholder><Stakeholder><Name>States</Name><Description/></Stakeholder><OtherInformation>AEF sponsors programs at Harvard Univerity, Stanford University and the University of Pennsylvania to sponsor graduate and undergraduate students interested in political journalism and fiscal policy to write and publish research on the many fiscal issues that now face our states. </OtherInformation></Objective><Objective><Name>State Reports</Name><Description>Produce Annual Reports for over six U.S. states.</Description><Identifier/><SequenceIndicator>2.2.1</SequenceIndicator><Stakeholder><Name>Massachusetts</Name><Description/></Stakeholder><Stakeholder><Name>California</Name><Description/></Stakeholder><Stakeholder><Name>New York</Name><Description/></Stakeholder><Stakeholder><Name>Texas</Name><Description/></Stakeholder><OtherInformation>The “States Project” – launched in 2011 — will produce Annual Reports for over six U.S. states, including Massachusetts, California, New York and Texas. </OtherInformation></Objective><Objective><Name>Commentary, Blogs &amp; Stories</Name><Description>Craft political commentary, blog entries, and online stories.</Description><Identifier/><SequenceIndicator>2.2.2</SequenceIndicator><Stakeholder><Name/><Description/></Stakeholder><OtherInformation>In addition to their research duties, students also craft political commentary, blog entries, and other online stories.</OtherInformation></Objective></Goal></StrategicPlanCore><AdministrativeInformation><StartDate/><EndDate/><PublicationDate>2013-10-19</PublicationDate><Source>http://www.americafound.org/about-us/</Source><Submitter><FirstName>Owen</FirstName><LastName>Ambur</LastName><PhoneNumber/><EmailAddress>Owen.Ambur@verizon.net</EmailAddress></Submitter></AdministrativeInformation></StrategicPlan>