<?xml version="1.0" encoding="UTF-8"?>
<StrategicPlan xsi:schemaLocation="http://www.stratml.net  http://xml.gov/stratml/references/StrategicPlan.xsd" xmlns:xsi="http://www.w3.org/2001/XMLSchema-instance" xmlns="http://www.stratml.net"><id/><Name>About AEI Marketing</Name><Description/><OtherInformation/><StrategicPlanCore><Organization><Name>AEI Marketing</Name><Acronym>AEIM</Acronym><Identifier>_34f1a68a-6bac-11e4-a21e-2aeb03f0861b</Identifier><Description>... we understand how people consume knowledge. We understand today's internet is exacting and results are verifiable. Yet we bring to new media a wealth of experience with time-tested methods and channels.</Description><Stakeholder><Name>Jeff Urell</Name><Description>Owner AEI Marketing -- Jeff Urell is managing partner of AEI Marketing LLC, which provides a broad array of marketing and communications services, with a particular focus on maximizing value from the latest social and viral marketing methods.
Jeff is particularly adept at polishing and presenting information that engages potential and existing customers and clients in online media. He is an expert in crafting and positioning blogs and social media posts that spark conversations and prompt positive responses. He crafts and contracts media mixes that support or comprise ongoing campaigns. His expertise includes everything from social media, copywriting and editing, to graphic design, web programming, photography, illustration and video production.
Reared in Delmar, N.Y., Jeff has built a life and career in the stunning Lowcountry of South Carolina. There, Jeff built his marketing knowledge and experience in real estate sales marketing, destination marketing and management. He moved on to Wild Dunes, near Charleston, S.C., where he rose through the ranks to become Group Golf Sales Director. By 2003, he had returned to the Hilton Head area, where he launched a business, pairing marketing with the latest technology, which has grown to become AEI Marketing LLC.</Description></Stakeholder><Stakeholder><Name>Jonathon Dunford</Name><Description>Chief Technology Officer -- Jonathon Dunford is the Chief Technology Officer of AEI Marketing LLC, in charge of product development, server maintenance, team management and much more. He has worked and tinkered in the computer sciences field for many years and has developed an in-depth knowledge of web programming standards, MVC (Model-View-Controller) coding architecture, OOP (object oriented programming) and many of the necessary web programming languages including PHP, Javascript and HTML5. He has worked on many collaborative projects with development teams in person and over the web.</Description></Stakeholder></Organization><Vision><Description/><Identifier>_34f1a7f2-6bac-11e4-a21e-2aeb03f0861b</Identifier></Vision><Mission><Description>To seek and serve motivated, analytic clients who focus on achieving goals and documenting results.</Description><Identifier>_34f1a8a6-6bac-11e4-a21e-2aeb03f0861b</Identifier></Mission><Value><Name/><Description/></Value><Goal><Name>Solutions</Name><Description>Delivers creative, mission-driven solutions.</Description><Identifier>_34f1a93c-6bac-11e4-a21e-2aeb03f0861b</Identifier><SequenceIndicator/><Stakeholder><Name/><Description/></Stakeholder><OtherInformation/><Objective><Name>ROI</Name><Description>Maximize return on investment</Description><Identifier>_34f1a9b4-6bac-11e4-a21e-2aeb03f0861b</Identifier><SequenceIndicator>1</SequenceIndicator><Stakeholder><Name/><Description/></Stakeholder><OtherInformation>Our custom-crafted media projects generate maximum return for your investment.</OtherInformation></Objective><Objective><Name>Stories</Name><Description>Turn stories into unique packages aimed at specific audiences.</Description><Identifier>_34f1aa36-6bac-11e4-a21e-2aeb03f0861b</Identifier><SequenceIndicator>2</SequenceIndicator><Stakeholder><Name/><Description/></Stakeholder><OtherInformation>We know how to turn your story into unique packages aimed at specific audiences.</OtherInformation></Objective></Goal></StrategicPlanCore><AdministrativeInformation><StartDate/><EndDate/><PublicationDate>2014-11-13</PublicationDate><Source>http://aeimarketing.com/about/</Source><Submitter><FirstName>Owen</FirstName><LastName>Ambur</LastName><PhoneNumber/><EmailAddress>Owen.Ambur@verizon.net</EmailAddress></Submitter></AdministrativeInformation></StrategicPlan>