<?xml version="1.0" encoding="UTF-8"?>
<StrategicPlan xmlns="urn:ISO:std:iso:17469:tech:xsd:stratml_core" xmlns:xsi="http://www.w3.org/2001/XMLSchema-instance" xsi:schemaLocation="urn:ISO:std:iso:17469:tech:xsd:stratml_core http://xml.govwebs.net/stratml/references/StrategicPlanISOVersion20140401.xsd"><Name>Charter</Name><Description></Description><OtherInformation>OMG languages can be defined using the MOF meta model and models based on OMG standards can be exchanged and serialized using the MOF standards. In this way the MOF provides a common platform for exchanging and, in some cases managing, model information. Despite the MOF capabilities, languages and UML profiles are excessively stove piped and not easily integrated. Information in models is not easily accessible over the internet which makes it difficult to query, federate and links across models from different authorities and those in different languages. The semantics of language elements is not well grounded or formalized. Real and perceived issues with the MOF as well as OMG process have contributed to these problems.</OtherInformation><StrategicPlanCore><Organization><Name>Architecture Ecosystem Special Interest Group</Name><Acronym>AESIG</Acronym><Identifier>_be60acb0-f976-11df-b5ce-434d7a64ea2a</Identifier><Description>The AE SIG will focus on the capability to define and integrate languages and models in various viewpoints and support other groups that will focus on the specific viewpoints required for their specific domains. The set of viewpoints, supporting models and supporting technologies will comprise the ecosystem. </Description><Stakeholder><Name>OMG</Name><Description>Object Management Group</Description></Stakeholder></Organization><Vision><Description>This ecosystem will support the creation, analysis, integration and exchange of information between modeling languages across different domains, viewpoints and from differing authorities. In particular the need for business and enterprise level architectural viewpoints must be better integrated with the technical viewpoints that define systems to address enterprise needs. </Description><Identifier>_be60aef4-f976-11df-b5ce-434d7a64ea2a</Identifier></Vision><Mission><Description>To work with OMG domain and platform task forces, other relevant OMG SIGs, external entities and related industry groups to facilitate the creation of a common architectural ecosystem.</Description><Identifier>_be60afee-f976-11df-b5ce-434d7a64ea2a</Identifier></Mission><Value><Name></Name><Description></Description></Value><Goal><Name>Modeling Infrastructure</Name><Description>Through the OMG processes, recommend improvements, changes and/or additions to the OMG modeling infrastructure to better support these requirements. </Description><Identifier>_be60b08e-f976-11df-b5ce-434d7a64ea2a</Identifier><SequenceIndicator>1</SequenceIndicator><Stakeholder><Name></Name><Description></Description></Stakeholder><OtherInformation>This includes but is not limited to improvements in the way languages are modeled and integrated. </OtherInformation><Objective><Name>Modeling and Integration</Name><Description>Improve the way languages are modeled and integrated. </Description><Identifier>_be60b11a-f976-11df-b5ce-434d7a64ea2a</Identifier><SequenceIndicator>1.1</SequenceIndicator><Stakeholder><Name></Name><Description></Description></Stakeholder><OtherInformation></OtherInformation></Objective><Objective><Name>Viewpoints</Name><Description>Facilitate improved support for viewpoints.</Description><Identifier>_be60b1b0-f976-11df-b5ce-434d7a64ea2a</Identifier><SequenceIndicator>1.1.1</SequenceIndicator><Stakeholder><Name></Name><Description></Description></Stakeholder><OtherInformation></OtherInformation></Objective><Objective><Name>Methods</Name><Description>Facilitate support for formal methods.</Description><Identifier>_be60b246-f976-11df-b5ce-434d7a64ea2a</Identifier><SequenceIndicator>1.1.2</SequenceIndicator><Stakeholder><Name></Name><Description></Description></Stakeholder><OtherInformation></OtherInformation></Objective><Objective><Name>Federation</Name><Description>Facilitate support for federating independently conceived models.</Description><Identifier>_be60b2e6-f976-11df-b5ce-434d7a64ea2a</Identifier><SequenceIndicator>1.1.3</SequenceIndicator><Stakeholder><Name></Name><Description></Description></Stakeholder><OtherInformation></OtherInformation></Objective><Objective><Name>Open Data</Name><Description>Facilitate support for model data as open internet accessible data. </Description><Identifier>_be60b3cc-f976-11df-b5ce-434d7a64ea2a</Identifier><SequenceIndicator>1.1.4</SequenceIndicator><Stakeholder><Name></Name><Description></Description></Stakeholder><OtherInformation></OtherInformation></Objective></Goal><Goal><Name>Problem Evaluation</Name><Description>Evaluate reasons for problems and perceived problems with the OMG modeling standards and infrastructure. Evaluate the business case for addressing any such problems.</Description><Identifier>_be60b4b2-f976-11df-b5ce-434d7a64ea2a</Identifier><SequenceIndicator>2</SequenceIndicator><Stakeholder><Name></Name><Description></Description></Stakeholder><OtherInformation></OtherInformation><Objective><Name>Business Cases</Name><Description>Evaluate the business case for addressing any such problems.</Description><Identifier>_be60b570-f976-11df-b5ce-434d7a64ea2a</Identifier><SequenceIndicator>2.1</SequenceIndicator><Stakeholder><Name></Name><Description></Description></Stakeholder><OtherInformation></OtherInformation></Objective></Goal><Goal><Name>Use Cases, Scenarios and Examples</Name><Description>Identify use cases, scenarios and examples to act as a guide for evaluating approaches to solving real and perceived problems.</Description><Identifier>_be60b62e-f976-11df-b5ce-434d7a64ea2a</Identifier><SequenceIndicator>3</SequenceIndicator><Stakeholder><Name></Name><Description></Description></Stakeholder><OtherInformation></OtherInformation><Objective><Name></Name><Description></Description><Identifier>_be60b6f6-f976-11df-b5ce-434d7a64ea2a</Identifier><SequenceIndicator></SequenceIndicator><Stakeholder><Name></Name><Description></Description></Stakeholder><OtherInformation></OtherInformation></Objective></Goal><Goal><Name>Principles, Technologies, Practices and Policies</Name><Description>Recommend the guiding principles, technologies, best practices and policies for recognizing and leveraging the commonalities between different languages and viewpoints. </Description><Identifier>_be60b7be-f976-11df-b5ce-434d7a64ea2a</Identifier><SequenceIndicator>4</SequenceIndicator><Stakeholder><Name></Name><Description></Description></Stakeholder><OtherInformation>This may include managing dictionaries, models, mappings or ontologies of these concepts.</OtherInformation><Objective><Name>Modeling Architecture</Name><Description>Address the strategic modeling architecture requirements identified as part of the UML Futures RFI as well as the needs identified in the Business Architecture White Paper.</Description><Identifier>_be60b886-f976-11df-b5ce-434d7a64ea2a</Identifier><SequenceIndicator>4.1</SequenceIndicator><Stakeholder><Name></Name><Description></Description></Stakeholder><OtherInformation></OtherInformation></Objective></Goal><Goal><Name>Commonality, Synergy and Differences</Name><Description>Analyze existing and proposed architectural concepts in various standards and domains for commonality, synergy and differences and leverage that commonality and synergy for better federation based on the best practices approach identified above.</Description><Identifier>_be60b96c-f976-11df-b5ce-434d7a64ea2a</Identifier><SequenceIndicator>5</SequenceIndicator><Stakeholder><Name></Name><Description></Description></Stakeholder><OtherInformation></OtherInformation><Objective><Name></Name><Description></Description><Identifier>_be60ba52-f976-11df-b5ce-434d7a64ea2a</Identifier><SequenceIndicator></SequenceIndicator><Stakeholder><Name></Name><Description></Description></Stakeholder><OtherInformation></OtherInformation></Objective></Goal></StrategicPlanCore><AdministrativeInformation><StartDate></StartDate><EndDate></EndDate><PublicationDate>2010-11-26</PublicationDate><Source>http://www.omgwiki.org/architecture-ecosystem/doku.php?id=ae_sig_charter</Source><Submitter><FirstName>Owen</FirstName><LastName>Ambur</LastName><PhoneNumber></PhoneNumber><EmailAddress>Owen.Ambur@verizon.net</EmailAddress></Submitter></AdministrativeInformation></StrategicPlan>