<?xml version="1.0" encoding="UTF-8"?>
<StrategicPlan xmlns="urn:ISO:std:iso:17469:tech:xsd:stratml_core" xmlns:xsi="http://www.w3.org/2001/XMLSchema-instance" xsi:schemaLocation="urn:ISO:std:iso:17469:tech:xsd:stratml_core http://xml.govwebs.net/stratml/references/StrategicPlanISOVersion20140401.xsd"><Name>AIR FORCE OFFICER CLASSIFICATION DIRECTORY (AFOCD)</Name><Description>The Official Guide to the Air Force Officer Classification Codes -- A Specialty for Every Air Force Job and The Qualifications Necessary to Perform Each Job -- OPR: HQ AFPC/DPSIC Certified by: HQ AFPC/DPS -- Supersedes AFOCD 31 October 2012 </Description><OtherInformation>This Guide established the occupation structure of the Air Force officer force and implements Air Force Policy Directive (AFPD) 36-21, Utilization and Classification of Air Force Military Personnel. The occupational structure is flexible to permit officer personnel to broadly specialize as necessary to meet changing mission requirements. Refer to AFI 36-2101, Classifying Military Personnel (Officer and Enlisted), for military classification tenets and base level procedures. Specialty descriptions and other identifiers outline essential Air Force managerial, technical, and professional duties. The job structure and specialties provide a planned pattern of officer abilities. Officers must work with commanders and supervisors to develop their capabilities within these specialties. Maintain and dispose of records created as a result of prescribed processes in accordance with the Records Disposition Schedule (RDS) accessed from the web-based Records Information Management System.</OtherInformation><StrategicPlanCore><Organization><Name>U.S. Air Force</Name><Acronym>USAF</Acronym><Identifier>_f44f343c-b6c9-11e2-b3e2-1be1e2f52354</Identifier><Description/><Stakeholder><Name/><Description/></Stakeholder></Organization><Vision><Description/><Identifier>_8eca1ede-bf21-11e5-bdd8-24eeb9992e63</Identifier></Vision><Mission><Description/><Identifier>_8eca2014-bf21-11e5-bdd8-24eeb9992e63</Identifier></Mission><Value><Name/><Description/></Value><Goal><Name/><Description/><Identifier>_8eca20a0-bf21-11e5-bdd8-24eeb9992e63</Identifier><SequenceIndicator>1</SequenceIndicator><Stakeholder><Name/><Description/></Stakeholder><OtherInformation/><Objective><Name/><Description/><Identifier>_8eca2118-bf21-11e5-bdd8-24eeb9992e63</Identifier><SequenceIndicator/><Stakeholder><Name/><Description/></Stakeholder><OtherInformation/></Objective></Goal></StrategicPlanCore><AdministrativeInformation><StartDate>2013-04-30</StartDate><PublicationDate>2016-01-19</PublicationDate><Source>http://www.uc.edu/content/dam/uc/afrotc/docs/UpdatedDocs2013/AFOCD_30Apr13.pdf</Source><Submitter><GivenName>Owen</GivenName><Surname>Ambur</Surname><PhoneNumber/><EmailAddress>Owen.Ambur@verizon.net</EmailAddress></Submitter></AdministrativeInformation></StrategicPlan>