<?xml version="1.0" encoding="UTF-8"?>
<StrategicPlan xsi:schemaLocation="http://www.stratml.net  http://xml.gov/stratml/references/StrategicPlan.xsd" xmlns:xsi="http://www.w3.org/2001/XMLSchema-instance" xmlns="http://www.stratml.net"><id/><Name>2010 – 2015 AIA Strategic Plan</Name><Description>Putting a Plan into Action: Strategic Initiatives -- Moving forward, every AIA component has the opportunity to connect their programs to the 2010-2015 strategic plan. This document offers a framework for planning around
common categories of initiatives that enable cross-collaboration and organization of work. Those strategic initiative categories are:
* Environment + Stewardship (e.g. Sustainability)
* Components + Communities (e.g. Diversity + Inclusiveness, Emerging Professionals)
* Technology + Innovation (e.g. Integrated Project Delivery)
* Business + Practice (e.g. Global Initiatives)
Tools will be developed and shared with the components at Grassroots 2010. </Description><OtherInformation>The AIA will maintain an ongoing planning schedule so that plans are responsive to
changes in the environment and member needs. The strategic plan will be revisited
regularly to refine existing strategies and metrics based on organizational performance
in implementing the plan. In five years, the plan will be reviewed to determine the need
for changes to the goals and strategies as a result of issues identified through the
ongoing assessment of the internal and external environments. </OtherInformation><StrategicPlanCore><Organization><Name>American Institute of Architects</Name><Acronym>AIA</Acronym><Identifier/><Description>Based in Washington, D.C., the AIA has been the leading professional membership association for licensed architects, emerging professionals, and allied partners since 1857.</Description><Stakeholder><Name/><Description/></Stakeholder></Organization><Vision><Description>The American Institute of Architects: Driving positive change through the power
of design</Description><Identifier/></Vision><Mission><Description>The American Institute of Architects is the voice of the architectural profession
and a resource for its members in service to society.</Description><Identifier/></Mission><Value><Name/><Description/></Value><Goal><Name>Voice</Name><Description>Serve as the Credible Voice
</Description><Identifier/><SequenceIndicator>1</SequenceIndicator><Stakeholder><Name>AIA Members</Name><Description/></Stakeholder><OtherInformation>Promote the members and their AIA as the credible voice for quality design
and the built environment.</OtherInformation><Objective><Name>Advocacy</Name><Description>Advance policies about design through political outreach, education, and engagement that are responsive to the public and the profession.</Description><Identifier/><SequenceIndicator>1.1</SequenceIndicator><Stakeholder><Name/><Description/></Stakeholder><OtherInformation/></Objective><Objective><Name>Communication</Name><Description>Elevate the voice of architects to promote the value of design and to enhance the
public’s understanding of the importance of architecture.</Description><Identifier/><SequenceIndicator>1.2</SequenceIndicator><Stakeholder><Name>Architects</Name><Description/></Stakeholder><OtherInformation/></Objective></Goal><Goal><Name>Source</Name><Description>Be the Authoritative Source
</Description><Identifier/><SequenceIndicator>2</SequenceIndicator><Stakeholder><Name>Profession of Architecture</Name><Description/></Stakeholder><OtherInformation>Be the recognized leader for knowledge about the practice and profession
of architecture.
</OtherInformation><Objective><Name>Knowledge</Name><Description>Create, promote, and disseminate interdisciplinary study and research ensuring
the AIA’s members are leaders in the profession, the industry, and their communities. </Description><Identifier/><SequenceIndicator>2.1</SequenceIndicator><Stakeholder><Name>AIA Members</Name><Description/></Stakeholder><OtherInformation/></Objective></Goal><Goal><Name>Value</Name><Description>Increase Member Value</Description><Identifier/><SequenceIndicator>3</SequenceIndicator><Stakeholder><Name>AIA Members</Name><Description/></Stakeholder><OtherInformation>Increase value to members through programs and services that effectively meet,
anticipate, and exceed their needs.</OtherInformation><Objective><Name>Collaboration</Name><Description>Align resources and empower networks of members, components, and allied
professionals to build teamwork.</Description><Identifier/><SequenceIndicator>3.1</SequenceIndicator><Stakeholder><Name/><Description/></Stakeholder><OtherInformation/></Objective></Goal></StrategicPlanCore><AdministrativeInformation><StartDate>2010-01-01</StartDate><EndDate>2015-12-31</EndDate><PublicationDate>2013-12-27</PublicationDate><Source>http://www.aia.org/aiaucmp/groups/aia/documents/pdf/aiab082453.pdf</Source><Submitter><FirstName>Owen</FirstName><LastName>Ambur</LastName><PhoneNumber/><EmailAddress>Owen.Ambur@verizon.net</EmailAddress></Submitter></AdministrativeInformation></StrategicPlan>