<?xml version="1.0" encoding="UTF-8"?>
<StrategicPlan xmlns="urn:ISO:std:iso:17469:tech:xsd:stratml_core" xmlns:xsi="http://www.w3.org/2001/XMLSchema-instance" xsi:schemaLocation="urn:ISO:std:iso:17469:tech:xsd:stratml_core http://xml.govwebs.net/stratml/references/StrategicPlanISOVersion20140401.xsd"><Name>About Us</Name><Description>The Association of International Certified Professional Accountants (the Association) is the most influential body of professional accountants, combining the strengths of the American Institute of CPAs (AICPA) and the Chartered Institute of Management Accountants (CIMA) to power opportunity, trust and prosperity for people, businesses and economies worldwide. It represents 667,000 members and students in public and management accounting and advocates for the public interest and business sustainability on current and emerging issues. With broad reach, rigor and resources, the Association advances the reputation, employability and quality of CPAs, CGMA designation holders and accounting and finance professionals globally.</Description><OtherInformation/><StrategicPlanCore><Organization><Name>Association of International Certified Professional Accountants</Name><Acronym>AICPA</Acronym><Identifier>_1dda7b48-d0de-11e8-bf95-7b09a91b4e77</Identifier><Description>We are the most influential body of professional accountants in the world... </Description><Stakeholder StakeholderTypeType="Generic_Group"><Name>Accountants</Name><Description>We serve 667,000 CPAs, CGMA designation holders and students in 184 countries and territories — providing the tools, resources and intelligence they need to clarify complexity, anticipate risk and create opportunity. We are their voice, protecting the public interest and powering trust, opportunity and prosperity worldwide.</Description></Stakeholder><Stakeholder StakeholderTypeType="Generic_Group"><Name>CPAs </Name><Description/></Stakeholder><Stakeholder StakeholderTypeType="Generic_Group"><Name>Students of Accounting</Name><Description/></Stakeholder><Stakeholder StakeholderTypeType="Organization"><Name>Chartered Institute of Management Accountants</Name><Description>Formed by members of the Chartered Institute of Management Accountants (CIMA) and the American Institute of CPAs (AICPA), the Association of International Certified Professional Accountants builds on a century-long heritage of excellence.</Description></Stakeholder><Stakeholder StakeholderTypeType="Organization"><Name>American Institute of CPAs</Name><Description/></Stakeholder><Stakeholder StakeholderTypeType="Generic_Group"><Name>AICPA Leaders</Name><Description/></Stakeholder><Stakeholder StakeholderTypeType="Person"><Name>Eric Hansen, CPA, CGMA</Name><Description>Chair, Association of International Certified Professional Accountants --  Chair, American Institute of CPAs</Description></Stakeholder><Stakeholder StakeholderTypeType="Person"><Name>Steven Swientozielskyj, FCMA, CGMA</Name><Description>Vice Chairman, Association Board -- President, CIMA</Description></Stakeholder><Stakeholder StakeholderTypeType="Person"><Name>Barry Melancon, CPA, CGMA</Name><Description>Chief Executive Officer, Association</Description></Stakeholder><Stakeholder StakeholderTypeType="Person"><Name>Andrew Harding, FCMA, CGMA</Name><Description>Chief Executive, Management Accounting</Description></Stakeholder><Stakeholder StakeholderTypeType="Person"><Name>Erik Asgeirsson</Name><Description>Chief Executive Officer, CPA.com</Description></Stakeholder><Stakeholder StakeholderTypeType="Person"><Name>Lawson Carmichael</Name><Description>Chief Operating Officer</Description></Stakeholder><Stakeholder StakeholderTypeType="Person"><Name>Susan Coffey, CPA, CGMA</Name><Description>Executive Vice President, Public Practice</Description></Stakeholder><Stakeholder StakeholderTypeType="Person"><Name>Janice Maiman, CAE</Name><Description>Executive Vice President, Communications, PR and Content</Description></Stakeholder><Stakeholder StakeholderTypeType="Person"><Name>Mark Peterson</Name><Description>Executive Vice President, Advocacy</Description></Stakeholder><Stakeholder StakeholderTypeType="Person"><Name>Clar Rosso</Name><Description>Executive Vice President, Engagement &amp; Learning Innovation</Description></Stakeholder><Stakeholder StakeholderTypeType="Person"><Name>Scott Spiegel, CPA, CGMA, CITP</Name><Description>Chief Financial Officer</Description></Stakeholder><Stakeholder StakeholderTypeType="Person"><Name>Rory Tait</Name><Description>Executive Vice President, Marketing &amp; Member Experience</Description></Stakeholder><Stakeholder StakeholderTypeType="Person"><Name>Irene Teng</Name><Description>Executive Vice President, Global Markets</Description></Stakeholder><Stakeholder StakeholderTypeType="Generic_Group"><Name>AICPA Board of Directors</Name><Description>We are governed by a board of directors and the councils of the AICPA and CIMA. Volunteer committees also represent the interests, needs and attitudes of the membership and assist the Association in maintaining high standards of professional practice; promoting the interest of public and management accountants; and providing appropriate services to members.


The Association of International Certified Professional Accountants is a leader in the united global accounting profession and drives goals of strategic positioning, sustainable growth of the profession, member value and operational performance. The Board of Directors leverages the Association’s unique and differentiated value proposition having both public accounting and management accounting together to benefit the public interest, society, business, members and the profession.

The Association Board of Directors is composed of 38 leaders in the profession and public at-large. Each of these leaders also serves on either the Public Accounting Board or the Management Accounting Board. The Association Board promotes the best interest of the global accounting profession and is responsible for addressing international issues impacting CPAs, CGMA designation holders and/or public and management accounting. The Management Accounting Board and Public Accounting Board focus on significant issues influencing CGMA designation holders and management accounting or CPAs and public accounting respectfully.</Description></Stakeholder><Stakeholder StakeholderTypeType="Person"><Name>Anita Baker, CPA, CEBS</Name><Description/></Stakeholder><Stakeholder StakeholderTypeType="Person"><Name>Sheila Balzer, CPA, CGMA</Name><Description/></Stakeholder><Stakeholder StakeholderTypeType="Person"><Name>David Benello</Name><Description>(Public Member)</Description></Stakeholder><Stakeholder StakeholderTypeType="Person"><Name>Kasia Ciezkowska, ACMA CGMA</Name><Description/></Stakeholder><Stakeholder StakeholderTypeType="Person"><Name>Louise Connaughton, PMP, PgMP, FCMA</Name><Description/></Stakeholder><Stakeholder StakeholderTypeType="Person"><Name>Paul Curth, CPA</Name><Description/></Stakeholder><Stakeholder StakeholderTypeType="Person"><Name>Debbie Don-Pierrot, FCMA, CGMA</Name><Description/></Stakeholder><Stakeholder StakeholderTypeType="Person"><Name>Kimberly Ellison-Taylor, CPA, CGMA</Name><Description/></Stakeholder><Stakeholder StakeholderTypeType="Person"><Name>Joe Falbo, CPA, CGMA</Name><Description/></Stakeholder><Stakeholder StakeholderTypeType="Person"><Name>Melody Feniks, CPA, CGMA</Name><Description/></Stakeholder><Stakeholder StakeholderTypeType="Person"><Name>Sara Ghosh, BSc (Hons) FCMA CGMA</Name><Description/></Stakeholder><Stakeholder StakeholderTypeType="Person"><Name>Dan Griffiths, CPA, CGMA</Name><Description/></Stakeholder><Stakeholder StakeholderTypeType="Person"><Name>Amarjeet Hans, MBA, FCMA, CGMA</Name><Description/></Stakeholder><Stakeholder StakeholderTypeType="Person"><Name>Eric Hansen, CPA, CGMA</Name><Description/></Stakeholder><Stakeholder StakeholderTypeType="Person"><Name>Andrew Harding, FCMA, CGMA</Name><Description/></Stakeholder><Stakeholder StakeholderTypeType="Person"><Name>Nick Jackson, FCMA CGMA</Name><Description/></Stakeholder><Stakeholder StakeholderTypeType="Person"><Name>Melanie Kanaka, B.Com (Hons.), MBA (US), FCMA, CGMA</Name><Description/></Stakeholder><Stakeholder StakeholderTypeType="Person"><Name>Barry Melancon, CPA, CGMA</Name><Description/></Stakeholder><Stakeholder StakeholderTypeType="Person"><Name>Anoop Mehta, CPA, CGMA</Name><Description/></Stakeholder><Stakeholder StakeholderTypeType="Person"><Name>Randy Myeroff, CPA, CGMA</Name><Description/></Stakeholder><Stakeholder StakeholderTypeType="Person"><Name>Mandy Nelson, CPA</Name><Description/></Stakeholder><Stakeholder StakeholderTypeType="Person"><Name>Rick Niswander, Ph.D, CPA, CGMA</Name><Description/></Stakeholder><Stakeholder StakeholderTypeType="Person"><Name>Anne Northup</Name><Description>(Public Member)</Description></Stakeholder><Stakeholder StakeholderTypeType="Person"><Name>Bill Pirolli, CPA, CFF, PFS, CGMA</Name><Description/></Stakeholder><Stakeholder StakeholderTypeType="Person"><Name>Jeff Porter, CPA, MST</Name><Description/></Stakeholder><Stakeholder StakeholderTypeType="Person"><Name>Amy Radin</Name><Description>(Public Member)</Description></Stakeholder><Stakeholder StakeholderTypeType="Person"><Name>Amal Ratnayake, MBA, FCMA, CGMA</Name><Description/></Stakeholder><Stakeholder StakeholderTypeType="Person"><Name>Bill Reeb, CPA, CGMA</Name><Description/></Stakeholder><Stakeholder StakeholderTypeType="Person"><Name>Doug Roosa, CPA, CGMA</Name><Description/></Stakeholder><Stakeholder StakeholderTypeType="Person"><Name>Chris Schmidt, CPA</Name><Description/></Stakeholder><Stakeholder StakeholderTypeType="Person"><Name>Richard Sharp, BSc, MBA, FCMA, CGMA</Name><Description/></Stakeholder><Stakeholder StakeholderTypeType="Person"><Name>David Stanford, FCMA, CGMA</Name><Description/></Stakeholder><Stakeholder StakeholderTypeType="Person"><Name>Mary Stone, CPA</Name><Description/></Stakeholder><Stakeholder StakeholderTypeType="Person"><Name>Steve Swientozielskyj, FCMA, CGMA</Name><Description/></Stakeholder><Stakeholder StakeholderTypeType="Person"><Name>Louise Taylor, FCMA, CGMA</Name><Description/></Stakeholder><Stakeholder StakeholderTypeType="Person"><Name>Ron Yates, CPA</Name><Description/></Stakeholder><Stakeholder StakeholderTypeType="Person"><Name>John Zheng, FCMA, CGMA</Name><Description/></Stakeholder></Organization><Vision><Description>Sustainable business success.</Description><Identifier>_1dda7c56-d0de-11e8-bf95-7b09a91b4e77</Identifier></Vision><Mission><Description>To drive a dynamic accounting profession ready to meet the demands of a constantly changing, disruptive world.</Description><Identifier>_1dda7d3c-d0de-11e8-bf95-7b09a91b4e77</Identifier></Mission><Value><Name>Opportunity</Name><Description/></Value><Value><Name>Trust</Name><Description/></Value><Value><Name>Prosperity</Name><Description/></Value><Goal><Name>Designations &amp; Certifications</Name><Description/><Identifier>_1dda7dd2-d0de-11e8-bf95-7b09a91b4e77</Identifier><SequenceIndicator>1</SequenceIndicator><Stakeholder><Name/><Description/></Stakeholder><OtherInformation/><Objective><Name>Management Accountancy</Name><Description>Distinguish professionals who have advanced proficiency in finance, operations, strategy and management.</Description><Identifier>_1dda7e5e-d0de-11e8-bf95-7b09a91b4e77</Identifier><SequenceIndicator>1.1</SequenceIndicator><Stakeholder StakeholderTypeType="Generic_Group"><Name>Chartered Global Management Accountants</Name><Description/></Stakeholder><Stakeholder StakeholderTypeType="Generic_Group"><Name>Finance Professionals</Name><Description/></Stakeholder><Stakeholder StakeholderTypeType="Generic_Group"><Name>Operations Professionals</Name><Description/></Stakeholder><Stakeholder StakeholderTypeType="Generic_Group"><Name>Strategy Professionals</Name><Description/></Stakeholder><OtherInformation>The CGMA designation distinguishes professionals who have advanced proficiency in finance, operations, strategy and management.

It is underpinned by extensive global research to maintain the highest relevance with employers and develop competencies most in demand.

CGMA designation holders qualify through rigorous education, exam and experience requirements. They must commit to lifelong education and adhere to a stringent code of ethical conduct.

More than 150,000 accounting and finance professionals hold the CGMA, making it the most widely held management accounting designation in the world. </OtherInformation></Objective><Objective><Name>Financial Accountancy</Name><Description>Distinguish licensed accounting professionals.</Description><Identifier>_3530103a-d0e5-11e8-8e63-e6bbaa1b4e77</Identifier><SequenceIndicator>1.2</SequenceIndicator><Stakeholder StakeholderTypeType="Generic_Group"><Name>Certified Public Accountants</Name><Description/></Stakeholder><Stakeholder StakeholderTypeType="Generic_Group"><Name>Accounting Professionals</Name><Description/></Stakeholder><OtherInformation>The CPA designation distinguishes licensed accounting professionals committed to protecting the public interest.

These professionals offer financial statement audits and other attestation services to help inform investors about the financial health of organizations. They provide individuals and families with valuable knowledge and advice on taxes and financial planning.

In business and industry, CPAs offer organizations around the world tax, financial reporting and advisory services to drive strategic decision-making and foster growth and success.

To earn the CPA license, accounting professionals must have extensive education—at least 150 hours—pass a rigorous four-part exam and meet experience requirements.

They must also commit to lifelong learning and adhere to a strict Code of Professional Conduct that requires competence, objectivity, integrity and independence.</OtherInformation></Objective><Objective><Name>Credentialing &amp; Certification</Name><Description>Offer credentials to help CPAs, CGMA designation holders and other finance professionals develop targeted knowledge and competencies.</Description><Identifier>_353012b0-d0e5-11e8-8e63-e6bbaa1b4e77</Identifier><SequenceIndicator>1.3</SequenceIndicator><Stakeholder StakeholderTypeType="Generic_Group"><Name>CPAs</Name><Description/></Stakeholder><Stakeholder StakeholderTypeType="Generic_Group"><Name>Finance Professionals</Name><Description/></Stakeholder><OtherInformation>Organizations and individuals are increasingly seeking services to meet highly specialized financial needs. The Association offers credentials issued by AICPA and certificate programs to help CPAs, CGMA designation holders and other finance professionals develop targeted knowledge and competencies.</OtherInformation></Objective><Objective><Name>Credentialing</Name><Description/><Identifier>_353013d2-d0e5-11e8-8e63-e6bbaa1b4e77</Identifier><SequenceIndicator>1.3.1</SequenceIndicator><Stakeholder StakeholderTypeType="Generic_Group"><Name/><Description/></Stakeholder><OtherInformation/></Objective><Objective><Name>Businesses</Name><Description>Accredit Business Valuators (ABV)</Description><Identifier>_353014b8-d0e5-11e8-8e63-e6bbaa1b4e77</Identifier><SequenceIndicator>1.3.1.1</SequenceIndicator><Stakeholder StakeholderTypeType="Generic_Group"><Name>Businesses</Name><Description/></Stakeholder><Stakeholder StakeholderTypeType="Generic_Group"><Name>Business Valuators</Name><Description/></Stakeholder><OtherInformation/></Objective><Objective><Name>Valuation</Name><Description>Certify in Entity and Intangible Valuation™ (CEIV)</Description><Identifier>_3530159e-d0e5-11e8-8e63-e6bbaa1b4e77</Identifier><SequenceIndicator>1.3.1.2</SequenceIndicator><Stakeholder StakeholderTypeType="Generic_Group"><Name>Entity Valuators</Name><Description/></Stakeholder><Stakeholder StakeholderTypeType="Generic_Group"><Name>Intangibles Valuators</Name><Description/></Stakeholder><OtherInformation/></Objective><Objective><Name>Financial Forensics</Name><Description>Certify Financial Forensicists (CFF)</Description><Identifier>_3530167a-d0e5-11e8-8e63-e6bbaa1b4e77</Identifier><SequenceIndicator>1.3.1.3</SequenceIndicator><Stakeholder StakeholderTypeType="Generic_Group"><Name>Financial Forensicists</Name><Description/></Stakeholder><OtherInformation/></Objective><Objective><Name>Information Technology</Name><Description>Certify Information Technology Professionals (CITP)</Description><Identifier>_35301756-d0e5-11e8-8e63-e6bbaa1b4e77</Identifier><SequenceIndicator>1.3.1.4</SequenceIndicator><Stakeholder StakeholderTypeType="Generic_Group"><Name>Information Technology Professionals</Name><Description/></Stakeholder><OtherInformation/></Objective><Objective><Name>Personal Finance</Name><Description>Certify Personal Financial Specialists (PFS)</Description><Identifier>_3530183c-d0e5-11e8-8e63-e6bbaa1b4e77</Identifier><SequenceIndicator>1.3.1.5</SequenceIndicator><Stakeholder StakeholderTypeType="Generic_Group"><Name>Personal Financial Specialists</Name><Description/></Stakeholder><OtherInformation/></Objective><Objective><Name>Certifications</Name><Description/><Identifier>_35301918-d0e5-11e8-8e63-e6bbaa1b4e77</Identifier><SequenceIndicator>1.3.2</SequenceIndicator><Stakeholder StakeholderTypeType="Generic_Group"><Name/><Description/></Stakeholder><OtherInformation/></Objective><Objective><Name>Business Accounting</Name><Description>Certify Business Accountants</Description><Identifier>_353019f4-d0e5-11e8-8e63-e6bbaa1b4e77</Identifier><SequenceIndicator>1.3.2.1</SequenceIndicator><Stakeholder StakeholderTypeType="Generic_Group"><Name>Business Accountants</Name><Description/></Stakeholder><OtherInformation/></Objective><Objective><Name>Accounting Advice</Name><Description>Certify Client Accounting Advisory Service providers</Description><Identifier>_35301ae4-d0e5-11e8-8e63-e6bbaa1b4e77</Identifier><SequenceIndicator>1.3.2.2</SequenceIndicator><Stakeholder StakeholderTypeType="Generic_Group"><Name/><Description/></Stakeholder><OtherInformation/></Objective><Objective><Name>Risk Management</Name><Description>Certify COSO Enterprise Risk Managers</Description><Identifier>_35301bc0-d0e5-11e8-8e63-e6bbaa1b4e77</Identifier><SequenceIndicator>1.3.2.3</SequenceIndicator><Stakeholder StakeholderTypeType="Generic_Group"><Name>Risk Managers</Name><Description/></Stakeholder><OtherInformation/></Objective><Objective><Name>Internal Controls</Name><Description>Certify COSO Internal Controls professionals</Description><Identifier>_35301ca6-d0e5-11e8-8e63-e6bbaa1b4e77</Identifier><SequenceIndicator>1.3.2.4</SequenceIndicator><Stakeholder StakeholderTypeType="Generic_Group"><Name>Internal Controls Professionals</Name><Description/></Stakeholder><OtherInformation/></Objective><Objective><Name>Employee Benefits</Name><Description>Certify Employee Benefit Plan Auditors</Description><Identifier>_35301dc8-d0e5-11e8-8e63-e6bbaa1b4e77</Identifier><SequenceIndicator>1.3.2.5</SequenceIndicator><Stakeholder StakeholderTypeType="Generic_Group"><Name>Employee Benefit Plan Auditors</Name><Description/></Stakeholder><OtherInformation/></Objective><Objective><Name>Forensics Accounting</Name><Description>Certify professionals in the Fundamentals of Forensics Accounting</Description><Identifier>_35301f9e-d0e5-11e8-8e63-e6bbaa1b4e77</Identifier><SequenceIndicator>1.3.2.6</SequenceIndicator><Stakeholder StakeholderTypeType="Generic_Group"><Name>Forensics Accountants</Name><Description/></Stakeholder><OtherInformation/></Objective><Objective><Name>Businesses Services</Name><Description>Certify Global Businesses Services professionals</Description><Identifier>_35302084-d0e5-11e8-8e63-e6bbaa1b4e77</Identifier><SequenceIndicator>1.3.2.7</SequenceIndicator><Stakeholder StakeholderTypeType="Generic_Group"><Name>Businesses Services Professionals</Name><Description/></Stakeholder><OtherInformation/></Objective><Objective><Name>International Financial Reporting</Name><Description>Certify professionals in International Financial Reporting Standards (IFRS)</Description><Identifier>_3530217e-d0e5-11e8-8e63-e6bbaa1b4e77</Identifier><SequenceIndicator>1.3.2.8</SequenceIndicator><Stakeholder StakeholderTypeType="Generic_Group"><Name>International Organizations</Name><Description/></Stakeholder><OtherInformation/></Objective><Objective><Name>Islamic Finance</Name><Description>Certify professionals in Islamic Finance</Description><Identifier>_3530226e-d0e5-11e8-8e63-e6bbaa1b4e77</Identifier><SequenceIndicator>1.3.2.9</SequenceIndicator><Stakeholder StakeholderTypeType="Generic_Group"><Name>Islamic Organizations</Name><Description/></Stakeholder><OtherInformation/></Objective><Objective><Name>Nonprofits</Name><Description>Offer certification in Not-for-Profit accounting</Description><Identifier>_35302354-d0e5-11e8-8e63-e6bbaa1b4e77</Identifier><SequenceIndicator>1.3.2.10</SequenceIndicator><Stakeholder StakeholderTypeType="Generic_Group"><Name>Nonprofit Organizations</Name><Description/></Stakeholder><OtherInformation/></Objective><Objective><Name>Russian Performance Management</Name><Description>Certify Russian Performance Managers
</Description><Identifier>_35302458-d0e5-11e8-8e63-e6bbaa1b4e77</Identifier><SequenceIndicator>1.3.2.11</SequenceIndicator><Stakeholder StakeholderTypeType="Organization"><Name>Russia</Name><Description/></Stakeholder><Stakeholder StakeholderTypeType="Generic_Group"><Name>Russian Performance Managers</Name><Description/></Stakeholder><OtherInformation/></Objective><Objective><Name>Single Audits</Name><Description>Certify performers of Single Audits</Description><Identifier>_353028a4-d0e5-11e8-8e63-e6bbaa1b4e77</Identifier><SequenceIndicator>1.3.2.12</SequenceIndicator><Stakeholder StakeholderTypeType="Generic_Group"><Name>Auditors</Name><Description/></Stakeholder><OtherInformation/></Objective><Objective><Name>XBRL U.S. GAAP</Name><Description>Certify proficiency in XBRL U.S. GAAP</Description><Identifier>_353029d0-d0e5-11e8-8e63-e6bbaa1b4e77</Identifier><SequenceIndicator>1.3.2.13</SequenceIndicator><Stakeholder StakeholderTypeType="Organization"><Name>SEC</Name><Description/></Stakeholder><OtherInformation>As users of financial information increasingly rely on structured financial data, it is important that the eXtensible Business Reporting Language or XBRL financial statements are prepared accurately and consistently. Many errors found in current XBRL filings result from misunderstanding the SEC tagging rules or how to use the U.S. GAAP Taxonomy.

This certificate program from the AICPA and XBRL US provides the XBRL proficiency you need to quickly and efficiently create high-quality XBRL financials.</OtherInformation></Objective></Goal><Goal><Name>Learning</Name><Description>Offer educational opportunities.</Description><Identifier>_35302af2-d0e5-11e8-8e63-e6bbaa1b4e77</Identifier><SequenceIndicator>2</SequenceIndicator><Stakeholder><Name/><Description/></Stakeholder><OtherInformation>In a rapidly changing global marketplace, what finance professionals need to know is continually evolving. That’s why we are in constant contact with firms and companies to gain greater insight into the skills and competencies demanded of today’s professionals. We keep our members on the forefront of these business needs by offering convenient educational opportunities that allow them to learn in new and innovative ways.</OtherInformation><Objective><Name>Learning Resources</Name><Description>Empower members with new knowledge and insights.</Description><Identifier>_35302c14-d0e5-11e8-8e63-e6bbaa1b4e77</Identifier><SequenceIndicator>2.1</SequenceIndicator><Stakeholder StakeholderTypeType="Organization"><Name/><Description/></Stakeholder><OtherInformation>AICPA and CIMA members and students are committed to lifelong learning. Our professional learning products and services are designed to empower members with new knowledge and insights.</OtherInformation></Objective><Objective><Name>CPA Examination</Name><Description>Develop and grade the Uniform CPA Examination.</Description><Identifier>_35302d0e-d0e5-11e8-8e63-e6bbaa1b4e77</Identifier><SequenceIndicator>2.2</SequenceIndicator><Stakeholder StakeholderTypeType="Generic_Group"><Name>U.S. CPAs</Name><Description/></Stakeholder><OtherInformation>AICPA develops and grades the Uniform CPA Examination. It protects the public interest by helping to ensure that only qualified individuals become licensed as U.S. CPAs.</OtherInformation></Objective><Objective><Name>Human Intelligence</Name><Description/><Identifier>_35302e26-d0e5-11e8-8e63-e6bbaa1b4e77</Identifier><SequenceIndicator>2.3</SequenceIndicator><Stakeholder StakeholderTypeType="Generic_Group"><Name/><Description/></Stakeholder><OtherInformation>Work is changing. More and more tasks are becoming automated and artificial intelligence is improving. Industries are being disrupted. While change has been a constant over the past several decades, the pace of innovation is increasing.</OtherInformation></Objective><Objective><Name>Competency Framework</Name><Description>Guide professionals to develop the technical, finance, leadership and people skills critical to achieve sustainable business success.</Description><Identifier>_35302f20-d0e5-11e8-8e63-e6bbaa1b4e77</Identifier><SequenceIndicator>2.4</SequenceIndicator><Stakeholder StakeholderTypeType="Generic_Group"><Name/><Description/></Stakeholder><OtherInformation>The CGMA Competency Framework guides professionals to develop the technical, finance, leadership and people skills critical to achieve sustainable business success.</OtherInformation></Objective></Goal><Goal><Name>Tomorrow</Name><Description>Pursue ideas, trends and resources that will help members and students succeed tomorrow.</Description><Identifier>_3530302e-d0e5-11e8-8e63-e6bbaa1b4e77</Identifier><SequenceIndicator>3</SequenceIndicator><Stakeholder><Name/><Description/></Stakeholder><OtherInformation>Shaping Tomorrow -- 
What’s next? We ask that question every day in pursuit of the ideas, trends and resources that will help members and students succeed tomorrow. No matter what’s on the horizon, we want them to be ready. Ready for the next regulation. Ready for the next generation. Ready for the next client need or business demand. We also want to make sure their perspective influences the issues that will be most relevant. </OtherInformation><Objective><Name>Advocacy</Name><Description>Protect the public interest.</Description><Identifier>_3530333a-d0e5-11e8-8e63-e6bbaa1b4e77</Identifier><SequenceIndicator>3.1</SequenceIndicator><Stakeholder StakeholderTypeType="Generic_Group"><Name>Public Officials</Name><Description/></Stakeholder><Stakeholder StakeholderTypeType="Generic_Group"><Name>Businesses</Name><Description/></Stakeholder><Stakeholder StakeholderTypeType="Generic_Group"><Name>Employers</Name><Description/></Stakeholder><Stakeholder StakeholderTypeType="Generic_Group"><Name>Regulators</Name><Description/></Stakeholder><Stakeholder StakeholderTypeType="Generic_Group"><Name>Public Accounting Educators</Name><Description/></Stakeholder><Stakeholder StakeholderTypeType="Generic_Group"><Name>Management Accounting Educators</Name><Description/></Stakeholder><OtherInformation>We speak with the power of more than 667,000 members and students to protect the public interest on a range of business, finance and accounting issues around the world. We also engage with employers, regulators, public and management accounting educators and other stakeholders to strengthen capital markets and advance the value that CPAs and CGMA designation holders deliver to the global financial system.</OtherInformation></Objective><Objective><Name>Innovation</Name><Description>Make accountants the go-to analysts, strategists and consultants who are indispensable to organizations throughout the world.</Description><Identifier>_35303466-d0e5-11e8-8e63-e6bbaa1b4e77</Identifier><SequenceIndicator>3.2</SequenceIndicator><Stakeholder StakeholderTypeType="Generic_Group"><Name>Accountants</Name><Description/></Stakeholder><Stakeholder StakeholderTypeType="Generic_Group"><Name>Analysts</Name><Description/></Stakeholder><Stakeholder StakeholderTypeType="Generic_Group"><Name>Strategists</Name><Description/></Stakeholder><Stakeholder StakeholderTypeType="Generic_Group"><Name>Consultants</Name><Description/></Stakeholder><OtherInformation>Our aim is to make accountants the go-to analysts, strategists and consultants who are indispensable to organizations throughout the world. Our plan is to convene interested and well-qualified startups in fall 2017 to share, learn and grow.  The Association and CPA.com Startup Accelerator will help grow startups throughout the accounting ecosystem so they can help transform the profession.</OtherInformation></Objective><Objective><Name>Talent</Name><Description>Grow the CPA pipeline.</Description><Identifier>_353035a6-d0e5-11e8-8e63-e6bbaa1b4e77</Identifier><SequenceIndicator>3.3</SequenceIndicator><Stakeholder StakeholderTypeType="Generic_Group"><Name/><Description/></Stakeholder><OtherInformation>To help grow the CPA pipeline, we offer StartHere, GoPlaces to inform high school students and teachers on career opportunities in accounting and ThisWayToCPA to provide support and resources for college students and CPA Examination candidates. For students interested in practicing management accounting and pursuing the CGMA designation, CIMAconnect offers a study support platform and free study materials.</OtherInformation></Objective><Objective><Name>Corporate Social Responsibility </Name><Description>Give back to the communities we serve.</Description><Identifier>_35303718-d0e5-11e8-8e63-e6bbaa1b4e77</Identifier><SequenceIndicator>3.4</SequenceIndicator><Stakeholder StakeholderTypeType="Generic_Group"><Name/><Description/></Stakeholder><OtherInformation>The profession is committed to giving back to the communities we serve. One way is through our efforts to improve financial literacy. Our signature program, 360 Degrees of Financial Literacy, helps people of all ages make smart financial decisions today so that they are better positioned for the opportunities and challenges of tomorrow.</OtherInformation></Objective><Objective><Name>Research &amp; Thought Leadership</Name><Description>Engage research and reporting on topics of critical importance to the accounting profession.</Description><Identifier>_35303858-d0e5-11e8-8e63-e6bbaa1b4e77</Identifier><SequenceIndicator>3.5</SequenceIndicator><Stakeholder StakeholderTypeType="Generic_Group"><Name/><Description/></Stakeholder><OtherInformation>We engage in rigorous research and reporting on topics of critical importance to the accounting profession.  From new resources to mitigate cybersecurity risks to exclusive insights from the world’s leading CEOs, we deliver cutting-edge intelligence to keep members informed and prepared.</OtherInformation></Objective></Goal></StrategicPlanCore><AdministrativeInformation><PublicationDate>2018-10-15</PublicationDate><Source>https://www.aicpa-cima.com/about-us/mission.html</Source><Submitter><GivenName>Owen</GivenName><Surname>Ambur</Surname><PhoneNumber/><EmailAddress>Owen.Ambur@verizon.net</EmailAddress></Submitter></AdministrativeInformation></StrategicPlan>