<?xml version="1.0" encoding="UTF-8"?>
<StrategicPlan xmlns="urn:ISO:std:iso:17469:tech:xsd:stratml_core" xmlns:xsi="http://www.w3.org/2001/XMLSchema-instance" xsi:schemaLocation="urn:ISO:std:iso:17469:tech:xsd:stratml_core http://xml.govwebs.net/stratml/references/StrategicPlanISOVersion20140401.xsd"><Name>AIIM NSC Purpose &amp; Responsibilities</Name><Description>The
National
Standards
Council
(NSC)
is
established
to
provide
industry
related
balance
for
the
AIIM
Standards
Program.
It
serves
as
a
liaison
to
other
standards
bodies
or
organizations
to
provide
a
broader
base
of
knowledge
and
expertise
in
the
creation
of
proposed
AIIM
standards
and
standard
recommended
practices.</Description><OtherInformation>Principles of Operation -- 
The
NSC
reviews
and
votes
on
the
adoption,
revision,
reaffirmation,
or
withdrawal
of
all
standards
and
recommended
practices
proposed
for
publication
as
part
of
the
AIIM
standards
program.
Proposed
new
projects
may
be
circulated
to
the
NSC
for
comment
as
directed
by
the
Standards
Board.
Additional
NSCs
may
be
designated
by
the
Standards
Board.
The
NSCs
may
be
technology
oriented
to
better
evaluate
the
standards
within
a
specific
technology
area,
i.e.,
imaging
to
cover
both
micrographics
and
electronic
imaging
and
document
management
to
cover
document
technologies
and
COLD/ERM.
The
number
of
established
NSCs
is
determined
by
the
Standards
Board.</OtherInformation><StrategicPlanCore><Organization><Name>AIIM National Standards Council</Name><Acronym>AIIMNSC</Acronym><Identifier>_dc67d642-ff7f-11e5-bf25-e35887122820</Identifier><Description>The NSC serves as a liaison to other standards bodies or organizations to provide a broader base of knowledge and expertise in the creation of proposed AIIM standards and standard recommended practices...
The NSC is AIIM's consensus body.
The
work
of
the
NSC
is
conducted
primarily
through
email,
listservs
and/or
wikis.</Description><Stakeholder StakeholderTypeType="Generic_Group"><Name>AIIM NSC Members</Name><Description>The
goal
of
the
NSC
is
to
have
a
membership
in
each
NSC
that
consists
of
a
minimum
of
12
voting
members
who
are
representatives
of
any
organizations
and/or
other
individuals
who
have
an
interest
and
are
willing
to
take
an
active
part
in
the
affairs
of
the
NSC
and
who
are
willing
to
support
the development
of
standards
and
standard
recommended
practices.
Participation
is
open
to
all
persons
who
might
reasonably
be
expected
to
be
or
who
indicate
that
they
are,
directly
and
materially
affected
by
the
standards
and
standard
recommended
practices
in
the
AIIM
standards
program.
Individuals
representing
...
interest
categories ...

Individuals
to
be
considered
for
membership
on
an
NSC
are
recommended
or
may
apply
to
the
Standards
Board
who
will
review
their
qualifications
and
approve
their
participation
on
the
appropriate
NSC.
To
apply
for
membership
on
an
NSC,
the
applicant
shall
in
writing
indicate
their
direct
and
material
interest
in
AIIM's
standards
work,
their
qualifications,
willingness
to
participate
actively
and
the
interest
category
they
represent.
If
the
applicant
is
an
organization,
specific
individuals
to
represent
the
organization
will
be
identified.
The
members
of
the
NSC
are
appointed
for
three
year
terms
by
the
AIIM
Standards
Board.
Members
may
be
reappointed,
subject
to
Standards
Board
ballot.
Members
may
be
from
companies
participating
in
AIIM
or
organizations
with
similar
technology
interests,
however,
NSC
members
are
not
required
to
be
members
of
AIIM.
If
an
NSC
member's
contact
information
or
status
on
the
NSC
changes,
the
member
will
notify
AIIM
Staff
as
soon
as
possible.
AIIM
Staff
is
responsible
for
maintaining
NSC
membership
records.
The
NSC
membership
roster
is
available
upon
request
and
shall
include
name,
affiliation
(entity
the
individual
represents
which
may
or
may
not
be
their
employer),
if
representing
as
an
individual
their
employer
and
sponsor
shall
be
listed
and
provided
upon
request.
If
representing
an
organization,
a point
of
contact
shall
be
identified.
No
contact
information
will
be
shared
other
than
with
AIIM
and
ANSI.
</Description></Stakeholder><Stakeholder StakeholderTypeType="Organization"><Name>AIIM Standards Secretariat</Name><Description>The
Secretariat
reviews
the
NSC
membership
annually
with
respect
to
the
requirements
of
membership
as
set
forth
above.
There
are
two
classes
of
membership
in
the
NSC ...
An
NSC
member
representing
other
technical
and
standards
bodies
shall
inform
the
Secretariat
of
items
of
interest
to
the
NSC
and
other
members
of
AIIM.
There
shall
be
no
undue
financial
barriers
to
membership
on
the
NSC.
However,
NSC
members
are
responsible
for
expenses
incurred
while
participating
in
NSC
activities.</Description></Stakeholder><Stakeholder StakeholderTypeType="Generic_Group"><Name>Primary Representatives</Name><Description>(1) "P"
members
are
the
primary
representative
of
their
company/organization
and
have
full
voting
privileges.</Description></Stakeholder><Stakeholder StakeholderTypeType="Generic_Group"><Name>Alternate Representatives</Name><Description>(2) "A"
members
are
alternate
members
who
are
allowed
to
vote
in
the
absence
of
the
"P"
members.</Description></Stakeholder><Stakeholder StakeholderTypeType="Generic_Group"><Name>User-Consumer Members</Name><Description>User-Consumer,
an
appropriate
user
participant
is
an
individual
who
is
the
user
or
consumer
of
document
or
content
management
products
and/or
services</Description></Stakeholder><Stakeholder StakeholderTypeType="Generic_Group"><Name>Producers</Name><Description>Producer,
an
appropriate
producer
participant
is
a
representative
of
an
organization
that
manufactures
or
develops
hardware,
software
or
other
component
devices
that
may
be
used
in
document
or
content
management
systems</Description></Stakeholder><Stakeholder StakeholderTypeType="Generic_Group"><Name>General Interest/Government Members</Name><Description>General
Interest/Government,
an
appropriate
general
interest
participant
is
a
representative
of
an
organization
that
on
its
own
includes
a
membership
of
diverse
interests
but
related
to
the
document
or
content
management
industry.
An
appropriate
government
participant
is
a
representative
of
a
government
agency
that
may
be
affected
in
government
agency
procurement
based
on
the
standards
activity
in
the
document
or
content
management
area</Description></Stakeholder><Stakeholder StakeholderTypeType="Generic_Group"><Name>Service Companies</Name><Description>Service
Company,
an
appropriate
service
company
participant
is
a
representative
of
a
company
that
provides
document
or
content
management
services
or
is
a
reseller
of
document
or
content
management
products
and
services</Description></Stakeholder><Stakeholder StakeholderTypeType="Generic_Group"><Name>Consultants</Name><Description>Consultants,
an
appropriate
consultant
participant
is
a
representative
that
provides
services
to
the
document
or
content
management
industry.</Description></Stakeholder><Stakeholder StakeholderTypeType="Organization"><Name>AIIM Standards Department</Name><Description>AIIM's
Standards
Department
prepares
and
distributes
draft
documents
and
ballots
to
the
NSC
after
initial
review
and
approval
by
the
Standards
Committees.
Votes
may
be
concurrent
with
the
AIIM
membership
comment
period
and
ANSI
public
review.</Description></Stakeholder></Organization><Vision><Description/><Identifier>_dc67d976-ff7f-11e5-bf25-e35887122820</Identifier></Vision><Mission><Description>To provide industry related balance for the AIIM Standards Program.</Description><Identifier>_dc67da70-ff7f-11e5-bf25-e35887122820</Identifier></Mission><Value><Name>Balance</Name><Description>Since
the
NSC
is
the
balancing
body
of
the
program,
it
represents
the
following
five
interest
categories
and
is
not
dominated
by
any
single
interest
category:
(1)
user-­‐consumers,
(2)
producers,
(3)
general
interest/government,
(4)
service
companies
and
(5)
consultants.
(See
Section
3.3
for
definitions
of
the
interest
categories.)
In
determining
balance,
no
single
interest
category
shall
be
more
than
a
majority
of
the
total
membership.
An
effort
is
made
to
balance
technology
expertise
as
it
relates
to
the
interests
community
served
by
AIIM.</Description></Value><Goal><Name>Standards &amp; Practices</Name><Description>Approve proposed, reaffirmed, revised, or withdrawn ANSI/AIIM Standards and Standard Recommended Practices</Description><Identifier>_dc67db42-ff7f-11e5-bf25-e35887122820</Identifier><SequenceIndicator>1</SequenceIndicator><Stakeholder><Name/><Description/></Stakeholder><OtherInformation>Balanced
voting
body
to
approve
proposed,
reaffirmed,
revised,
or
withdrawn
ANSI/AIIM
Standards
and
Standard
Recommended
Practices
and
for
standards
and
standard
recommended
practices
proposed
for
adoption
at
the
national
level.</OtherInformation><Objective><Name/><Description/><Identifier>_dc67dca0-ff7f-11e5-bf25-e35887122820</Identifier><SequenceIndicator/><Stakeholder><Name/><Description/></Stakeholder><OtherInformation/></Objective></Goal><Goal><Name>Forum</Name><Description>Provide a forum for representation of other industries, general interest groups, and standardization bodies</Description><Identifier>_dc67dd72-ff7f-11e5-bf25-e35887122820</Identifier><SequenceIndicator>2</SequenceIndicator><Stakeholder StakeholderTypeType="Generic_Group"><Name>Industries</Name><Description/></Stakeholder><Stakeholder StakeholderTypeType="Generic_Group"><Name>Interest Groups</Name><Description/></Stakeholder><Stakeholder StakeholderTypeType="Generic_Group"><Name>SDOs</Name><Description/></Stakeholder><OtherInformation>Forum
for
representation
of
other
industries,
general
interest
groups,
and
standardization
bodies
to
make
their
needs,
concerns
and
interests
heard
in
the
AIIM
standards
program.</OtherInformation><Objective><Name/><Description/><Identifier>_dc67de4e-ff7f-11e5-bf25-e35887122820</Identifier><SequenceIndicator/><Stakeholder><Name/><Description/></Stakeholder><OtherInformation/></Objective></Goal><Goal><Name>Communication</Name><Description>Communicate with other industries and standardization bodies</Description><Identifier>_dc67df2a-ff7f-11e5-bf25-e35887122820</Identifier><SequenceIndicator>3</SequenceIndicator><Stakeholder StakeholderTypeType="Generic_Group"><Name>Industries</Name><Description/></Stakeholder><Stakeholder StakeholderTypeType="Generic_Group"><Name>SDOs</Name><Description/></Stakeholder><OtherInformation>Conduit
through
which
the
needs,
concerns
and
interest
of
the
AIIM
standards
program
can
be
communicated
to
other
industries
and
standardization
bodies.</OtherInformation><Objective><Name/><Description/><Identifier>_dc67e006-ff7f-11e5-bf25-e35887122820</Identifier><SequenceIndicator/><Stakeholder><Name/><Description/></Stakeholder><OtherInformation/></Objective></Goal><Goal><Name>Projects</Name><Description>Provide recommendations on new projects</Description><Identifier>_dc67e128-ff7f-11e5-bf25-e35887122820</Identifier><SequenceIndicator>4</SequenceIndicator><Stakeholder StakeholderTypeType="Generic_Group"><Name/><Description/></Stakeholder><OtherInformation>Recommendations
on
the
need
for
and
urgency
of
proposed
new
projects.</OtherInformation><Objective><Name/><Description/><Identifier>_dc67e22c-ff7f-11e5-bf25-e35887122820</Identifier><SequenceIndicator/><Stakeholder><Name/><Description/></Stakeholder><OtherInformation/></Objective></Goal><Goal><Name>ANSI Standards</Name><Description>Propose American National Standards</Description><Identifier>_dc67e312-ff7f-11e5-bf25-e35887122820</Identifier><SequenceIndicator>5</SequenceIndicator><Stakeholder StakeholderTypeType="Organization"><Name>ANSI</Name><Description/></Stakeholder><OtherInformation>Proposals
of
American
National
Standards
within
AIIM's
Standards
Program
Scope.</OtherInformation><Objective><Name/><Description/><Identifier>_dc67e3ee-ff7f-11e5-bf25-e35887122820</Identifier><SequenceIndicator/><Stakeholder><Name/><Description/></Stakeholder><OtherInformation/></Objective></Goal></StrategicPlanCore><AdministrativeInformation><StartDate>2016-04-01</StartDate><PublicationDate>2016-04-10</PublicationDate><Submitter><GivenName>Owen</GivenName><Surname>Ambur</Surname><PhoneNumber/><EmailAddress>Owen.Ambur@verizon.net</EmailAddress></Submitter></AdministrativeInformation></StrategicPlan>