<?xml version="1.0" encoding="UTF-8"?>
<StrategicPlan xmlns="urn:ISO:std:iso:17469:tech:xsd:stratml_core" xmlns:xsi="http://www.w3.org/2001/XMLSchema-instance" xsi:schemaLocation="urn:ISO:std:iso:17469:tech:xsd:stratml_core http://xml.govwebs.net/stratml/references/StrategicPlanISOVersion20140401.xsd"><Name>Strategic Alignment</Name><Description>Strategic alignment is about marshalling all of the organization's resources to achieve its goals and objectives. Practically speaking -- beyond establishing a clear, concise, and inspirational vision statement that means organizational leaders should implement the goals outlined in this plan.</Description><OtherInformation/><StrategicPlanCore><Organization><Name>AIIM</Name><Acronym/><Identifier>_00a76e59-d205-11e5-9e4b-52bfd369ce9c</Identifier><Description/><Stakeholder StakeholderTypeType="Person"><Name>Owen Ambur</Name><Description>Author -- Chair, AIIM StratML Committee</Description></Stakeholder></Organization><Vision><Description/><Identifier>_00a76ec6-d205-11e5-9e4b-52bfd369ce9c</Identifier></Vision><Mission><Description>To outline the steps organizations should take to achieve strategic alignment</Description><Identifier>_00a76f7a-d205-11e5-9e4b-52bfd369ce9c</Identifier></Mission><Value><Name/><Description/></Value><Goal><Name>Strategic Plan</Name><Description>Render the organization's strategic plan in open, standard, machine-readable StratML format</Description><Identifier>_00a7701a-d205-11e5-9e4b-52bfd369ce9c</Identifier><SequenceIndicator>1</SequenceIndicator><Stakeholder><Name/><Description/></Stakeholder><OtherInformation>A training module for StratML Part 1, Strategic Plans (ISO/ANSI/AIIM 17469-1) is available for access by AIIM members at http://www.aiim.org/Resource-Centers/Collaboration or, more specifically, http://www.aiim.org/Resource-Centers/Tutorials/Collab/COL_How-to-render-strategic-plan-in-StratML</OtherInformation><Objective><Name/><Description/><Identifier>_00a770b0-d205-11e5-9e4b-52bfd369ce9c</Identifier><SequenceIndicator/><Stakeholder><Name/><Description/></Stakeholder><OtherInformation/></Objective></Goal><Goal><Name>Goals &amp; Objectives</Name><Description>Populate the goal and objective identifier elements with globally unique identifiers (GUIDs) or other identifiers that are standardized, unique, and well-known within the organization</Description><Identifier>_00a77146-d205-11e5-9e4b-52bfd369ce9c</Identifier><SequenceIndicator>2</SequenceIndicator><Stakeholder><Name/><Description/></Stakeholder><OtherInformation/><Objective><Name/><Description/><Identifier>_00a771d2-d205-11e5-9e4b-52bfd369ce9c</Identifier><SequenceIndicator/><Stakeholder><Name/><Description/></Stakeholder><OtherInformation/></Objective></Goal><Goal><Name>Records &amp; Metadata</Name><Description>Enable referencing of those identifiers in metadata associated with each
record/document/piece of content, thereby creating linkages to the goal(s) and objective(s) it supports and thus strategic alignment, literally speaking</Description><Identifier>_00a77272-d205-11e5-9e4b-52bfd369ce9c</Identifier><SequenceIndicator>3</SequenceIndicator><Stakeholder><Name/><Description/></Stakeholder><OtherInformation/><Objective><Name/><Description/><Identifier>_00a77312-d205-11e5-9e4b-52bfd369ce9c</Identifier><SequenceIndicator/><Stakeholder><Name/><Description/></Stakeholder><OtherInformation/></Objective></Goal><Goal><Name>Content/Document/Records Management</Name><Description>Make available to the organization's stakeholders a content/document/records management application/service that supports the StratML standard and makes it easy (semi-automatic) for users to provide the necessary metadata for each of the records they create in the routine course of the organization's business processes</Description><Identifier>_00a773a8-d205-11e5-9e4b-52bfd369ce9c</Identifier><SequenceIndicator>4</SequenceIndicator><Stakeholder><Name/><Description/></Stakeholder><OtherInformation/><Objective><Name/><Description/><Identifier>_00a77448-d205-11e5-9e4b-52bfd369ce9c</Identifier><SequenceIndicator/><Stakeholder><Name/><Description/></Stakeholder><OtherInformation/></Objective></Goal></StrategicPlanCore><AdministrativeInformation><PublicationDate>2016-02-12</PublicationDate><Source>http://xml.fido.gov/stratml/references/AIIM-BP-StratML.pdf</Source><Submitter><GivenName>Owen</GivenName><Surname>Ambur</Surname><PhoneNumber/><EmailAddress>Owen.Ambur@verizon.net</EmailAddress></Submitter></AdministrativeInformation></StrategicPlan>