<?xml version="1.0" encoding="UTF-8"?>
<StrategicPlan xmlns="urn:ISO:std:iso:17469:tech:xsd:stratml_core" xmlns:xsi="http://www.w3.org/2001/XMLSchema-instance" xsi:schemaLocation="urn:ISO:std:iso:17469:tech:xsd:stratml_core http://xml.govwebs.net/stratml/references/StrategicPlanISOVersion20140401.xsd"><Name>Goals of AIIM's Standards Department</Name><Description>As an accredited standards developer, the AIIM Standards Department fulfills the role of the Secretariat as described in the ANSI Procedures.</Description><OtherInformation/><StrategicPlanCore><Organization><Name>AIIM Standards Department</Name><Acronym>AIIMSD</Acronym><Identifier>_ec71178a-ff46-11e5-bd63-ec7f87122820</Identifier><Description/><Stakeholder><Name/><Description/></Stakeholder></Organization><Vision><Description/><Identifier>_ec7118c0-ff46-11e5-bd63-ec7f87122820</Identifier></Vision><Mission><Description>To fulfill the role of the Secretariat as described in the ANSI Procedures.</Description><Identifier>_ec711992-ff46-11e5-bd63-ec7f87122820</Identifier></Mission><Value><Name/><Description/></Value><Goal><Name>Accreditation</Name><Description>Maintain
accreditation
in
accordance
with
ANSI
Essential
Requirements:
Due
process
requirements
for
American
National
Standards,
including
submission
of
the
consensus
body
roster</Description><Identifier>_ec711ac8-ff46-11e5-bd63-ec7f87122820</Identifier><SequenceIndicator>1</SequenceIndicator><Stakeholder StakeholderTypeType="Organization"><Name>ANSI</Name><Description/></Stakeholder><OtherInformation/><Objective><Name/><Description/><Identifier>_ec711b72-ff46-11e5-bd63-ec7f87122820</Identifier><SequenceIndicator/><Stakeholder><Name/><Description/></Stakeholder><OtherInformation/></Objective></Goal><Goal><Name>Committee Organization</Name><Description>Organize
the
committees</Description><Identifier>_ec711c1c-ff46-11e5-bd63-ec7f87122820</Identifier><SequenceIndicator>2</SequenceIndicator><Stakeholder StakeholderTypeType="Generic_Group"><Name>AIIM Standards Committees</Name><Description/></Stakeholder><OtherInformation/><Objective><Name/><Description/><Identifier>_ec711cda-ff46-11e5-bd63-ec7f87122820</Identifier><SequenceIndicator/><Stakeholder><Name/><Description/></Stakeholder><OtherInformation/></Objective></Goal><Goal><Name>Committee Oversight</Name><Description>Oversee
the
committees'
compliance
with
ANSI/AIIM
procedures</Description><Identifier>_ec711d8e-ff46-11e5-bd63-ec7f87122820</Identifier><SequenceIndicator>3</SequenceIndicator><Stakeholder StakeholderTypeType="Generic_Group"><Name>AIIM Standards Committees</Name><Description/></Stakeholder><OtherInformation/><Objective><Name/><Description/><Identifier>_ec711e38-ff46-11e5-bd63-ec7f87122820</Identifier><SequenceIndicator/><Stakeholder><Name/><Description/></Stakeholder><OtherInformation/></Objective></Goal><Goal><Name>Membership Roster</Name><Description>Maintain
a
membership
roster
of
the
committee
and
a
program
of
work
or
a
list
of
standards
for which
the
committee
is
responsible</Description><Identifier>_ec711ef6-ff46-11e5-bd63-ec7f87122820</Identifier><SequenceIndicator>4</SequenceIndicator><Stakeholder StakeholderTypeType="Generic_Group"><Name/><Description/></Stakeholder><OtherInformation/><Objective><Name/><Description/><Identifier>_ec711f96-ff46-11e5-bd63-ec7f87122820</Identifier><SequenceIndicator/><Stakeholder><Name/><Description/></Stakeholder><OtherInformation/></Objective></Goal><Goal><Name>Committee Administration</Name><Description>Assist
committees
with
administrative
work,
including
secretarial
services;
meeting
notices
and
arrangements;
preparation
and
distribution
of
meeting
agendas,
minutes,
ballots
and
draft
standards;
and
maintenance
of
adequate
records.</Description><Identifier>_ec712040-ff46-11e5-bd63-ec7f87122820</Identifier><SequenceIndicator>5</SequenceIndicator><Stakeholder StakeholderTypeType="Generic_Group"><Name>AIIM Standards Committees</Name><Description>
</Description></Stakeholder><OtherInformation>It is expected that a committee member will perform these duties for committee work.</OtherInformation><Objective><Name/><Description/><Identifier>_ec7120ea-ff46-11e5-bd63-ec7f87122820</Identifier><SequenceIndicator/><Stakeholder><Name/><Description/></Stakeholder><OtherInformation/></Objective></Goal><Goal><Name>Submission</Name><Description>Submit
draft
standards
with
supporting
documentation
for
Standards
Board
approval,
AIIM
membership
comment,
NSC
approval
and
ANSI
review
and
approval
as
American
National
Standards</Description><Identifier>_ec712194-ff46-11e5-bd63-ec7f87122820</Identifier><SequenceIndicator>6</SequenceIndicator><Stakeholder StakeholderTypeType="Generic_Group"><Name>AIIM Standards Board</Name><Description/></Stakeholder><OtherInformation/><Objective><Name/><Description/><Identifier>_ec71222a-ff46-11e5-bd63-ec7f87122820</Identifier><SequenceIndicator/><Stakeholder><Name/><Description/></Stakeholder><OtherInformation/></Objective></Goal><Goal><Name>Publication</Name><Description>Publish
or
arrange
with
ANSI
for
publication
of
AIIM's
standards,
revisions,
and
addenda
as
required.</Description><Identifier>_ec7122d4-ff46-11e5-bd63-ec7f87122820</Identifier><SequenceIndicator>7</SequenceIndicator><Stakeholder StakeholderTypeType="Generic_Group"><Name/><Description/></Stakeholder><OtherInformation>NOTE:
This
includes
coordination
with
and
review
by
the
committee-designated
editor
prior
to
publication.</OtherInformation><Objective><Name/><Description/><Identifier>_ec71236a-ff46-11e5-bd63-ec7f87122820</Identifier><SequenceIndicator/><Stakeholder><Name/><Description/></Stakeholder><OtherInformation/></Objective></Goal><Goal><Name>Coordination</Name><Description>Coordinate
the
voluntary
activities
through
which
organizations
and
individuals
may
cooperate
in
developing,
establishing,
and
improving
standards
based
on
a
consensus
of
interested
parties</Description><Identifier>_ec71241e-ff46-11e5-bd63-ec7f87122820</Identifier><SequenceIndicator>8</SequenceIndicator><Stakeholder StakeholderTypeType="Generic_Group"><Name/><Description/></Stakeholder><OtherInformation/><Objective><Name/><Description/><Identifier>_ec712540-ff46-11e5-bd63-ec7f87122820</Identifier><SequenceIndicator/><Stakeholder><Name/><Description/></Stakeholder><OtherInformation/></Objective></Goal><Goal><Name>Promotion</Name><Description>Promote
knowledge
and
use
of
approved
standards</Description><Identifier>_ec712612-ff46-11e5-bd63-ec7f87122820</Identifier><SequenceIndicator>9</SequenceIndicator><Stakeholder StakeholderTypeType="Generic_Group"><Name/><Description/></Stakeholder><OtherInformation/><Objective><Name/><Description/><Identifier>_ec7126d0-ff46-11e5-bd63-ec7f87122820</Identifier><SequenceIndicator/><Stakeholder><Name/><Description/></Stakeholder><OtherInformation/></Objective></Goal><Goal><Name>International Standards</Name><Description>Work
and
cooperate,
through
ANSI,
with
ISO
and
other
standards
developing
bodies
in
the
development
of
international
standards</Description><Identifier>_ec7127c0-ff46-11e5-bd63-ec7f87122820</Identifier><SequenceIndicator>10</SequenceIndicator><Stakeholder StakeholderTypeType="Organization"><Name>ANSI</Name><Description/></Stakeholder><Stakeholder StakeholderTypeType="Organization"><Name>ISO</Name><Description/></Stakeholder><Stakeholder StakeholderTypeType="Generic_Group"><Name>SDOs</Name><Description/></Stakeholder><OtherInformation/><Objective><Name/><Description/><Identifier>_ec71286a-ff46-11e5-bd63-ec7f87122820</Identifier><SequenceIndicator/><Stakeholder><Name/><Description/></Stakeholder><OtherInformation/></Objective></Goal><Goal><Name>Federal, State &amp; Local Governments</Name><Description>Cooperate
with
departments
and
agencies
of
federal,
state
and
local
governments
in
achieving
optimum
compatibility
between
government
codes,
standards
and
the
voluntary
standards
of
the
industry
in
order
to
foster
the
maximum
use
of
voluntary
industry
standards</Description><Identifier>_ec71291e-ff46-11e5-bd63-ec7f87122820</Identifier><SequenceIndicator>11</SequenceIndicator><Stakeholder StakeholderTypeType="Generic_Group"><Name>Federal Governments</Name><Description/></Stakeholder><Stakeholder StakeholderTypeType="Generic_Group"><Name>State Governments</Name><Description/></Stakeholder><Stakeholder StakeholderTypeType="Generic_Group"><Name>Local Governments</Name><Description/></Stakeholder><OtherInformation/><Objective><Name/><Description/><Identifier>_ec7129dc-ff46-11e5-bd63-ec7f87122820</Identifier><SequenceIndicator/><Stakeholder><Name/><Description/></Stakeholder><OtherInformation/></Objective></Goal><Goal><Name>Publications &amp; Programs</Name><Description>Develop
publications
and
other
programs
pertinent
to
standardization</Description><Identifier>_ec712a90-ff46-11e5-bd63-ec7f87122820</Identifier><SequenceIndicator>12</SequenceIndicator><Stakeholder StakeholderTypeType="Generic_Group"><Name/><Description/></Stakeholder><OtherInformation/><Objective><Name/><Description/><Identifier>_ec712b4e-ff46-11e5-bd63-ec7f87122820</Identifier><SequenceIndicator/><Stakeholder><Name/><Description/></Stakeholder><OtherInformation/></Objective></Goal><Goal><Name>Training</Name><Description>Provide
training
on
the
development
of
standards
and
the
administration
of
standards
committees</Description><Identifier>_ec712c20-ff46-11e5-bd63-ec7f87122820</Identifier><SequenceIndicator>13</SequenceIndicator><Stakeholder StakeholderTypeType="Generic_Group"><Name/><Description/></Stakeholder><OtherInformation/><Objective><Name/><Description/><Identifier>_ec712cca-ff46-11e5-bd63-ec7f87122820</Identifier><SequenceIndicator/><Stakeholder><Name/><Description/></Stakeholder><OtherInformation/></Objective></Goal><Goal><Name>Records</Name><Description>Maintain
appropriate
records
for
the
AIIM
Standards
Program
and
its
committees</Description><Identifier>_ec712d7e-ff46-11e5-bd63-ec7f87122820</Identifier><SequenceIndicator>14</SequenceIndicator><Stakeholder StakeholderTypeType="Generic_Group"><Name>AIIM Standards Committees</Name><Description/></Stakeholder><OtherInformation/><Objective><Name/><Description/><Identifier>_ec712e46-ff46-11e5-bd63-ec7f87122820</Identifier><SequenceIndicator/><Stakeholder><Name/><Description/></Stakeholder><OtherInformation/></Objective></Goal><Goal><Name>Voting</Name><Description>Monitor
the
voting
history
of
the
NSC
members
and
issue
notifications
of
voting
rights
being
in
jeopardy
due
to
ballots
not
being
returned.
Provide
report
and
recommendations
for
withdrawal
of
NSC
member
voting
privileges
on
a
quarterly
basis
to
the
AIIM
Standards
Board.</Description><Identifier>_ec712f04-ff46-11e5-bd63-ec7f87122820</Identifier><SequenceIndicator>15</SequenceIndicator><Stakeholder StakeholderTypeType="Generic_Group"><Name>NSC</Name><Description/></Stakeholder><Stakeholder StakeholderTypeType="Generic_Group"><Name>AIIM Standards Board</Name><Description/></Stakeholder><OtherInformation/><Objective><Name/><Description/><Identifier>_ec712fcc-ff46-11e5-bd63-ec7f87122820</Identifier><SequenceIndicator/><Stakeholder><Name/><Description/></Stakeholder><OtherInformation/></Objective></Goal><Goal><Name>Recruitment</Name><Description>Recruit
subject
experts
to
the
Standards
Process,
by
actively
recruiting
committee
members
from
both
the
user
and
vendor
communities</Description><Identifier>_ec713094-ff46-11e5-bd63-ec7f87122820</Identifier><SequenceIndicator>16</SequenceIndicator><Stakeholder StakeholderTypeType="Generic_Group"><Name>Subject Matter Experts</Name><Description/></Stakeholder><OtherInformation/><Objective><Name/><Description/><Identifier>_ec713152-ff46-11e5-bd63-ec7f87122820</Identifier><SequenceIndicator/><Stakeholder><Name/><Description/></Stakeholder><OtherInformation/></Objective></Goal><Goal><Name>Secretariat</Name><Description>Serve
as
the
Secretariat
of
the
Standards
Board,
U.S.
Technical
Advisory
Group
to
TC
171
(TAG)
and
others
as
necessary</Description><Identifier>_ec71321a-ff46-11e5-bd63-ec7f87122820</Identifier><SequenceIndicator>17</SequenceIndicator><Stakeholder StakeholderTypeType="Generic_Group"><Name>AIIM Standards Board</Name><Description/></Stakeholder><Stakeholder StakeholderTypeType="Generic_Group"><Name>U.S. Technical Advisory Group</Name><Description/></Stakeholder><Stakeholder StakeholderTypeType="Generic_Group"><Name>ISO TC 171</Name><Description/></Stakeholder><OtherInformation/><Objective><Name/><Description/><Identifier>_ec7132e2-ff46-11e5-bd63-ec7f87122820</Identifier><SequenceIndicator/><Stakeholder><Name/><Description/></Stakeholder><OtherInformation/></Objective></Goal><Goal><Name>Other Functions</Name><Description>Perform
other
administrative
functions
as
required
by
these
procedures</Description><Identifier>_ec7133b4-ff46-11e5-bd63-ec7f87122820</Identifier><SequenceIndicator>18</SequenceIndicator><Stakeholder StakeholderTypeType="Generic_Group"><Name/><Description/></Stakeholder><OtherInformation/><Objective><Name/><Description/><Identifier>_ec71347c-ff46-11e5-bd63-ec7f87122820</Identifier><SequenceIndicator/><Stakeholder><Name/><Description/></Stakeholder><OtherInformation/></Objective></Goal></StrategicPlanCore><AdministrativeInformation><StartDate>2016-04-01</StartDate><PublicationDate>2016-04-10</PublicationDate><Submitter><GivenName>Owen</GivenName><Surname>Ambur</Surname><PhoneNumber/><EmailAddress>Owen.Ambur@verizon.net</EmailAddress></Submitter></AdministrativeInformation></StrategicPlan>