<?xml version="1.0" encoding="UTF-8"?>
<StrategicPlan xmlns="urn:ISO:std:iso:17469:tech:xsd:stratml_core" xmlns:xsi="http://www.w3.org/2001/XMLSchema-instance" xsi:schemaLocation="urn:ISO:std:iso:17469:tech:xsd:stratml_core http://xml.govwebs.net/stratml/references/StrategicPlanISOVersion20140401.xsd"><Name>U.S. ISO TC 171 TAG Purpose &amp; Responsibilities</Name><Description>The
scope
of
ISO
TC
171,
Document
Management
Applications
is
as
found
on
the
ISO
web
site
at
http://www.iso.org/iso/en/stdsdevelopment/tc/tclist/TechnicalCommitteeDetailPage.TechnicalCom
mitteeDetail?COMMID=4053</Description><OtherInformation>Principles of Operation -- 
The
operation
of
the
TAG
shall
meet
the
criteria
established
by
ISO.
The
operation
of
the
TAG
shall
also
conform
to
the
ISO/TAG
requirements
established
by
ANSI.

Meetings -- 
Meetings
of
the
U.S.
TAG
are
determined
by
the
TAG
Chair.
Meetings
are
usually
held
prior
to
the
meeting
of
ISO/TC171.
Additional
meetings
may
be
held
provided
advance
notice
has
been
given.
Where
possible
the
meetings
shall
be
held
in
connection
with
other
meetings
associated
with
AIIM,
i.e.,
Standards
Week,
Standards
Board,
etc.</OtherInformation><StrategicPlanCore><Organization><Name>U.S. Technical Advisory Group (TAG) to ISO Technical Committee (TC) 171 - Document Management Applications</Name><Acronym>AIIMTAG</Acronym><Identifier>_355eb4e2-ff89-11e5-9d72-1f9187122820</Identifier><Description/><Stakeholder StakeholderTypeType="Generic_Group"><Name>AIIM Standards Board</Name><Description>The
U.S.
TAG
to
TC171
operates
under
and
reports
to
the
Standards
Board
and
the
American
National
Standards
Institute
(ANSI)
for
the
development
of
U.S.
positions
on
international
standards
within
the
scope
of
TC
171.</Description></Stakeholder><Stakeholder StakeholderTypeType="Organization"><Name>ANSI</Name><Description>AIIM
acts
as
the
administrator
of
the
U.S.
TAG/TC171
on
behalf
of
ANSI.
The
TAG
develops
and
coordinates
the
U.S.
positions
on
the
development
and
review
of
standards
developed
under
the
auspices
of
TC
171
of
the
International
Organization
for
Standardization
(ISO).</Description></Stakeholder><Stakeholder StakeholderTypeType="Organization"><Name>ISO</Name><Description/></Stakeholder><Stakeholder StakeholderTypeType="Generic_Group"><Name>AIIMTAG Members</Name><Description>The
TAG
will
consist
of
organizations
and
individuals
who
desire
to
take
an
active
part
in
the
pursuit
of U.S.
interests
in
the
development
of
international
standards
through
ISO’s
TC171.
Members
of
the
TAG
need
not
belong
to
AIIM,
however,
members
of
the
TAG
must
represent
a
company
(or
themselves)
located
in
the
U.S.,
including
U.S.
branch
offices
of
foreign
companies.</Description></Stakeholder><Stakeholder StakeholderTypeType="Person"><Name>AIIMTAG Chair</Name><Description>The
TAG
Chair
is
confirmed
by
the
Standards
Board
upon
recommendation
of
the
TAG.</Description></Stakeholder><Stakeholder StakeholderTypeType="Organization"><Name>AIIM Standards Department</Name><Description>Minutes -- 
The
AIIM
Standards
Department
serves
as
Secretariat
to
the
U.S.
TAG
and
supplies
formal
meeting
minutes
for
distribution
to
the
U.S.
TAG,
the
Standards
Board
and
all
U.S.
experts
assigned
to
the
TAG.

Voting -- 
As
administrator,
AIIM
receives
all
material
related
to
ISO/TC171
which
are
circulated
as
necessary
to
those
interested
parties
and
members
of
the
TAG.
In
addition,
those
items
which
require
the
development
of
a
U.S.
vote
or
position
may
also
be
announced
in
the
AIIM
or
industry
publication
and
ANSI’s
Standard
Actions
to
afford
those
interested
parties
the
opportunity
to
comment.
Upon
receipt
of
a
document
requiring
a
vote,
AIIM
Standards
will
request
volunteers
(may
be
a
standards
committee)
to
review
and
form
a
vote
recommendation.
The
TAG
will
work
with
the
identified
volunteers
to
understand
the
proposed
recommended
vote.
The
vote
recommendation
will
be
circulated
to
the
TAG
for
review.
Comments
from
requested
volunteers
and
TAG
members
will
be
consolidated
for
review
by
the
full
TAG
to
determine
the
comments
that
will
accompany
the
US
vote.
This
may
be
done
by
a
virtual
meeting
or via
an
email
thread.</Description></Stakeholder></Organization><Vision><Description/><Identifier>_355eb622-ff89-11e5-9d72-1f9187122820</Identifier></Vision><Mission><Description>To develop U.S. positions on international standards within the scope of ISO/TC 171</Description><Identifier>_355eb6f4-ff89-11e5-9d72-1f9187122820</Identifier></Mission><Value><Name>Balance</Name><Description>Balance
of
membership
on
the
U.S.
TAG
is
not
required.
The
U.S.
TAG
is
a
group
of
subject
matter
experts
who
attempt
to
represent
U.S.
positions
at
the
ISO
level.
Standards
Committee
recommendations
in
the
form
of
a
vote
are
obtained
in
the
TAG's
process
of
forming
the
U.S.
position.
The
U.S.
TAG
vote
does
not
necessarily
reflect
a
committee
position.
The
Standards
Committee
positions
are
recommendations
that
the
TAG
accepts,
modifies,
or
rejects.</Description></Value><Goal><Name>Member Registration</Name><Description>Recommend
registration
of
ANSI
as
a
"P"
or
"O"
member
of
an
ISO
subcommittee
or
recommend
a
change
in
ANSI
membership
status
to
an
ISO
technical
committee
or subcommittee</Description><Identifier>_355eb870-ff89-11e5-9d72-1f9187122820</Identifier><SequenceIndicator>1</SequenceIndicator><Stakeholder><Name/><Description/></Stakeholder><OtherInformation/><Objective><Name/><Description/><Identifier>_355eba14-ff89-11e5-9d72-1f9187122820</Identifier><SequenceIndicator/><Stakeholder><Name/><Description/></Stakeholder><OtherInformation/></Objective></Goal><Goal><Name>Proposals</Name><Description>Initiate
and
approve
U.S.
proposals
for
new
work
items
for
consideration
by
ISO/TC171</Description><Identifier>_355ebafa-ff89-11e5-9d72-1f9187122820</Identifier><SequenceIndicator>2</SequenceIndicator><Stakeholder StakeholderTypeType="Generic_Group"><Name>ISO/TC171</Name><Description/></Stakeholder><OtherInformation/><Objective><Name/><Description/><Identifier>_355ebbc2-ff89-11e5-9d72-1f9187122820</Identifier><SequenceIndicator/><Stakeholder><Name/><Description/></Stakeholder><OtherInformation/></Objective></Goal><Goal><Name>Working Drafts</Name><Description>Initiate
and
approve
U.S.
working
drafts
for
submittal
to
ISO/TC171
for
consideration
as
committee
drafts</Description><Identifier>_355ebc94-ff89-11e5-9d72-1f9187122820</Identifier><SequenceIndicator>3</SequenceIndicator><Stakeholder StakeholderTypeType="Generic_Group"><Name>ISO/TC171</Name><Description/></Stakeholder><OtherInformation/><Objective><Name/><Description/><Identifier>_355ebd5c-ff89-11e5-9d72-1f9187122820</Identifier><SequenceIndicator/><Stakeholder><Name/><Description/></Stakeholder><OtherInformation/></Objective></Goal><Goal><Name>U.S. Positions</Name><Description>Determine
the
U.S.
position
on
an
ISO
draft
international
standard,
draft
technical
report,
committee
draft,
ISO
questionnaire,
draft
reports
of
meetings,
etc.</Description><Identifier>_355ebe24-ff89-11e5-9d72-1f9187122820</Identifier><SequenceIndicator>4</SequenceIndicator><Stakeholder StakeholderTypeType="Generic_Group"><Name/><Description/></Stakeholder><OtherInformation/><Objective><Name/><Description/><Identifier>_355ebef6-ff89-11e5-9d72-1f9187122820</Identifier><SequenceIndicator/><Stakeholder><Name/><Description/></Stakeholder><OtherInformation/></Objective></Goal><Goal><Name>U.S. Representation</Name><Description>Provide
adequate
U.S.
representation
to
TC171
meetings,
designate
heads
of
delegations
and
members
of
delegations
and
ensure
compliance
with
the
ANSI
"Guide for U.S. Delegates to IEC/ISO meetings"</Description><Identifier>_355ebfc8-ff89-11e5-9d72-1f9187122820</Identifier><SequenceIndicator>5</SequenceIndicator><Stakeholder StakeholderTypeType="Generic_Group"><Name>ISO/TC171</Name><Description/></Stakeholder><OtherInformation/><Objective><Name/><Description/><Identifier>_355ec09a-ff89-11e5-9d72-1f9187122820</Identifier><SequenceIndicator/><Stakeholder><Name/><Description/></Stakeholder><OtherInformation/></Objective></Goal><Goal><Name>Agendas</Name><Description>Determine
U.S.
positions
on
agenda
items
of
ISO/TC171
meetings
and
advise
the
U.S.
delegation
of
any
flexibility
it
may
have
on
these
positions</Description><Identifier>_355ec180-ff89-11e5-9d72-1f9187122820</Identifier><SequenceIndicator>6</SequenceIndicator><Stakeholder StakeholderTypeType="Generic_Group"><Name>ISO/TC171</Name><Description/></Stakeholder><OtherInformation/><Objective><Name/><Description/><Identifier>_355ec25c-ff89-11e5-9d72-1f9187122820</Identifier><SequenceIndicator/><Stakeholder><Name/><Description/></Stakeholder><OtherInformation/></Objective></Goal><Goal><Name>Technical Experts</Name><Description>Nominate
U.S.
technical
experts
to
serve
on
ISO/TC171
working
groups</Description><Identifier>_355ec338-ff89-11e5-9d72-1f9187122820</Identifier><SequenceIndicator>7</SequenceIndicator><Stakeholder StakeholderTypeType="Generic_Group"><Name>Technical Experts</Name><Description/></Stakeholder><Stakeholder StakeholderTypeType="Generic_Group"><Name>ISO/TC171 Working Groups</Name><Description/></Stakeholder><OtherInformation/><Objective><Name/><Description/><Identifier>_355ec45a-ff89-11e5-9d72-1f9187122820</Identifier><SequenceIndicator/><Stakeholder><Name/><Description/></Stakeholder><OtherInformation/></Objective></Goal><Goal><Name>Assistance</Name><Description>Provide
assistance
to
U.S.
ISO/TC171/SC2
Secretariat,
upon
request,
including
resolving
comments
on
draft
international
standards,
draft
technical
reports
and
committee
drafts</Description><Identifier>_355ec5cc-ff89-11e5-9d72-1f9187122820</Identifier><SequenceIndicator>8</SequenceIndicator><Stakeholder StakeholderTypeType="Organization"><Name>U.S. ISO/TC171/SC2 Secretariat</Name><Description/></Stakeholder><OtherInformation/><Objective><Name/><Description/><Identifier>_355ec6b2-ff89-11e5-9d72-1f9187122820</Identifier><SequenceIndicator/><Stakeholder><Name/><Description/></Stakeholder><OtherInformation/></Objective></Goal><Goal><Name>Liaisons &amp; Overlaps</Name><Description>Identify
and
establish
close
liaison
with
other
U.S.
technical
advisory
groups
in
related
fields,
or
identify
ISO
or
IEC
activities
that
may
overlap
TC171's
scope</Description><Identifier>_355ec798-ff89-11e5-9d72-1f9187122820</Identifier><SequenceIndicator>9</SequenceIndicator><Stakeholder StakeholderTypeType="Organization"><Name/><Description/></Stakeholder><OtherInformation/><Objective><Name/><Description/><Identifier>_355ec8ba-ff89-11e5-9d72-1f9187122820</Identifier><SequenceIndicator/><Stakeholder><Name/><Description/></Stakeholder><OtherInformation/></Objective></Goal><Goal><Name>Secretariats</Name><Description>Recommend
to
ANSI
the
acceptance
of
Secretariats
for
ISO/TC171
or
subcommittees</Description><Identifier>_355ec9a0-ff89-11e5-9d72-1f9187122820</Identifier><SequenceIndicator>10</SequenceIndicator><Stakeholder StakeholderTypeType="Organization"><Name>ISO/TC171</Name><Description/></Stakeholder><OtherInformation/><Objective><Name/><Description/><Identifier>_355eca90-ff89-11e5-9d72-1f9187122820</Identifier><SequenceIndicator/><Stakeholder><Name/><Description/></Stakeholder><OtherInformation/></Objective></Goal><Goal><Name>Meetings</Name><Description>Recommend
ANSI
invite
ISO/TC171
or
subcommittees
to
meet
in
the
U.S.</Description><Identifier>_355ecb80-ff89-11e5-9d72-1f9187122820</Identifier><SequenceIndicator>11</SequenceIndicator><Stakeholder StakeholderTypeType="Organization"><Name>ANSI</Name><Description/></Stakeholder><Stakeholder StakeholderTypeType="Organization"><Name>ISO/TC171</Name><Description/></Stakeholder><OtherInformation/><Objective><Name/><Description/><Identifier>_355ecc8e-ff89-11e5-9d72-1f9187122820</Identifier><SequenceIndicator/><Stakeholder><Name/><Description/></Stakeholder><OtherInformation/></Objective></Goal><Goal><Name>Chairpersons</Name><Description>Recommend
to
ANSI
U.S.
candidates
for
the
chair
of
ISO/TC171
or
subcommittees
and
the
U.S.
conveners
of
working
groups</Description><Identifier>_355ecd7e-ff89-11e5-9d72-1f9187122820</Identifier><SequenceIndicator>12</SequenceIndicator><Stakeholder StakeholderTypeType="Organization"><Name>ISO/TC171</Name><Description/></Stakeholder><OtherInformation/><Objective><Name/><Description/><Identifier>_355ece64-ff89-11e5-9d72-1f9187122820</Identifier><SequenceIndicator/><Stakeholder><Name/><Description/></Stakeholder><OtherInformation/></Objective></Goal><Goal><Name>Information</Name><Description>Inform
the
Standards
Board
and
others
interested
in
specific
subjects
of
development
and
advances
learned
of
through
participation
in
TC171
functions.</Description><Identifier>_355ecf68-ff89-11e5-9d72-1f9187122820</Identifier><SequenceIndicator>13</SequenceIndicator><Stakeholder StakeholderTypeType="Organization"><Name>AIIM Standards Board</Name><Description/></Stakeholder><OtherInformation/><Objective><Name>Annual Reports</Name><Description>Prepare annual reports</Description><Identifier>_355ed0e4-ff89-11e5-9d72-1f9187122820</Identifier><SequenceIndicator>13.1</SequenceIndicator><Stakeholder StakeholderTypeType="Organization"><Name>ANSI</Name><Description/></Stakeholder><Stakeholder StakeholderTypeType="Organization"><Name>ISO/TC171</Name><Description/></Stakeholder><Stakeholder StakeholderTypeType="Generic_Group"><Name>AIIM Standards Board</Name><Description/></Stakeholder><OtherInformation>The
U.S.
TAG
prepares
an
annual
report
of
its
activities.
The
report
includes
such
data
and
information
as
requested
by
ANSI.
The
period
covered
and
date
of
submission,
etc.,
is
established
by
ANSI.
The
annual
report
is
distributed
to
the
Standards
Board,
TAG
members
and
the
TAG
Administrator.
The
U.S.
TAG
prepares
such
other
reports
as
requested
by
ANSI,
TC171
or
ISO.
Copies
of
all
reports
prepared
are
sent
to
the
Standards
Board
for
information.</OtherInformation></Objective></Goal></StrategicPlanCore><AdministrativeInformation><StartDate>2016-04-01</StartDate><PublicationDate>2016-04-10</PublicationDate><Submitter><GivenName>Owen</GivenName><Surname>Ambur</Surname><PhoneNumber/><EmailAddress>Owen.Ambur@verizon.net</EmailAddress></Submitter></AdministrativeInformation></StrategicPlan>