<?xml version="1.0" encoding="UTF-8"?>
<StrategicPlan xsi:schemaLocation="http://www.stratml.net  http://xml.gov/stratml/references/StrategicPlan.xsd" xmlns:xsi="http://www.w3.org/2001/XMLSchema-instance" xmlns="http://www.stratml.net"><id/><Name>Mission, Membership &amp; Goals of KM Steering Committee</Name><Description/><OtherInformation/><StrategicPlanCore><Organization><Name>KM Standards Steering Committee</Name><Acronym>KMSOC</Acronym><Identifier>_46383a38-9d78-11e3-9a8b-ef098e2de4e8</Identifier><Description/><Stakeholder><Name>AIIM</Name><Description/></Stakeholder><Stakeholder><Name>Denis Bedford</Name><Description>Chair</Description></Stakeholder><Stakeholder><Name>Betsy Fanning</Name><Description>AIIM's Director of Standards</Description></Stakeholder><Stakeholder><Name>Annie Green</Name><Description/></Stakeholder><Stakeholder><Name>Mary Volz-Peacock</Name><Description>@opm.gov</Description></Stakeholder><Stakeholder><Name>Maureen L. Hammer</Name><Description>VDOT</Description></Stakeholder><Stakeholder><Name>Bo Newman</Name><Description>@km-forum.org</Description></Stakeholder><Stakeholder><Name>John</Name><Description>@explanationage.com</Description></Stakeholder><Stakeholder><Name>David</Name><Description>@theknowledgecore.com</Description></Stakeholder><Stakeholder><Name>Jim Lee</Name><Description/></Stakeholder><Stakeholder><Name>Dave Snowden</Name><Description/></Stakeholder><Stakeholder><Name>Ina Bhan</Name><Description>@qou.edu</Description></Stakeholder><Stakeholder><Name>Al Linden</Name><Description/></Stakeholder><Stakeholder><Name>Owen Ambur</Name><Description>Chair, AIIM StratML Committee</Description></Stakeholder></Organization><Vision><Description/><Identifier>_46383b96-9d78-11e3-9a8b-ef098e2de4e8</Identifier></Vision><Mission><Description>To oversee the work of AIIM's KM committee.</Description><Identifier>_46383c4a-9d78-11e3-9a8b-ef098e2de4e8</Identifier></Mission><Value><Name/><Description/></Value><Goal><Name>TBD</Name><Description>To be determined</Description><Identifier>_46383d1c-9d78-11e3-9a8b-ef098e2de4e8</Identifier><SequenceIndicator/><Stakeholder><Name/><Description/></Stakeholder><OtherInformation/><Objective><Name/><Description/><Identifier>_46383e5c-9d78-11e3-9a8b-ef098e2de4e8</Identifier><SequenceIndicator/><Stakeholder><Name/><Description/></Stakeholder><OtherInformation/></Objective></Goal></StrategicPlanCore><AdministrativeInformation><StartDate/><EndDate/><PublicationDate>2014-02-24</PublicationDate><Source>http://aiimstandards.editme.com/KnowledgeManagement?null</Source><Submitter><FirstName>Owen</FirstName><LastName>Ambur</LastName><PhoneNumber/><EmailAddress>Owen.Ambur@verizon.net</EmailAddress></Submitter></AdministrativeInformation></StrategicPlan>