<?xml version="1.0" encoding="UTF-8"?>
<StrategicPlan xmlns="urn:ISO:std:iso:17469:tech:xsd:stratml_core" xmlns:xsi="http://www.w3.org/2001/XMLSchema-instance" xsi:schemaLocation="urn:ISO:std:iso:17469:tech:xsd:stratml_core http://xml.govwebs.net/stratml/references/StrategicPlanISOVersion20140401.xsd"><Name>AIIM Standards Board Responsibilities</Name><Description>The
Standards
Board
is
established
as
the
advisory
body
to
the
AIIM
Standards
Program
to
provide
oversight
on
the
development,
revision,
reaffirmation
or
withdrawal
of
the
standards,
standard
recommended
practices
and
technical
reports
within
the
scope
of
the
AIIM
standards
committees.
The
Standards
Board
is
not
focused
on
the
substantive
information
included
in
the
documents
produced
by
the
program.</Description><OtherInformation/><StrategicPlanCore><Organization><Name>AIIM Standards Board</Name><Acronym>AIIMSB</Acronym><Identifier>_c1645aa0-ff4d-11e5-8be7-689e87122820</Identifier><Description>The
AIIM
Standards
Board
consists
of
members
and
committee
chairmen
not
to
exceed
a
total
of
21.
The
committee
chairmen
are
ex
officio
members
of
the
Standards
Board
with
voting
privileges.</Description><Stakeholder StakeholderTypeType="Generic_Group"><Name>AIIM Standards Committees</Name><Description/></Stakeholder><Stakeholder StakeholderTypeType="Person"><Name>AIIM Standards Board Chairperson</Name><Description>The
Chairperson
of
the
Standards
Board
is
a
member
of
the
Standards
Board
(regardless
of
the
interest
group
represented)
as
voted
upon
by
the
Standards
Board.
The
Chairperson
is
nominated
and
seconded
by
a
member
of
the
Standards
Board.
A
vote
of
simple
majority
is
required
to
install
the
Chairperson.
The
Chairperson
represents
the
AIIM
Standards
Program
on
the
AIIM
Board
of
Directors.
The
Chairperson
serves
a
term
of
two
years
in
concert
with
their
term
on
the
AIIM
Board
of
Directors.
Committee.</Description></Stakeholder><Stakeholder StakeholderTypeType="Person"><Name>AIIM Standards Department Staff Person</Name><Description>The
AIIM
staff
person
responsible
for
the
AIIM
Standards
Department
is
a
member
of
the
Standards
Board
with
full
voting
rights.
In
the
absence
of
the
Chair,
the
AIIM
staff
person
chairs
the
meeting.</Description></Stakeholder><Stakeholder StakeholderTypeType="Person"><Name>U.S. TC171 TAG Chairperson</Name><Description>The
chair
of
the
U.S.
TAG
to
TC171
is
an
ex
officio
member
of
the
Standards
Board
with
full
voting
rights
in
concert
with
their
term
as
chair
of
the
U.S.
TAG.</Description></Stakeholder><Stakeholder StakeholderTypeType="Generic_Group"><Name>AIIM Standards Board Members</Name><Description>Membership
includes
the
Chairperson
and
all
ex-officio
member(s).

Members
of
the
Standards
Board
are
professional
members
of
AIIM
who
possess
a
broad
knowledge
of
the
industry
and
industry
issues.
There
should
be
no
undue
financial
barriers
to
membership
on
the
Standards
Board.
However,
Standards
Board
members
are
responsible
for
their
own
travel,
lodging,
postage
and
other
personal
expenses
incurred
while
participating
in
committee
activities.</Description></Stakeholder></Organization><Vision><Description/><Identifier>_c1645bd6-ff4d-11e5-8be7-689e87122820</Identifier></Vision><Mission><Description>To provide oversight on the development, revision, reaffirmation or withdrawal of the standards, standard recommended practices and technical reports within the scope of the AIIM standards committees.</Description><Identifier>_c1645c8a-ff4d-11e5-8be7-689e87122820</Identifier></Mission><Value><Name>Balance</Name><Description>Balance
of
membership
is
an
accepted
concept
of
standards
work.
An
effort
will
be
made
to
achieve
a
balance
of
technical
expertise
that
serves
the
association
within
the
ranks
of
the
Standards
Board
and
to
provide
a
cross
section
of
user-­‐consumers,
producers,
general
interest/government,
service
companies
and
consultants
as
set
forth
in
ANSI
Essential
Requirements:
Due
process
requirements
for
American
National
Standards
(Section
2.3).</Description></Value><Value><Name>Due Process</Name><Description/></Value><Value><Name>Consensus</Name><Description/></Value><Value><Name>Openness</Name><Description/></Value><Goal><Name>Due Process, Consensus &amp; Openness</Name><Description>Ensure
all
requirements
for
due
process,
consensus,
and
openness
have
been
followed
in
the
development
of
standards,
standard
recommended
practices,
and
technical
reports</Description><Identifier>_c1645e2e-ff4d-11e5-8be7-689e87122820</Identifier><SequenceIndicator>1</SequenceIndicator><Stakeholder><Name/><Description/></Stakeholder><OtherInformation/><Objective><Name>Meetings</Name><Description>Conduct quarterly meetings</Description><Identifier>_c1645ed8-ff4d-11e5-8be7-689e87122820</Identifier><SequenceIndicator>1.1</SequenceIndicator><Stakeholder><Name/><Description/></Stakeholder><OtherInformation>The
Standards
Board
meets
quarterly.
Additional
meetings
may
be
called
provided
advance
notice
is
given.
Meetings
may
be
conducted
in
person,
via
conference
call,
electronically
through
Internet,
etc.</OtherInformation></Objective><Objective><Name>Minutes</Name><Description>Compile and distribute meeting minutes</Description><Identifier>_c1645f82-ff4d-11e5-8be7-689e87122820</Identifier><SequenceIndicator>1.2</SequenceIndicator><Stakeholder StakeholderTypeType="Organization"><Name>AIIM Standards Department</Name><Description/></Stakeholder><OtherInformation>The
AIIM
Standards
Department,
acting
as
Secretariat
to
the
Standards
Board,
provides
the
formal
minutes
of
all
meetings
within
45
days
of
the
meeting.
Distribution
of
approved
minutes
through
posting
on
the
AIIM
web
site
or
via
email
will
be
to
the
Standards
Board
members
and
others
as specified
by
the
Standards
Board.</OtherInformation></Objective><Objective><Name>Voting</Name><Description>Conduct votes as needed and appropriate</Description><Identifier>_c1646072-ff4d-11e5-8be7-689e87122820</Identifier><SequenceIndicator>1.3</SequenceIndicator><Stakeholder StakeholderTypeType="Organization"><Name>AIIM Standards Board</Name><Description/></Stakeholder><OtherInformation>A
quorum
consists
of
a
simple
majority
of
voting
members.
A
simple
majority
of
affirmative
votes
are
required
to
approve
any
action
of
the
Standards
Board
not
involving
approval
of
standards.
A
vote
to
approve
standards,
standard
recommended
practices,
and
technical
reports
for
balloting
is
by
consensus
(per
ANSI
Essential
Requirements:
Due
process
requirements
for
American
National
Standards,
Section
2.6)...

The
Standards
Board
votes
on
the
following
matters:</OtherInformation></Objective><Objective><Name>Formation &amp; Disbandment</Name><Description>Form and disband committees</Description><Identifier>_c1646126-ff4d-11e5-8be7-689e87122820</Identifier><SequenceIndicator>1.3.1</SequenceIndicator><Stakeholder StakeholderTypeType="Organization"><Name/><Description/></Stakeholder><OtherInformation>Formation
or
disbandment
of
a
committee
or
subcommittee</OtherInformation></Objective><Objective><Name>Scope Statements</Name><Description>Approve committee and subcommittee scope statements and changes thereto</Description><Identifier>_c16461da-ff4d-11e5-8be7-689e87122820</Identifier><SequenceIndicator>1.3.2</SequenceIndicator><Stakeholder StakeholderTypeType="Organization"><Name/><Description/></Stakeholder><OtherInformation>Approval
of
a
committee
or
subcommittee
scope
or
changes
thereto</OtherInformation></Objective><Objective><Name>Standards &amp; Practices</Name><Description>Act on proposed, revised, reaffirmed standards and standard recommended
practices</Description><Identifier>_c1646342-ff4d-11e5-8be7-689e87122820</Identifier><SequenceIndicator>1.3.3</SequenceIndicator><Stakeholder StakeholderTypeType="Organization"><Name/><Description/></Stakeholder><OtherInformation>Action
on
a
proposed,
revised,
reaffirmed
standard
or
standard
recommended
practice
to
approve
the
draft
while
ballots
are
issued
simultaneously
to
AIIM
membership
for
comment,
NSC
ballot
and
ANSI
public
review</OtherInformation></Objective><Objective><Name>Withdrawals</Name><Description>Approve committee recommendations for withdrawal of standards,
recommended practices, and technical reports</Description><Identifier>_c16463f6-ff4d-11e5-8be7-689e87122820</Identifier><SequenceIndicator>1.3.4</SequenceIndicator><Stakeholder StakeholderTypeType="Organization"><Name/><Description/></Stakeholder><OtherInformation>Approval
of
a
committee
recommendation
for
the
withdrawal
of
a
standard,
recommended
practice
or
technical
report
simultaneously
to
the
AIIM
membership
comment
period,
NSC
ballot
and
ANSI
public
review
for
this
action</OtherInformation></Objective><Objective><Name>Project Proposals</Name><Description>Review
and
comment
on
new
project
proposals</Description><Identifier>_c16464aa-ff4d-11e5-8be7-689e87122820</Identifier><SequenceIndicator>1.3.5</SequenceIndicator><Stakeholder StakeholderTypeType="Organization"><Name/><Description/></Stakeholder><OtherInformation/></Objective><Objective><Name>Policies &amp; Procedures</Name><Description>Adopt AIIM Standards Development Policies and Procedures</Description><Identifier>_c1646572-ff4d-11e5-8be7-689e87122820</Identifier><SequenceIndicator>1.3.6</SequenceIndicator><Stakeholder StakeholderTypeType="Organization"><Name/><Description/></Stakeholder><OtherInformation>Adopt
AIIM
Standards
Development
Policies
and
Procedures
for
ANSI
Approved
Documents
or
changes
thereto.</OtherInformation></Objective><Objective><Name>Chairpersons &amp; Vice-Chairpersons</Name><Description>Appoint and remove committee Chairpersons and vice-chairpersons.</Description><Identifier>_c1646630-ff4d-11e5-8be7-689e87122820</Identifier><SequenceIndicator>1.3.7</SequenceIndicator><Stakeholder StakeholderTypeType="Organization"><Name/><Description/></Stakeholder><OtherInformation>Approve
the
appointment
or
removal
of
committee
Chairpersons
and
vice-chairpersons.</OtherInformation></Objective><Objective><Name>Member Dismissal</Name><Description>Dismiss Standards Board members as appropriate
</Description><Identifier>_c16466ee-ff4d-11e5-8be7-689e87122820</Identifier><SequenceIndicator>1.3.8</SequenceIndicator><Stakeholder StakeholderTypeType="Organization"><Name/><Description/></Stakeholder><OtherInformation>Dismissal
of
Standards
Board
members
for
cause.</OtherInformation></Objective><Objective><Name>Technical Reports</Name><Description>Approve and forward Technical Reports for ANSI public review</Description><Identifier>_c16467b6-ff4d-11e5-8be7-689e87122820</Identifier><SequenceIndicator>1.3.9</SequenceIndicator><Stakeholder StakeholderTypeType="Organization"><Name/><Description/></Stakeholder><OtherInformation>Action
on
a
proposed,
revised
or
reaffirmed
Technical
Report
to
approve
and
forward
the
draft
for
ANSI
public
review.</OtherInformation></Objective><Objective><Name>Annual Reports</Name><Description>Prepare annual reports of the activities of the AIIM standards organization.</Description><Identifier>_c1646874-ff4d-11e5-8be7-689e87122820</Identifier><SequenceIndicator>1.4</SequenceIndicator><Stakeholder StakeholderTypeType="Organization"><Name>AIIM Standards Board Secretariat</Name><Description/></Stakeholder><OtherInformation>The
Secretariat
of
the
Standards
Board
may
prepare
an
annual
report
of
the
activities
of
the
AIIM
standards
organization.
The
report
may
include
the
activities
of
the
Standards
Board,
NSC,
U.S.
TAG
to
TC171,
the
standing
and
ad
hoc
development
committees
and
such
other
activities
the
Standards
Board
deems
appropriate.
Lists
of
membership,
meetings,
actions
taken
on
the
development
of
documents,
status
of
existing
standards
documents
and
such
other
information
that
the
Standards
Board
requests
are
included
in
the
report.
Each
report
covers
a
calendar
year
and
is
available
for
distribution
at
the direction
of
the
Standards
Board.</OtherInformation></Objective></Goal><Goal><Name>Dynamics, Duplication, Conflicts &amp; Initiatives</Name><Description>Ensure such standards remain dynamic, duplication of work is minimized, promulgation of conflicting standards may be avoided and individual activity and initiative is encouraged</Description><Identifier>_c164693c-ff4d-11e5-8be7-689e87122820</Identifier><SequenceIndicator>2</SequenceIndicator><Stakeholder><Name/><Description/></Stakeholder><OtherInformation/><Objective><Name/><Description/><Identifier>_c1646a0e-ff4d-11e5-8be7-689e87122820</Identifier><SequenceIndicator/><Stakeholder><Name/><Description/></Stakeholder><OtherInformation/></Objective></Goal><Goal><Name>Interests &amp; Representation</Name><Description>Ensure
the
interests
of
the
public,
including
AIIM
members,
consumers,
industry
and
government
have
appropriate
representation
in
standardization
activities</Description><Identifier>_c1646ad6-ff4d-11e5-8be7-689e87122820</Identifier><SequenceIndicator>3</SequenceIndicator><Stakeholder><Name/><Description/></Stakeholder><OtherInformation/><Objective><Name/><Description/><Identifier>_c1646ba8-ff4d-11e5-8be7-689e87122820</Identifier><SequenceIndicator/><Stakeholder><Name/><Description/></Stakeholder><OtherInformation/></Objective></Goal><Goal><Name>Project Proposals</Name><Description>Review,
comment
on,
and
approve
all
written
project
proposals
for
new
standards,
technical
reports
and
industry
recommended
practices</Description><Identifier>_c1646c84-ff4d-11e5-8be7-689e87122820</Identifier><SequenceIndicator>4</SequenceIndicator><Stakeholder><Name/><Description/></Stakeholder><OtherInformation/><Objective><Name/><Description/><Identifier>_c1646d56-ff4d-11e5-8be7-689e87122820</Identifier><SequenceIndicator/><Stakeholder><Name/><Description/></Stakeholder><OtherInformation/></Objective></Goal><Goal><Name>Committee Scopes</Name><Description>Recommend
and
approve
changes
to
existing
committee
scopes</Description><Identifier>_c1646e1e-ff4d-11e5-8be7-689e87122820</Identifier><SequenceIndicator>5</SequenceIndicator><Stakeholder StakeholderTypeType="Generic_Group"><Name>AIIM Standards Committees</Name><Description/></Stakeholder><OtherInformation/><Objective><Name/><Description/><Identifier>_c1646f04-ff4d-11e5-8be7-689e87122820</Identifier><SequenceIndicator/><Stakeholder><Name/><Description/></Stakeholder><OtherInformation/></Objective></Goal><Goal><Name>Policies &amp; Procedures</Name><Description>Recommend
and
approve
changes
to
the
AIIM
Standards
Development
Policies
and
Procedures
for
ANSI
Approved
Documents.</Description><Identifier>_c1646ff4-ff4d-11e5-8be7-689e87122820</Identifier><SequenceIndicator>6</SequenceIndicator><Stakeholder StakeholderTypeType="Generic_Group"><Name/><Description/></Stakeholder><OtherInformation/><Objective><Name/><Description/><Identifier>_c16470b2-ff4d-11e5-8be7-689e87122820</Identifier><SequenceIndicator/><Stakeholder><Name/><Description/></Stakeholder><OtherInformation/></Objective></Goal><Goal><Name>Direction</Name><Description>Provide
direction
to
the
AIIM
Standards
Program
including
identification
of
new
projects.</Description><Identifier>_c16471ac-ff4d-11e5-8be7-689e87122820</Identifier><SequenceIndicator>7</SequenceIndicator><Stakeholder StakeholderTypeType="Generic_Group"><Name/><Description/></Stakeholder><OtherInformation/><Objective><Name/><Description/><Identifier>_c164727e-ff4d-11e5-8be7-689e87122820</Identifier><SequenceIndicator/><Stakeholder><Name/><Description/></Stakeholder><OtherInformation/></Objective></Goal><Goal><Name>New Committees, Leaders &amp; Projects</Name><Description>Establish
committees
as
necessary
to
accomplish
the
work
of
the
program
which
includes
approving
committee
scopes,
chairpersons,
vice-
or
co-chairpersons,
assigning
projects
to
the
committees,
removing
chairpersons,
and
disbanding
committees</Description><Identifier>_c16479e0-ff4d-11e5-8be7-689e87122820</Identifier><SequenceIndicator>8</SequenceIndicator><Stakeholder StakeholderTypeType="Generic_Group"><Name>AIIM Standards Committees</Name><Description/></Stakeholder><OtherInformation/><Objective><Name/><Description/><Identifier>_c1647a3a-ff4d-11e5-8be7-689e87122820</Identifier><SequenceIndicator/><Stakeholder><Name/><Description/></Stakeholder><OtherInformation/></Objective></Goal><Goal><Name>Liaisons</Name><Description>Establish
liaisons
with
other
standards
development
bodies
or
organizations
and
with
the
standards
committees.</Description><Identifier>_c1647a3b-ff4d-11e5-8be7-689e87122820</Identifier><SequenceIndicator>9</SequenceIndicator><Stakeholder StakeholderTypeType="Generic_Group"><Name>SDOs</Name><Description/></Stakeholder><OtherInformation/><Objective><Name/><Description/><Identifier>_c1647a3c-ff4d-11e5-8be7-689e87122820</Identifier><SequenceIndicator/><Stakeholder><Name/><Description/></Stakeholder><OtherInformation/></Objective></Goal><Goal><Name>NSC Membership</Name><Description>Review
and
approve
all
members
of
the
National
Standards
Council
(NSC)
on
an
annual
basis
based
upon
the
continual
monitoring
and
recommendation
of
the
AIIM
Secretariat.
AIIM
Secretariat
will
provide
recommendations
for
the
withdrawal
of
any
members
who
have
not fulfilled
their
obligations
for
membership.</Description><Identifier>_c1647a3d-ff4d-11e5-8be7-689e87122820</Identifier><SequenceIndicator>10</SequenceIndicator><Stakeholder StakeholderTypeType="Generic_Group"><Name>National Standards Council</Name><Description/></Stakeholder><OtherInformation/><Objective><Name/><Description/><Identifier>_c1647abc-ff4d-11e5-8be7-689e87122820</Identifier><SequenceIndicator/><Stakeholder><Name/><Description/></Stakeholder><OtherInformation/></Objective></Goal></StrategicPlanCore><AdministrativeInformation><StartDate>2016-04-01</StartDate><PublicationDate>2016-04-10</PublicationDate><Submitter><GivenName>Owen</GivenName><Surname>Ambur</Surname><PhoneNumber/><EmailAddress>Owen.Ambur@verizon.net</EmailAddress></Submitter></AdministrativeInformation></StrategicPlan>