<?xml version="1.0" encoding="UTF-8"?>
<StrategicPlan xsi:schemaLocation="http://www.stratml.net  http://xml.gov/stratml/references/StrategicPlan.xsd" xmlns:xsi="http://www.w3.org/2001/XMLSchema-instance" xmlns="http://www.stratml.net"><id/><Name>About AIM NA</Name><Description/><OtherInformation/><StrategicPlanCore><Organization><Name>AIM North America</Name><Acronym>AIMNA</Acronym><Identifier>_749469c0-6379-11e4-acb4-93f5945b75b0</Identifier><Description>For nearly 40 years, AIM has represented the leading providers of Automatic Identification and Mobility hardware, software and solutions. The AIM North America chapter was established in 2003 to focus specifically on the day-to-day business needs of the sales channel in the AutoID market in the United States, Canada, and Mexico...
As a not-for-profit trade association, AIM North America is committed to providing commercial-free, accurate, unbiased information to its members and their customers.</Description><Stakeholder><Name>AutoID Providers</Name><Description>If your company does business in bar code, RFID, biometrics, card or other AutoID technologies and solutions, we encourage you to explore what membership in AIM can do for you ...</Description></Stakeholder><Stakeholder><Name>Resellers</Name><Description>Through chapter membership, resellers, systems integrators, solution providers, ISVs, distributors, manufacturers, OEMs, and consultants have access to the most up-to-date industry information, education and business tools available.</Description></Stakeholder><Stakeholder><Name>Systems Integrators</Name><Description/></Stakeholder><Stakeholder><Name>Solution Providers</Name><Description/></Stakeholder><Stakeholder><Name>ISVs</Name><Description/></Stakeholder><Stakeholder><Name>Distributors</Name><Description/></Stakeholder><Stakeholder><Name>Manufacturers</Name><Description/></Stakeholder><Stakeholder><Name>OEMs</Name><Description/></Stakeholder><Stakeholder><Name>Consultants</Name><Description/></Stakeholder><Stakeholder><Name>AIM North America Board of Directors</Name><Description/></Stakeholder><Stakeholder><Name>Don Ertel</Name><Description>Chairperson --               
VP Systems &amp; Technology Solutions,
CDO TECHNOLOGIES
Term Ends: 12/31/2014</Description></Stakeholder><Stakeholder><Name>Chuck Evanhoe</Name><Description>Past Chairperson -- 
President, 
Evanhoe &amp; Associates
Term Ends: 12/31/2014 </Description></Stakeholder><Stakeholder><Name>Louis Parks</Name><Description>CEO, 
SECURE RF
Term Ends: 12/31/2014</Description></Stakeholder><Stakeholder><Name>Mike Stover</Name><Description>President, 
Advanced Identification
Term Ends: 12/31/2016</Description></Stakeholder><Stakeholder><Name>Doug Hall</Name><Description>Business Development, 
TEKLYNX Americas
Term Ends: 12/31/2016 </Description></Stakeholder><Stakeholder><Name>Mary Lou Bosco</Name><Description>Staff Liaison</Description></Stakeholder></Organization><Vision><Description>The AIM North America vision is to be the premier organization representing resellers, system integrators, software developers, solution providers, manufacturers and distributors of automatic identification and mobility technologies in North America. AIM North America will be the recognized and preferred source of marketing tools, resources, solutions, and educational opportunities to increase sales, maximize profits, and advance the industry.</Description><Identifier>_74946b1e-6379-11e4-acb4-93f5945b75b0</Identifier></Vision><Mission><Description>AIM North America's mission is to enhance its members' competitiveness, productivity, and profitability in the North American market while maintaining professionalism and inclusive industry partnerships.</Description><Identifier>_74946be6-6379-11e4-acb4-93f5945b75b0</Identifier></Mission><Value><Name/><Description/></Value><Goal><Name>Representation</Name><Description>Represent the leading providers of Automatic Identification and Mobility hardware, software and solutions.</Description><Identifier>_74946cae-6379-11e4-acb4-93f5945b75b0</Identifier><SequenceIndicator>1</SequenceIndicator><Stakeholder><Name>AIM Members</Name><Description/></Stakeholder><OtherInformation/><Objective><Name/><Description/><Identifier>_74946d76-6379-11e4-acb4-93f5945b75b0</Identifier><SequenceIndicator/><Stakeholder><Name/><Description/></Stakeholder><OtherInformation/></Objective></Goal><Goal><Name>Information</Name><Description>Provide commercial-free, accurate, unbiased information to our members and their customers.</Description><Identifier>_74946e2a-6379-11e4-acb4-93f5945b75b0</Identifier><SequenceIndicator>2</SequenceIndicator><Stakeholder><Name/><Description/></Stakeholder><OtherInformation/><Objective><Name/><Description/><Identifier>_74946ede-6379-11e4-acb4-93f5945b75b0</Identifier><SequenceIndicator/><Stakeholder><Name/><Description/></Stakeholder><OtherInformation/></Objective></Goal></StrategicPlanCore><AdministrativeInformation><StartDate/><EndDate/><PublicationDate>2014-11-03</PublicationDate><Source>http://www.aim-na.org/about_aimnm.php</Source><Submitter><FirstName>Owen</FirstName><LastName>Ambur</LastName><PhoneNumber/><EmailAddress>Owen.Ambur@verizon.net</EmailAddress></Submitter></AdministrativeInformation></StrategicPlan>