<?xml version="1.0" encoding="UTF-8"?>
<StrategicPlan xsi:schemaLocation="http://www.stratml.net  http://xml.gov/stratml/references/StrategicPlan.xsd" xmlns:xsi="http://www.w3.org/2001/XMLSchema-instance" xmlns="http://www.stratml.net"><id/><Name>About AIS</Name><Description/><OtherInformation/><StrategicPlanCore><Organization><Name>Association for Information Systems</Name><Acronym>AIS</Acronym><Identifier>_83ff091c-9d38-11e4-b0b3-cb49239a5406</Identifier><Description>The Association for Information Systems is incorporated in the state of Illinois as a non-profit organization and is exempt from United States federal income tax under section 501(c)(3) of the U.S. Internal Revenue Code. Registration fees and membership dues paid to AIS are not tax deductible as a charitable contribution but may be deducted as ordinary and necessary business expenses.

AIS Federal ID# 36-3471141 </Description><Stakeholder><Name>AIS Council</Name><Description/></Stakeholder><Stakeholder><Name>Helmut Krcmar</Name><Description>President -- Technische Universität München</Description></Stakeholder><Stakeholder><Name>Jane Fedorowicz</Name><Description>Immediate Past President -- Bentley University</Description></Stakeholder><Stakeholder><Name>Jae Kyu Lee</Name><Description>President Elect -- Korea Advanced Institute of Science and Technology</Description></Stakeholder><Stakeholder><Name>Pete Tinsley</Name><Description>Executive Director -- AIS Administrative Office</Description></Stakeholder><Stakeholder><Name>Mary C. Jones</Name><Description>Secretary -- University of North Texas</Description></Stakeholder><Stakeholder><Name>Matthew Nelson</Name><Description>Treasurer -- Illinois State University</Description></Stakeholder><Stakeholder><Name>Kevin Desouza</Name><Description>Vice President of Communications -- Arizona State University</Description></Stakeholder><Stakeholder><Name>Julie Kendall</Name><Description>Vice President of SIGs and Chapters -- Rutgers University</Description></Stakeholder><Stakeholder><Name>James Parrish</Name><Description>Vice President of Student Chapters -- Nova Southeastern University</Description></Stakeholder><Stakeholder><Name>Jan vom Brocke</Name><Description>Vice President of Education -- Universität Liechtenstein</Description></Stakeholder><Stakeholder><Name>Cynthia Beath</Name><Description>Vice President of Meetings and Conferences -- University of Texas, Austin</Description></Stakeholder><Stakeholder><Name>Jason Thatcher</Name><Description>Vice President of Member Services -- Clemson University</Description></Stakeholder><Stakeholder><Name>Virpi Tuunainen </Name><Description>Vice President of Publications -- Aalto University School of Business</Description></Stakeholder><Stakeholder><Name>Vice President of Technology</Name><Description>TBD</Description></Stakeholder><Stakeholder><Name>Allen Lee</Name><Description>AMCIS Representative -- Virginia Commonwealth University</Description></Stakeholder><Stakeholder><Name>Ferdinando Pennarola</Name><Description>ICIS Representative -- Bocconi University</Description></Stakeholder><Stakeholder><Name>Sandra Slaughter</Name><Description>Region 1 (Americas) Representative -- Georgia Institute of Technology 
http://www.forevermissed.com/sandra-slaughter#about</Description></Stakeholder><Stakeholder><Name>Tim Weitzel</Name><Description>Region 2 (Europe/Africa/Middle East) Representative -- University of Bamberg</Description></Stakeholder><Stakeholder><Name>Jae-Nam Lee</Name><Description>Region 3 (Asia/Pacific) Representative -- Korea University Business School</Description></Stakeholder><Stakeholder><Name>Committees and Task Forces</Name><Description/></Stakeholder><Stakeholder><Name>AIS Communications Committee</Name><Description>The Communications Committee is charged with primarily defining and cultivating the AIS brand. Secondarily it is responsible for establishing broad understanding of the field of information systems both within and outside of the association. The committee oversees the content development of all AIS channels of communication including but not limited to AIS websites, list servs, blogs, wikis, newsletters, printed materials, and electronic media with the goal of creating unified messages and active dialogue which enhances the growth of AIS and the field of information systems. Committee members include:

* Kevin Desouza, Arizona State University (VP of Communications)
* Kathryn Brohman, Queens University
* Mike Chiasson, Lancaster University
* Karl Kautz, University of Wollongong
* Isabel Ramos, University of Minho
* Edson Luiz Riccio, School of Economics, Business and Accountancy-FEA/USP
* John Windsor, University of North Texas</Description></Stakeholder><Stakeholder><Name>AIS Department Editors</Name><Description>The AIS Communications Committee has developed a leadership panel consisting of leading AIS members who volunteer to represent a particular subject area of interest to AIS members. These leaders are called "AIS Department Editors" and they function as "go-to" leaders in a particular area or on a specific communications platform. AIS Department Editors include:

* AIS Department Editor for Connected Scholars: Remko Helms, Utrecht University
* AIS Department Editor for Information Security and Privacy: Merrill Warkentin, Mississippi State University
* AIS Department Editor for Health Information Systems: Gordon Gao, University of Maryland
* AIS Department Editor for Open Communities: Matt Germonprez, University of Wisconsin - Eur Claire
* AIS Department Editors for Professional Networks: Amit Deokar, Dakota State University, and, Daniel Power, University of Northern Iowa
* AIS Department Editor for History: Ping Zhang, Syracuse University
* Staff liaison: Michelle Syen, AIS Communications Director</Description></Stakeholder><Stakeholder><Name>AIS Conferences Committee</Name><Description>The Conferences Committee is an official committee of the association as described in the bylaws (10.2.n and 10.3.n.) This committee oversees all conference-related policy matters, site selection, and long-term strategy. Committee members include:

* Cynthia Beath, University of Texas - Austin (VP of Meetings and Conferences)
* Michael Chau, University of Hong Kong
* Dennis Galletta, University of Pittsburgh
* Joey George, Iowa State University
* Allen Lee, Virginia Commonwealth University
* Dorothy Leidner, Baylor University
* Ferdinando Penarolla, University of Bocconi
* Stacie Petter, University of Nebraska at Omaha
* Vallabh Sambamurthy, Michigan State University
* Carol Saunders, University of Central Florida
* Joe Valacich, University of Arizona
* Pete Tinsley, Executive Director (ex-officio)
* Staff liaison: Pete Tinsley, Executive Director

* AMCIS Executive Committee / ICIS Executive Committee</Description></Stakeholder><Stakeholder><Name>AIS Education Committee</Name><Description>The Education Committee leads the development of AIS teaching tools for members of the association, advises the Vice President of Education in matters of pedagogy, and helps to confer awards on outstanding information systems instructors.

* Jan vom Brocke, University of Liechtenstein (VP of Education)
* Salehu Anteneh, Addis Abeba University, Ethiopia 
* Elizabeth White Baker, University of North Carolina at Wilmington 
* Dinesh Batra, Florida International University
* Lihua Huang, Fudan University
* Eija Karsten, Abo Akademi Handelshögskolan 
* Claudia Loebbecke, University of Cologne
* Steven Miller, Singapore Management University
* Venky Shankararaman, Singapore Management University
* Kar Yan Tam, Hong Kong University of Science and Technology
* Ron Weber, Monash University
* Kwok Kee Wei, City University of Hong Kong
* Te-Wei Wang, University of Illinois at Springfield
* Leslie Willcocks, London School of Economics and Political Science</Description></Stakeholder><Stakeholder><Name>AIS Teaching Resources Task Force</Name><Description>* Te-Wei Wang, University of Illinois at Springfield, Department Editor
* Dorit Nevo, Renssalaer Polytechnic Institute
* Jean-Loup Richet, University of Nantes
* Fred Weigel, Baylor University
* Staff liaison: Michelle Syen, AIS Communications Director</Description></Stakeholder><Stakeholder><Name>AIS Executive Committee</Name><Description>The Executive Committee prepares the agenda for meetings of the Council, advises the President between meetings as needed, and can approve requests for a limited amount. The Executive Committee consists of the President, President-Elect, Immediate Past President, Secretary, Treasurer and Executive Director (ex officio). The President serves as chair of the Executive Committee. Committee members include:

* Helmut Krcmar, Technische Universität München (President)
* Jae Kyu Lee, Korea Advanced Institute of Science and Technology (President-elect)
* Jane Fedorowicz, Bentley University (Immediate Past President)
* Mary C. Jones University of North Texas (Secretary)
* Matt Nelson, Illinois State University (Treasurer)
* Pete Tinsley (Executive Director, ex officio, Staff Liaison)</Description></Stakeholder><Stakeholder><Name>AIS Finance Committee</Name><Description>The Finance Committee provides financial oversight for AIS, including budget review, selection of an auditor, selection of bonding and officers and directors insurance, acting as an investment committee, and considering and making recommendations for proposals for larger expenditures.

The number of members of the Finance Committee shall be at least five (5). The President shall propose the membership of the Finance Committee at the mid-year meeting for approval by Council. It is stipulated, however, that (i) the Treasurer, (ii) the ICIS Representative, (iii) the AMCIS representative, (iv) the President-Elect, and (v) the Executive Director shall be members of the Finance Committee. The Finance Committee shall include at least one member from each World Region, and the President can appoint such members for a period of two years. If there is a need to appoint two members at the same time to satisfy the requirement of one member from each World region, the President may appoint one member for a three-year period to facilitate continuity.

The President shall propose the chair of the Finance Committee. The Treasurer is ineligible to serve as the chair. The terms of the members are staggered, as designated by the Council, to maintain continuity. The Council has the right to remove members from the Finance Committee. Committee members include:

* Matt Nelson, Illinois State University (Treasurer)
* Ferdinando Pennarola, Bocconi University  (ICIS Rep)
* Jae Nam Lee, Korea University Business School (R3 Rep)
* Tim Weitzel, University of Bamberg (R2 Rep)
* Sandra Slaughter, Georgia Institute of Technology (R1 Rep)
* Allen Lee, Virginia Commonwealth University (AMCIS Rep)
* Jae Kyu Lee, Korea Advanced Institute of Science and Technology (President-elect)
* Pete Tinsley, (Executive Director)
* Staff liaison: Tenez Quarles, AIS Finance Director</Description></Stakeholder><Stakeholder><Name>AIS Membership Committee</Name><Description>The AIS Membership Committee is tasked with developing and executing a strategic membership growth and development plan that results in increased member retention and recruitment as well as overall member satisfaction.

Retention and Recruitment: 
* Develop and execute the AIS Member Growth Plan and measure results through established metrics
* Contact/survey non-renewing members
* Identify target groups for possible AIS membership and identify ways to communicate to and recruit this group, i.e. IS professionals/corporate members
* Identify areas of member value for current members and potential members through a annual Member Survey and Niche survey
* Make program and service recommendations to Council based on survey and membership trend/stats analysis

Membership Policies and Procedures:

* Provide recommendation to Council for the annual review of least developed country discount
* Ensure membership bylaws are being enforced and executed as stated
* Make recommendations to Council for bylaw revisions as needed
* Ensure membership policies utilize association best practices, are fiscally sound, administratively feasible and in the best interest of the membership

Member Recognition: 

Develop and execute an AIS member recognition program that encourages members to renew their membership year over year.

The membership committee, charged with all three of the aforementioned tasks, include:

* Jason Thatcher, Clemson University (VP of Member Services)
* Randy Bradley, University of Tennessee
* Arturo Castellanos, Florida International University
* Linus Chirchir, Moi Teaching and Referral Hospital
* Geoff Dick, Georgia Southern University
* Monica Garfield, Bentley University
* Eleanor Loiacono, Worcester Polytechnic Institute
* Shailesh Palekar, Queensland University of Technology
* Robin Poston, University of Memphis
* Zaheer Shaik, ESSEC Business School
* Mark Srite, University of Wisconsin, Milwaukee
* Bernard Tan, National University of Singapore
* John Warren, University of Texas, San Antonio
* Ryan Wright, University of Massachusetts
* Staff liaison: Amanda Bureau, AIS Membership Director</Description></Stakeholder><Stakeholder><Name>AIS Nominating Committee</Name><Description>The Nominating Committee nominates members for positions that the Council determines shall be filled by an election. Nominating Committee appointments are made by the President with the approval of the Council for a term of one year commencing on July 1 of each year. The Nominating Committee consists of eight members: the President-Elect, who serves as chair; the immediate Past President, who represents the World Region from which the next President-Elect will be selected; the Executive Director (non-voting, ex-officio); and five other members, at least one of whom has not served on the Council and including at least one additional member from the World Region from which the President-Elect will be elected in that year. Committee members include:

* Jae Kyu Lee, Korea Advanced Institute of Science and Technology (President-elect)
* Jane Fedorowicz, Bentley University (R1)
* Olivia Sheng, University of Utah (R1)
* Eric van Heck, Erasmus University Rotterdam (R2)
* Nava Pliskin, Ben-Gurion University of Negev (R2)
* Patrick Chau, The University of Hong Kong (R3)
* Rob Kauffman, Singapore Management University (R3)
* Pete Tinsley, AIS Executive Director (non-voting, ex-officio, staff liaison)</Description></Stakeholder><Stakeholder><Name>AIS Organization and Bylaws Committee</Name><Description>The Organization and Bylaws Committee observes management of AIS with respect to compliance with its Articles of Incorporation and Bylaws and with the resolutions of the Council; studies proposed changes in those documents; makes recommendations to Council about AIS objectives and organization; and examines all subdivision and World Region bylaws. The Council determines the members (including the number of members) of the Organization and Bylaws Committee and their terms of membership. The terms of the members are staggered, as designated by the Council, to maintain continuity. The Council has the right to remove members from the Organization and Bylaws Committee. The Organization and Bylaws Committee selects its chair.

Staff liason: Aretha Wright, Membership Service Coordinator</Description></Stakeholder><Stakeholder><Name>AIS Publications Committee</Name><Description>The Vice President-Publications determines the number of members of the Publications Committee and their terms of membership. The number of members of the Publications Committee shall be at least five (5) and shall include at least one member from each World Region. The Vice President-Publications shall recommend the members of the Publications Committee to the Council for approval. The Council, upon the recommendation of the Vice President-Publications, shall have the right to remove members from the Publications Committee. The Vice President- Publications shall serve as the chair of the Publications Committee. The terms of the members shall be staggered, as designated by the Vice President-Publications, to maintain continuity. Committee members include:

* Virpi Tuunainen, Aalto University (VP of Publications)
* Suprateek Sarker, University of Virginia (JAIS)
* Matti Rossi, Aalto University (CAIS)
* Dennis Galletta, University of Pittsburgh (THCI)
Paolo Goes, University of Arizona (MISQ)
* Dorothy Leidner, Baylor University (MISQE)
* Marcus Rothenberger, University of Nevada - Las Vegas (JITTA)
* Ting-Peng Liang, National Sun Yat-Sen University (Pacific Asian Journal of the Association for Information Systems)
* Jacob Nørbjerg, Copenhagen Business School (Scandinavian Journal of Information Systems)
* Carlos Ferran, Governors State University (RELCASI)
* Sirkka Jarvenpaa, University of Texas at Austin (Region 1)
* Phillip Ein-Dor, Tel Aviv University (Region 2)
* Bernard Tan, National University of Singapore (Region 3)
* Staff liaison: Adam LeBrocq, AIS Copy Editor</Description></Stakeholder><Stakeholder><Name>AIS Research Conduct Committee</Name><Description>At the request of the President, the Research Conduct Committee considers allegations of scholarly misconduct, and especially plagiarism. The Committee recommends to AIS Council editorial actions to redress injustices or harm to victims of such misconduct where possible and as appropriate. The Committee may recommend to AIS Council sanctions or other such actions, including expulsion, as may be appropriate against any AIS member found to have committed scholarly misconduct. The Research Conduct Committee shall consist of the Vice President-Publications, Vice President-Meetings and Conferences, and a third person to be appointed by the AIS Executive Committee as required. The Research Conduct Committee shall select its own chair. Committee members include:

* Robert Davison (Privacy Officer, Chair)
* Cynthia Beath, University of Texas, Austin (VP of Meetings and Conferences)
* Virpi Tuunainen, Aalto University (VP of Publications)

Research Conduct Committee Process Guidelines

* Staff Liaison: Pete Tinsley, Executive Director</Description></Stakeholder><Stakeholder><Name>AIS SIGs and Chapters Committee</Name><Description>The purpose of the SIGs and Chaptes Committee is to advise the VP of SIGs and Chapters with respect to strategic development of SIG and Chapter Services. The VP of SIGs and Chapters determines the number of members of the Committee and their terms of membership. The VP SIGS and Chapters shall recommend the members of the Committee to the Council for approval. The VP SIGs and Chapters has the right to remove members from the committee and shall serve as the chair of the SIGs and Chapters Committee. Committee members include:

* Julie Kendall, Rutgers University, (VP of SIGs and Chapters)
* Geoff Dick, UNSW and North Georgia University
* Fiona Nah, Missouri University of Science and Technology
* Eileen Trauth, Pennsylvania State University
* Randy V. Bradley, University of Tennessee
* Merrill Warkentin, Mississippi State University
* Ramesh Sharda, Oklahoma State University
* Eldon Li, National Chengchi University
* Ken Kendall, Rutgers University
* Jan Kroeze, University of South Africa

* Staff liaison: Amanda Bureau, AIS Membership Director</Description></Stakeholder><Stakeholder><Name>AIS Student Chapter Advisory Board</Name><Description>The purpose of the Student Chapter Advisory Board is to advise the VP of Student Chapters and Council with respect to strategic efforts of the student chapter initiative. The VP of Student Chapters determines the number of members of the Student Chapter Advisory Board and their terms of membership. The VP Student Chapters shall recommend the members of the Student Chapter Advisory Board to the Council for approval. The VP Student Chapters has the right to remove members from the board. The VP Student Chapters shall serve as the chair of the Student Chapter Advisory Board. Committee members include:

* James Parrish, Nova Southeastern University (VP of Student Chapters)
* Lise Urbaczewski, University of Michigan-Dearborn
* Aditi Mukherjee, University of Florida
* Micki Hyde, Indiana University of Pennsylvania
* Tom Meservy, University of Memphis
* Carey O'Donnell, Temple University
* David Hale, The University of Alabama
* Dina Rateb, American University in Cairo
* Chang Koh, University of North Texas
* Alex Lopes, Indiana University
* Susan Jones, Utah State University
* Mark Huber, University of Georgia
* Linda Prince, Arizona State University
* Clay Looney, University of Montana
* Ken Gunnells, University of Alabama at Birmingham
* Daniel Phelps, Carnegie Mellon University in Qatar
* Staff liaison: Patrick M. Dockins, Component and External Relations Manager</Description></Stakeholder><Stakeholder><Name>AIS Technology Committee</Name><Description>The purpose of the Technology Committee is to make recommendations to the President and Council with respect to strategic investments in technology. In the current environment it is important that all technology spending should support and be consistent with the AIS Strategic Plan. Committee members include:

* Richard Welke, Georgia State University (VP of Technology)
* Richard Baskerville, Georgia State University
* Cynthia Beath, University of Texas, Austin
* Tim Olsen, Arizona State University
* Matti Rossi, Aalto University
* Jie Tao, Dakota State University
* Andrew Urbaczewski, University of Michigan, Dearborn
* Geoffrey Dick, Georgia Southern University
* Staff liaison: Jeff Rausch, AIS Technology Director</Description></Stakeholder><Stakeholder><Name>AIS Women in IS Task Group</Name><Description>This task group aims to improve AIS outreach to women -- as IS students, potential students, faculty, and professionals -- in order to increase the number and success of women within our profession. This is important because the population of IS academics and practitioners does not mirror the demographic composition of the broader workforce.

This task group will facilitate AIS’ relationship with NCWIT (National Center for Women &amp; Information Technology). AIS became an NCWIT Academic Alliance member of in 2012. NCWIT offers many programs that could benefit AIS academic members or help increase our student populations and their career opportunities. AIS may also be in a unique position to contribute to NCWIT’s mission because of our global reach.

In addition, the task group will be charged with to thinking more broadly about how AIS can improve our understanding of and work with our diverse populations, which includes investigating global needs as well as those of other member subgroups.

The members of the task group are:

* Sweta Sneha, Kennesaw State University (Committee Co-chair)
* Lakshmi Iyer, University of North Carolina, Greensboro (Committee Co-chair)
* Jenine Beekhuyzen, Griffith University
* Ling Ge, City University of Hong Kong
* Marie Griffiths, University of Salford
* Babita Gupta, California State, Monterey Bay
* Eleanor Loiacono, Worcester Polytechnic Institute
* Fay Cobb Payton, North Carolina State University
* Renee Pratt, Washington and Lee University
* Jason Thatcher, AIS Vice President of Membership, Clemson University
* Helmut Krcmar, AIS President Elect, AIS Liaison to NCWIT, Technische Universität München</Description></Stakeholder><Stakeholder><Name>AIS Task Force on Association Outreach</Name><Description>The task force is asked (1) to recommend a campaign for AIS to become more widely recognized among academia and by practice as the preeminent professional association for information systems academics, and (2) to recommend plans and policies to more effectively share our educational and research products and findings outside of our own community. Sub-issues to be addressed include:

* Assess our current outreach efforts to determine what we are currently doing (or have done in the past) and the value of these efforts
*  Assess our current external visibility in academic institutions and by practitioners
* Determine to whom we need to reach out (i.e., a list of leading stakeholder groups, associations, Internet or trade press outlets, and/or types of individuals to focus our outreach efforts)
* Propose policies and/or plans to achieve successful outreach
* Suggest metrics to measure penetration

The members of this task group include:

* Helen Hasan, University of Wollongong (R3), Chair
* Richard Baskerville, Georgia State University (R1)
* Kevin DeSouza, Arizona State University (R1)
* Remko Helms, Utrecht University (R2)
* Helmut Krcmar, Technische Universität München (R2) (ex officio)
* Michelle Syen, Staff liaison</Description></Stakeholder><Stakeholder><Name>AIS Task Force on Bright ICT Initiative </Name><Description>Global societal knowledge infrastructures and communication platforms have proliferated to almost all inhabitants of the earth, owing to the ubiquitous penetration of the Internet, mobile phones, and ICT-enabled systems for daily life and business. However, many side effects emerged from the ICT platforms not only in a particular country, but also across borders. AIS aims to take an initiative to investigate the problems in societal knowledge infrastructure and to design the vision of ICT-enabled Bright Society. The solution space will encompass the development of relevant technologies, business models, public policies, social norms, international agreements, metrics of measuring national progress, and so forth. 

To accomplish the end, AIS Council decided to establish a task force to let them to prepare for a proposal  to the AIS Council meeting in December 2014 at Auckland. The members of the task force include:

* Jae Kyu Lee: Korea Advanced Institute of Science and Technology (President Elect), Chair
* Jane Fedorowicz: Bentley University (Immediate Past President) 
* Helmut Krcmar, Technische Universität München (President)
* Cynthia Beath: University of Texas, Austin (Vice President of Meetings and Conferences)
* Allen Lee: Virginia Commonwealth University (AMCIS Representative)
* Joey George: Iowa State University (Past President)
* Dennis F. Galletta: University of Pittsburgh (Past President)
* Niels Bojn-Anderson: Copenhagen Business School (Past President)
* Ramayya Krishnan: Carnegie Mellon University (Dean, Heinz College)
* Pete Tinsley, Executive Director (Task Force Staff Liaison)</Description></Stakeholder><Stakeholder><Name>AIS Corporate Partners</Name><Description/></Stakeholder><Stakeholder><Name>IBM</Name><Description/></Stakeholder><Stakeholder><Name>SAP</Name><Description/></Stakeholder></Organization><Vision><Description>AIS is the premier professional association for individuals and organizations who lead the research, teaching, practice, and study of information systems worldwide. </Description><Identifier>_83ff0c3c-9d38-11e4-b0b3-cb49239a5406</Identifier></Vision><Mission><Description>To serve society through the advancement of knowledge and the promotion of excellence in the practice and study of information systems. </Description><Identifier>_83ff0db8-9d38-11e4-b0b3-cb49239a5406</Identifier></Mission><Value><Name/><Description/></Value><Goal><Name>Research, Practice &amp; Education</Name><Description>Promote AIS as a global leader for excellence in information systems research, practice, and education.</Description><Identifier>_83ff0eda-9d38-11e4-b0b3-cb49239a5406</Identifier><SequenceIndicator>1</SequenceIndicator><Stakeholder><Name/><Description/></Stakeholder><OtherInformation/><Objective><Name/><Description/><Identifier>_83ff111e-9d38-11e4-b0b3-cb49239a5406</Identifier><SequenceIndicator/><Stakeholder><Name/><Description/></Stakeholder><OtherInformation/></Objective></Goal><Goal><Name>Service</Name><Description>Position information systems as a leading profession in the service of society.</Description><Identifier>_83ff1240-9d38-11e4-b0b3-cb49239a5406</Identifier><SequenceIndicator>2</SequenceIndicator><Stakeholder><Name/><Description/></Stakeholder><OtherInformation/><Objective><Name/><Description/><Identifier>_83ff1358-9d38-11e4-b0b3-cb49239a5406</Identifier><SequenceIndicator/><Stakeholder><Name/><Description/></Stakeholder><OtherInformation/></Objective></Goal><Goal><Name>Education</Name><Description>Lead and promote excellence in information systems education.</Description><Identifier>_83ff148e-9d38-11e4-b0b3-cb49239a5406</Identifier><SequenceIndicator>3</SequenceIndicator><Stakeholder><Name/><Description/></Stakeholder><OtherInformation/><Objective><Name/><Description/><Identifier>_83ff15a6-9d38-11e4-b0b3-cb49239a5406</Identifier><SequenceIndicator/><Stakeholder><Name/><Description/></Stakeholder><OtherInformation/></Objective></Goal><Goal><Name>Scholarship</Name><Description>Lead and promote excellence in information systems scholarship.</Description><Identifier>_83ff16be-9d38-11e4-b0b3-cb49239a5406</Identifier><SequenceIndicator>4</SequenceIndicator><Stakeholder><Name/><Description/></Stakeholder><OtherInformation/><Objective><Name/><Description/><Identifier>_83ff17fe-9d38-11e4-b0b3-cb49239a5406</Identifier><SequenceIndicator/><Stakeholder><Name/><Description/></Stakeholder><OtherInformation/></Objective></Goal><Goal><Name>Products &amp; Services</Name><Description>Cultivate a community by providing services and products to meet the diverse needs of members and related communities.</Description><Identifier>_83ff1920-9d38-11e4-b0b3-cb49239a5406</Identifier><SequenceIndicator>5</SequenceIndicator><Stakeholder><Name/><Description/></Stakeholder><OtherInformation/><Objective><Name/><Description/><Identifier>_83ff1a4c-9d38-11e4-b0b3-cb49239a5406</Identifier><SequenceIndicator/><Stakeholder><Name/><Description/></Stakeholder><OtherInformation/></Objective></Goal></StrategicPlanCore><AdministrativeInformation><StartDate>2010-12-31</StartDate><EndDate/><PublicationDate>2015-01-15</PublicationDate><Source>http://aisnet.org/?AboutAIS</Source><Submitter><FirstName>Owen</FirstName><LastName>Ambur</LastName><PhoneNumber/><EmailAddress>Owen.Ambur@verizon.net</EmailAddress></Submitter></AdministrativeInformation></StrategicPlan>