<?xml version="1.0" encoding="UTF-8"?>
<StrategicPlan xmlns="urn:ISO:std:iso:17469:tech:xsd:stratml_core" xmlns:xsi="http://www.w3.org/2001/XMLSchema-instance" xsi:schemaLocation="urn:ISO:std:iso:17469:tech:xsd:stratml_core http://xml.govwebs.net/stratml/references/StrategicPlanISOVersion20140401.xsd"><Name>A journal is a club: A new economic model for scholarly publishing</Name><Description>A new economic model for analysis of scholarly publishing -- journal publishing in particular -- is proposed that draws on club theory. The standard approach builds on market failure in the private production (by research scholars) of a public good (new scholarly knowledge). In that model publishing is communication, as the dissemination of information. But a club model views publishing differently:  namely as group formation, where members form groups in order to confer externalities on each other, subject to congestion. </Description><OtherInformation>A journal is a self-constituted group, endeavoring to create new knowledge. In this sense 'a journal is a club'. The knowledge club model of a journal seeks to balance the positive externalities due to a shared resource (readers, citations, referees) against negative externalities due to crowding (decreased prospect of publishing in that journal). A new economic model of a journal as a 'knowledge club' is elaborated. We suggest some consequences for the management of journals and financial models that might be developed to support them.</OtherInformation><StrategicPlanCore><Organization><Name>Journal Club Proponents</Name><Acronym>JCP</Acronym><Identifier>_f13ad8d2-c2eb-11e6-8df0-b3d23366cb4b</Identifier><Description/><Stakeholder StakeholderTypeType="Person"><Name>JASON POTTS</Name><Description>RMIT University, Melbourne, Australia.</Description></Stakeholder><Stakeholder StakeholderTypeType="Person"><Name>JOHN HARTLEY</Name><Description>Curtin University, Perth, Australia.</Description></Stakeholder><Stakeholder StakeholderTypeType="Person"><Name>LUCY MONTGOMERY</Name><Description>Curtin University, Perth, Australia.</Description></Stakeholder><Stakeholder StakeholderTypeType="Person"><Name>CAMERON NEYLON</Name><Description>Curtin University, Perth, Australia.</Description></Stakeholder><Stakeholder StakeholderTypeType="Person"><Name>ELLIE RENNIE</Name><Description>Swinburne University, Melbourne, Australia.</Description></Stakeholder><Stakeholder StakeholderTypeType="Generic_Group"><Name>Clubs</Name><Description>If a journal is a club, what then is a club? Economic theory has a very specific answer to this question. Club goods are distinguished from private goods (where consumption is both rivalrous and excludable) and public goods (where consumption is nonrivalrous and exclusion is not possible) by being non-rivalrous (up to a congestion point) and excludable. Completing the standard four-term matrix are common pool resources, which are rivalrous but non-excludable (Ostrom 1990). Club goods are also known as 'toll goods' (Ostrom and Ostrom 1999), because the congestion point requires a toll for efficiency; and also as 'local public goods' (Scotchmer 2002), because groups are often spatially organized. </Description></Stakeholder><Stakeholder StakeholderTypeType="Generic_Group"><Name>Small Scholarly Societies</Name><Description>The small society journal -- 
The simplest case in which to apply the model is that of a small scholarly
society focussed on a specific area of research that publishes one single journal that is made available to members. In this case the overall community of interest is clear as it is the set of members of the society that is the same as the set of readers of journal. Authors are assumed to come from the membership. This is a reasonable approximation to a range of society journals in the humanities and some parts of the sciences.</Description></Stakeholder><Stakeholder StakeholderTypeType="Generic_Group"><Name>Scholarly Publications</Name><Description>Scholarly publishing is a club good. This matters to economics because the standard diagnosis is that publishing is a private good with public good aspects, and is thus analysed through the lens of market failure. The consequence is a misdiagnosis: the crisis in scholarly publishing is not actually an industrial transformation with complex consequences. If it is actually a process of club evolution, then what needs to happen is that scholars themselves will need to develop new and better governance models (e.g. Frey 2003).</Description></Stakeholder><Stakeholder StakeholderTypeType="Generic_Group"><Name>Knowledge Clubs</Name><Description>Knowledge clubs are communities with governance structures that evolve
through differential variation and selection, largely through entry by new scholars, and exit as scholars leave, in the context of the institutional structure of clubs, through which scholars interact, in part through the mechanism of publishing. The arguments of Karl Popper (1963) and Thomas Kuhn (1970) on the nature and structure of scientific revolutions reinforce this club-like aspect of the dynamics of science. To model scholarly publishing as a club good starts by focusing on the way in which scholarly output is produced and consumed. Producers of knowledge seek to interact with other producers, of whom they will also be consumers of a fuzzy set of that same knowledge. The gain from such club formation is 'the ability to confer externalities on each other' in the form of readership, critique and understanding, and is set against the congestion costs imposed. The crowding costs are access to those same journal slots, which increases the larger the club. The general equilibrium logic is that there will be an optimal number of scholarly clubs (journals) and an optimal allocation of scholars over clubs. There will be a finite number of clubs, and each club will contain a finite number of scholars, and each scholar may be a member of several clubs. Club theory is the natural language of the economic analysis of scholarly publishing. </Description></Stakeholder></Organization><Vision><Description>New types of journals</Description><Identifier>_f13ada1c-c2eb-11e6-8df0-b3d23366cb4b</Identifier></Vision><Mission><Description>To elaborate a new economics of scholarly publishing based around the production and consumption of scholarly output by the scholarly community.</Description><Identifier>_f13adabc-c2eb-11e6-8df0-b3d23366cb4b</Identifier></Mission><Value><Name>Teams</Name><Description>We argue that this can be represented not as an economics of firms, markets and specialization, but as an economics of team production and consumption in clubs, or as we style them 'knowledge clubs' (Hartley 2015). </Description></Value><Value><Name>Production</Name><Description/></Value><Value><Name>Consumption</Name><Description/></Value><Value><Name>Self-Constitution</Name><Description>Clubs are non-market solutions to public good problems that rely on the ability of self-constituted groups both to self-organise and successfully to self-govern. </Description></Value><Value><Name>Self-Organization</Name><Description/></Value><Value><Name>Self-Governance</Name><Description/></Value><Value><Name>Economics</Name><Description>An alternative view would be to place the community at the centre of an economic model.</Description></Value><Value><Name>Specialisation</Name><Description>This would provide an alternative both the 20th century broadcastindustrial model built on rational specialisation and the political argumentation based on the public-private dichotomy.</Description></Value><Value><Name>Self-Identification</Name><Description>Such a model would focus on the (self)-identity, contribution and benefits to a community. We believe that this form of model could provide new insight into methods by which the community can sustain itself, supporting the re-emergence of local commons, or clubs. Our argument therefore is that we need to consider what it means to view scholarly publishing through the lens of club theory and the concept of a club good.</Description></Value><Value><Name>Bilateral Exchange</Name><Description>In a market of individual actors, the key institutional mechanism of coordination is bilateral exchange. If both parties expect to gain, such that marginal private benefit is greater than marginal private cost, then the transaction will occur and not otherwise. This principle underpins both general equilibrium theory and welfare economics.</Description></Value><Value><Name>Non-Coercion</Name><Description>In the state or government, the key institutional mechanism is coercion to overcome free-riding in providing a public good, such that the sum of marginal benefits for each agent is greater than the total marginal cost of public provision. This principle underpins the logic of the state and its powers.</Description></Value><Value><Name>Culture</Name><Description>In a club, the key institutional mechanism is voluntary or culture-made group formation, such that the private benefit condition holds for a shared good. Clubs are 'voluntary' in the language of microeconomics, but in cultural science 'voluntary' should be understood as a secondary feature of culture-made groups.</Description></Value><Value><Name>Unification</Name><Description>Culture makes groups that are unified and bounded by shared codes, relationships, identity and meaning.</Description></Value><Value><Name>Boundedness</Name><Description/></Value><Value><Name>Relationships</Name><Description/></Value><Value><Name>Freedom</Name><Description>The production of 'free individuals', who are in possession of the 'economic rationality' needed 'voluntarily' to 'choose' to join or form a club, is a function of culture-made 'we'-groups or demes.</Description></Value><Value><Name>Choice</Name><Description>It follows that not everyone can join a club (demic outsiders); and that free individual choice is itself a product or outcome of demes, not a causal mechanism by itself. This, first and foremost, is a socio-cultural, not an economic or political principle.</Description></Value><Value><Name>Externalities</Name><Description>First, a journal is a club where members 'confer externalities on each other'.
They do so in both production and consumption. The externalities here are those of reading, understanding, citing, and refereeing the papers that each scholar writes.</Description></Value><Value><Name>Inputs</Name><Description>Scholarly papers are written to be read and then to be acted upon by other scholars:  they are not simply consumption goods, but inputs into further scholarly production.  They are both outputs and inputs.  This is how scholarly production and publishing differs from the publishing of novels or journalism, for example, in that the producers and the consumers are not distinct sets; rather they are an overlapping set: a club. The producers of scholarly knowledge seek to 'impose externalities' on each other. They want to not just produce papers, but to produce papers that will be read by a particular other group, possibly anonymous and unmet -- as in the invisible college -- but likely imagined.</Description></Value><Value><Name>Outputs</Name><Description/></Value><Value><Name>Action</Name><Description/></Value><Value><Name>Ideas</Name><Description>The shared good in production is mutual attention to an idea, which is the
good allegedly supplied by the publishing intermediary in the idealized form of
generalized attention to the idea (Lanham 2006).</Description></Value><Value><Name>Attention</Name><Description>Compared to a private good, where such attention must be purchased, scholarly publishing provides that for free (this is in effect the 'toll').</Description></Value><Value><Name>Openness</Name><Description>But what scholars are purchasing in their supply of content is clearly a club good: it is shared access to the benefits of other smart, like-minded scholars, who are implicitly part of an open team production exercise -- itself imagined as part of a larger knowledge commons.</Description></Value><Value><Name>Communication</Name><Description>From the communication perspective, congestion or crowding is a more
difficult concept to grasp. It is perhaps an axiom that all content producers want
maximum audience: every person in every country is the asymptotic ideal.</Description></Value><Value><Name>Community</Name><Description>The 'positive externality' they wish to 'impose' is knowledge, such that the fullest extent of the 'imagined community' is not confined to disciplinary specialists but may extend to all within a particular deme: for example, 'our' industry, city, nation, or even species. But in practice, scholarly production does not take 'humanity' or any other general population as its interlocutor. Most scholars actually have in mind a finite and possibly small set of readers -- even when these are people they may not know, or who may exist only in the future. </Description></Value><Value><Name>Peerism</Name><Description>Scholarly production is for a community of peers. Not only the production realities of scholarship and science, but also the consumption realities, mean that there is only a finite set of people who are potential readers of that product. This is a minimum value subset of the ideal club, meaning that the publishing club experiences heterogeneous crowding (Scotchmer 2002). The key point is that the set of potential producers and the set of incumbent consumers is the same set, although actual producers may harbour ambitions to enlarge the club by attracting previously unengaged consumers. That same set of individual producers seeking information dispersion is also competing to publish in the same attention space, as defined by the finite qualities of a journal, which is therefore a club. </Description></Value><Value><Name>Journaling</Name><Description>A journal is a club because there is both shared positive externalities, as the
prime resource, which is new knowledge by self and others; and there is congestion, caused by finite attention in the readers, and in one's own time, to read, understand, comment, critique, and ultimately the most important, to adopt. A scholarly journal is therefore a club in the specific senses of being: (1) 'voluntary'; (2) non-anonymously crowded; (3) exclusive; (4) globally partitioned; and (5) rationally constructed: </Description></Value><Value><Name>Volunteerism</Name><Description>Voluntary means that agents within a given demic group join clubs based on a rational calculus. If the benefits are greater than the costs, then you join a club. The benefits are basically that of being read by others; the costs are that of reading and citing others. Voluntary means that you make this choice based on your best assessment of career payoff.</Description></Value><Value><Name>Non-Anonymous Crowding</Name><Description>Non-anonymously crowded means that you care whom else is in the club. So it's not just cost-sharing, as it were contributing to a swimming pool, but also costly signalling, because the more prestigious or authoritative the other members, the more exclusive and therefore valuable is your membership. The implication from club theory economics is that we can expect differential tolls, as access price, which may sometimes be negative. Crowding means that each additional club member imposes a cost, and the most obvious cost in a scholarly club is access to the journal, not simply as a reader but as access to the means of production and dissemination. In a knowledge club with 30 members, you get published, on average, once a year. In a knowledge club with 300 or 3000 members that likelihood is lower. But of course there is more knowledge in the larger club, so on balance there will be a trade-off on both margins.</Description></Value><Value><Name>Exclusion</Name><Description>Exclusion means that a club is a mechanism for limiting the benefits of nonmembers, which happens quite naturally in scholarly knowledge clubs, by simple cost of access in time and language. Scholarly communities use specific language, part of which is for precision, and part of which is for exclusion (Pagel 2012). But knowledge clubs in general arrive at exclusion technologies, not all of which are technological -- indeed, many of them are social and cultural.</Description></Value><Value><Name>Global Partitioning</Name><Description>Global partition recognizes that clubs will be finite and that there will be other clubs emerging at the margin, and possibly closely related (or identical, as in public good clubs over spatial domains). But in scholarly publishing, club theory predicts that there will be many entrepreneurial opportunities at the margin of each club. In essence, club theory implies that there will also be ongoing competition, and therefore that the rent each club creates is ultimately contestable (Baumol et al 1982). </Description></Value><Value><Name>Rational Construction</Name><Description>Rational construction means that club choice is a dual choice of membership (to join or not - as demand) and also of quantity (what level the club will supply). The level of interdependent externality (the local public good) a club chooses to offer also affects the demand for that club, which in turn affects the toll that club can charge at the margin. The point is that in general equilibrium this choice is determined simultaneously. In scholarly publishing, at least one of these variables is expectational. In consequence, knowledge clubs are speculative assets.</Description></Value><Value><Name>Technology</Name><Description>Emerging technologies hold promise in that they may enable new forms of
automated coordination that overcome the need to outsource publication, distribution, and search, thereby returning these functions to the knowledge club itself.  Understanding journals as club goods is useful in that it allows us to interrogate which parts of the current system we might wish to protect or enhance, and which are superfluous or detrimental to knowledge itself. </Description></Value><Value><Name>Coordination</Name><Description/></Value><Value><Name>Knowledge</Name><Description>... knowledge is expansive and dynamic and not a zero-sum game.  Thus, 'general equilibrium', 'finite number' are contextual terms in a larger frame of reference, applying only to incumbent players (already certified scholars). But
communications technologies such as the internet -- the very technologies that have undermined existing business models -- are also generating new kinds of knowledge club beyond the purview and scope of scholarly communication as presently constituted.</Description></Value><Value><Name>Creative Destruction</Name><Description>There remains an external 'creative destructive' competitive pressure on scholarly institutions overall, be they epistemological (disciplines), spatial (universities) or local (specialist knowledge clubs). An implication that we have not addressed in this introduction to 'knowledge club' theory is that scholars themselves need to attend to the dynamics of club-formation, which may already be much more advanced in informal DIY, start-up and entrepreneurial environments than it is in the papyrocentric universe of peer review journals. Creative destruction is at hand, but it is not publishers who need to worry; it's those who generate knowledge -- production and consumption -- without understanding the value of knowledge clubs and commons. If a journal is a club, we should be creating new types of journals.</Description></Value><Goal><Name>Journals</Name><Description>Recognize journals as clubs.</Description><Identifier>_f13adb52-c2eb-11e6-8df0-b3d23366cb4b</Identifier><SequenceIndicator>1</SequenceIndicator><Stakeholder><Name/><Description/></Stakeholder><OtherInformation>To reform scholarly publishing, we need therefore to start by recognizing that a journal is a club. A scholarly journal is neither a private good nor a public good -- it is a club good (Neylon 2015a). A journal is a publishing operation, both in production and in consumption, which is best understood -- dynamically as well as statically -- as a club good, meaning that the basic economics of club goods should help in making sense of the turmoil that the scholarly publishing industry is currently experiencing. </OtherInformation><Objective><Name>Membership &amp; Benefits</Name><Description>Enable members to join clubs when they expect a net benefit.</Description><Identifier>_f13adc06-c2eb-11e6-8df0-b3d23366cb4b</Identifier><SequenceIndicator>1.1</SequenceIndicator><Stakeholder><Name/><Description/></Stakeholder><OtherInformation>Clubs are voluntary, which means that members join clubs only where they expect a net benefit (hence for a club good, unlike a public good, the marginal rate of substitution is always positive). </OtherInformation></Objective><Objective><Name>Sharing &amp; Crowding</Name><Description>Share information and control crowding.</Description><Identifier>_f13adcb0-c2eb-11e6-8df0-b3d23366cb4b</Identifier><SequenceIndicator>1.2</SequenceIndicator><Stakeholder><Name/><Description/></Stakeholder><OtherInformation>Clubs involve sharing, which results in crowding (or congestion). Crowding implies an upper limit of the optimal size of the club, and tolls to control crowding. There are two types of crowding: anonymous, and non-anonymous, where attributes of other members are important determinants of crowding</OtherInformation></Objective><Objective><Name>Benefits &amp; Costs</Name><Description>Balance externality benefits with costs associated with crowding.</Description><Identifier>_f13add5a-c2eb-11e6-8df0-b3d23366cb4b</Identifier><SequenceIndicator>1.3</SequenceIndicator><Stakeholder><Name/><Description/></Stakeholder><OtherInformation>Clubs imply finite groups that balance at the margin externality benefits with costs associated with crowding, such that there are non-members who are excluded. This also implies an exclusion mechanism that operates at less cost than the benefits from the club. </OtherInformation></Objective><Objective><Name>Partitioning &amp; Competition</Name><Description>Partition clubs to enable competition.</Description><Identifier>_f13ade0e-c2eb-11e6-8df0-b3d23366cb4b</Identifier><SequenceIndicator>1.4</SequenceIndicator><Stakeholder><Name/><Description/></Stakeholder><OtherInformation>Clubs can partition over a population, enabling competition between clubs. For any population, and for a given externality and congestion function, there will exist an optimal number of clubs.</OtherInformation></Objective><Objective><Name>Size &amp; Sharing</Name><Description>Decide membership size and level of the shared good.</Description><Identifier>_f13adeb8-c2eb-11e6-8df0-b3d23366cb4b</Identifier><SequenceIndicator>1.5</SequenceIndicator><Stakeholder><Name/><Description/></Stakeholder><OtherInformation>A club involves two simultaneous choices: membership size and provision level of the shared good.</OtherInformation></Objective></Goal><Goal><Name>Models &amp; Technologies</Name><Description>Formulate models of scholarly journals as club goods begin to enact them with emerging technologies.</Description><Identifier>_1582bd2e-c3ad-11e6-a7b7-dcb53366cb4b</Identifier><SequenceIndicator>2</SequenceIndicator><Stakeholder><Name/><Description/></Stakeholder><OtherInformation>Emerging technologies and knowledge clubs -- 
The implications of seeing scholarly journals as club goods, as opposed to public or private goods, is that we can begin to formulate clear models, and -- with emerging technologies -- enact them. The club aspects of scholarly journals involve delivering prestige factors for those within the community of peer producers, as well as practical distribution mechanisms, required to ensure that mutual attention within the knowledge occurs. In the digital environment, academic journals have retained their club-like qualities through blind-peer review and editorial boards in order to build prestige and quality assurance. However, as described above, in the case of commercial scholarly journals, those that do the work to generate these externalities for the group are outsourcing production to commercial companies, as well as the infrastructures that measure and reveal citations and impact factors.</OtherInformation><Objective><Name>Trust</Name><Description>Achieve trust on the Internet.</Description><Identifier>_1582c026-c3ad-11e6-a7b7-dcb53366cb4b</Identifier><SequenceIndicator>2.1</SequenceIndicator><Stakeholder><Name/><Description/></Stakeholder><OtherInformation>Blockchain technology has been described as a giant decentralised ledger
(Swan 2015) used for asset registry, inventory and exchange, originally built for
bitcoin but increasingly applied to other systems including legal contracts and identity verification. The importance of blockchain technology is that can achieve trust on a trustless internet through encryption and automation. As Buterlin (2015) writes, blockchain is not about enforcing one set of rules, but 'creating the freedom to create a new mechanism with a new ruleset extremely quickly and pushing it out'.</OtherInformation></Objective><Objective><Name>Governance</Name><Description>Decentralise governance.</Description><Identifier>_1582c1a2-c3ad-11e6-a7b7-dcb53366cb4b</Identifier><SequenceIndicator>2.2</SequenceIndicator><Stakeholder><Name/><Description/></Stakeholder><OtherInformation>Blockchain technology can thereby provide a technical layer upon which decentralised governance systems can run. In the case of scholarly publishing, blockchain could by used to resolve current weaknesses in the system including securing peer-review, and generating trusted and open citation metrics. </OtherInformation></Objective><Objective><Name>Metrics</Name><Description>Implement trustworthy open metrics.</Description><Identifier>_1582c2d8-c3ad-11e6-a7b7-dcb53366cb4b</Identifier><SequenceIndicator>2.3</SequenceIndicator><Stakeholder StakeholderTypeType="Organization"><Name>Backfeed</Name><Description>Platforms such as Backfeed, whilst experimental at the time of writing, work on similar systems whereby a complete infrastructure could be developed.</Description></Stakeholder><OtherInformation>For instance, blockchain to technology can transform attributes such as
citations into token-like objects, resulting in trustworthy open metrics as opposed to proprietary database systems. A token-like system could also shift what is currently volunteer-based labour into an incentive compatible system that rewards referees and editors, not just authors. For instance, refereeing journal articles might result in micropayments (either monetary or reputation-based) that accrue to those that perform such tasks, providing transparency of labour on the production side and encouraging those within the club to perform tasks that, under current conditions, are becoming increasing difficult to procure. </OtherInformation></Objective><Objective><Name>Authentication</Name><Description>Authenticate academic works.</Description><Identifier>_1582c40e-c3ad-11e6-a7b7-dcb53366cb4b</Identifier><SequenceIndicator>2.4</SequenceIndicator><Stakeholder StakeholderTypeType="Organization"><Name/><Description/></Stakeholder><OtherInformation>Such technologies could also be used to authenticate academic works that
have been through the process of peer-review and editorial acceptance. If a scholarly work has been assigned the value of 'accepted' on the blockchain, then the need for physical or digital journal artefacts diminishes.</OtherInformation></Objective><Objective><Name>Distribution</Name><Description>Enable distribution by any means.</Description><Identifier>_1582c530-c3ad-11e6-a7b7-dcb53366cb4b</Identifier><SequenceIndicator>2.5</SequenceIndicator><Stakeholder StakeholderTypeType="Organization"><Name/><Description/></Stakeholder><OtherInformation>It is foreseeable that an author could distribute a work through whatever means they feel is appropriate (for instance a university repository) and be assured that it possesses identifiers that prove the knowledge club (journal) has accepted the work.</OtherInformation></Objective><Objective><Name>Query/Discovery</Name><Description>Enable searching via identifiers.</Description><Identifier>_1582c652-c3ad-11e6-a7b7-dcb53366cb4b</Identifier><SequenceIndicator>2.6</SequenceIndicator><Stakeholder StakeholderTypeType="Organization"><Name/><Description/></Stakeholder><OtherInformation>Those same identifiers could be used for searching, effectively bundling knowledge club outputs from across a distributed system. The journal itself may not be necessary, reducing or eliminating the production costs altogether.</OtherInformation></Objective></Goal></StrategicPlanCore><AdministrativeInformation><StartDate>2016-04-12</StartDate><PublicationDate>2016-12-16</PublicationDate><Source>https://papers.ssrn.com/sol3/papers.cfm?abstract_id=2763975</Source><Submitter><GivenName>Owen</GivenName><Surname>Ambur</Surname><PhoneNumber/><EmailAddress>Owen.Ambur@verizon.net</EmailAddress></Submitter></AdministrativeInformation></StrategicPlan>