<?xml version="1.0" encoding="UTF-8"?>
<StrategicPlan xmlns:xsi="http://www.w3.org/2001/XMLSchema-instance" xmlns:stratml="urn:ISO:std:iso:17469:tech:xsd:stratml_core"><Name>About ALI</Name><Description>Our conferences bring together industry leaders and experts to share valuable business experience and best practices on how to meet tomorrow’s competitive challenges, and find new solutions for business problems.</Description><OtherInformation/><StrategicPlanCore><Organization><Name>Advanced Learning Institute</Name><Acronym>ALI</Acronym><Identifier>_60c046b4-2a32-11e5-a9a0-4a3c0684d001</Identifier><Description/><Stakeholder StakeholderTypeType="Generic_Group"><Name>Executives</Name><Description/></Stakeholder></Organization><Vision><Description/><Identifier>_60c047b8-2a32-11e5-a9a0-4a3c0684d001</Identifier></Vision><Mission><Description>To help executives build strong personal relationships, expand their business knowledge of cutting-edge trends, and find proven solutions to a wide range of business problems.</Description><Identifier>_60c04858-2a32-11e5-a9a0-4a3c0684d001</Identifier></Mission><Value><Name/><Description/></Value><Goal><Name>Conferences</Name><Description>Bring together industry leaders and experts</Description><Identifier>_60c048ee-2a32-11e5-a9a0-4a3c0684d001</Identifier><SequenceIndicator/><Stakeholder StakeholderTypeType="Generic_Group"><Name>Industry Leaders</Name><Description/></Stakeholder><Stakeholder StakeholderTypeType="Generic_Group"><Name>Experts</Name><Description/></Stakeholder><OtherInformation/><Objective><Name>Experience &amp; Practices</Name><Description>Share business experience and best practices on how to meet tomorrow's competitive challenges</Description><Identifier>_60c04984-2a32-11e5-a9a0-4a3c0684d001</Identifier><SequenceIndicator>1</SequenceIndicator><Stakeholder StakeholderTypeType=""><Name/><Description/></Stakeholder><OtherInformation/></Objective><Objective><Name>Solutions</Name><Description>Find new solutions for business problems</Description><Identifier>_60c04a1a-2a32-11e5-a9a0-4a3c0684d001</Identifier><SequenceIndicator>2</SequenceIndicator><Stakeholder StakeholderTypeType=""><Name/><Description/></Stakeholder><OtherInformation/></Objective></Goal></StrategicPlanCore><AdministrativeInformation><PublicationDate>2015-07-14</PublicationDate><Source>https://www.aliconferences.com/about-us/</Source><Submitter><GivenName>Owen</GivenName><Surname>Ambur</Surname><PhoneNumber/><EmailAddress>Owen.Ambur@verizon.net</EmailAddress></Submitter></AdministrativeInformation></StrategicPlan>