<?xml version="1.0" encoding="UTF-8"?>
<StrategicPlan xmlns="urn:ISO:std:iso:17469:tech:xsd:stratml_core" xmlns:xsi="http://www.w3.org/2001/XMLSchema-instance" xsi:schemaLocation="urn:ISO:std:iso:17469:tech:xsd:stratml_core http://xml.govwebs.net/stratml/references/StrategicPlanISOVersion20140401.xsd"><Name>About American Majority</Name><Description/><OtherInformation/><StrategicPlanCore><Organization><Name>American Majority</Name><Acronym>AM</Acronym><Identifier>_af33a348-6500-11e8-83b9-59c1f2613715</Identifier><Description>We are the nation's premier conservative training organization, helping put in place a truly unique, separate political infrastructure -- for use before, during and after election dates. As a 501c(3) non-partisan, nonprofit, American Majority continually trains, organizes, mobilizes, and equips new grassroots conservative leaders.</Description><Stakeholder StakeholderTypeType="Generic_Group"><Name>Conservative Leaders</Name><Description>The Progressive Left is set on flipping states that have been reliably "red" into liberal-leaning "blue" states. This is done with permanent campaigning which does not cease. And only those who understand, anticipate, plan, and yes, spend, on the Right have hope of combating it.</Description></Stakeholder><Stakeholder StakeholderTypeType="Generic_Group"><Name>State Governments</Name><Description>We believe meaningful, lasting political change starts not in Washington, but at state and local levels, where most actual government decisions and spending occurs.</Description></Stakeholder><Stakeholder StakeholderTypeType="Generic_Group"><Name>Local Governments</Name><Description/></Stakeholder><Stakeholder StakeholderTypeType="Generic_Group"><Name>American Majority Team</Name><Description/></Stakeholder><Stakeholder StakeholderTypeType="Person"><Name>Ned Ryun</Name><Description>Founder and CEO</Description></Stakeholder><Stakeholder StakeholderTypeType="Person"><Name>Matt Batzel</Name><Description>National Executive Director</Description></Stakeholder><Stakeholder StakeholderTypeType="Person"><Name>Kelly Amorin</Name><Description>Chief Financial Officer</Description></Stakeholder><Stakeholder StakeholderTypeType="Person"><Name>Lonny Leitner</Name><Description>Chief of Staff</Description></Stakeholder><Stakeholder StakeholderTypeType="Person"><Name>Mike Morrison</Name><Description>Director of Communications</Description></Stakeholder><Stakeholder StakeholderTypeType="Person"><Name>Nick McIntyre</Name><Description>Colorado Executive Director</Description></Stakeholder><Stakeholder StakeholderTypeType="Person"><Name>Nate Nelson</Name><Description>Wisconsin Executive Director</Description></Stakeholder><Stakeholder StakeholderTypeType="Person"><Name>Jennifer DeJournett</Name><Description>Minnesota Executive Director</Description></Stakeholder><Stakeholder StakeholderTypeType="Person"><Name>Angela Kelley</Name><Description>Director of Operations</Description></Stakeholder><Stakeholder StakeholderTypeType="Person"><Name>Scott Ellis</Name><Description>Wisconsin Campus Director</Description></Stakeholder><Stakeholder StakeholderTypeType="Person"><Name>Lauren Farrell</Name><Description>Executive Assistant</Description></Stakeholder><Stakeholder StakeholderTypeType="Person"><Name>Dan Degner</Name><Description>Intern</Description></Stakeholder></Organization><Vision><Description>The best policies are adopted</Description><Identifier>_af33a47e-6500-11e8-83b9-59c1f2613715</Identifier></Vision><Mission><Description>To train, organize, mobilize, and equip grassroots conservative leaders</Description><Identifier>_af33a582-6500-11e8-83b9-59c1f2613715</Identifier></Mission><Value><Name/><Description/></Value><Goal><Name>Tools &amp; Technology</Name><Description>Give candidates, campaigns, and activists the tools and technology to see the best policies adopted</Description><Identifier>_af33a62c-6500-11e8-83b9-59c1f2613715</Identifier><SequenceIndicator/><Stakeholder StakeholderTypeType="Generic_Group"><Name>Candidates for Elective Office</Name><Description/></Stakeholder><Stakeholder StakeholderTypeType="Generic_Group"><Name>Political Campaigns</Name><Description/></Stakeholder><Stakeholder StakeholderTypeType="Generic_Group"><Name>Activists</Name><Description/></Stakeholder><OtherInformation>Our Trainings and the People We Train:
American Majority focuses on winning on the issues, and on giving candidates, campaigns, and activists the tools and technology to see the best policies adopted in the modern climate. Best-in-business speakers present cutting-edge topics to empower men and women to 1) run for office and 2) promote liberty through political activism. We bring you the top conservative political training in the nation. Thousands are trained each year in communities across the country to be catalysts for authentic change in government. We're proud of the 39,000+ people who have attended one of our 1,000+ trainings across 47 different states over the past nine years. We're even more proud of what they've accomplished with the things they learned.</OtherInformation><Objective><Name>Candidacy</Name><Description>Empower men and women to run for office</Description><Identifier>_af33a6c2-6500-11e8-83b9-59c1f2613715</Identifier><SequenceIndicator>1</SequenceIndicator><Stakeholder><Name/><Description/></Stakeholder><OtherInformation/></Objective><Objective><Name>Liberty</Name><Description>Empower men and women to promote liberty through political activism</Description><Identifier>_af33a762-6500-11e8-83b9-59c1f2613715</Identifier><SequenceIndicator>2</SequenceIndicator><Stakeholder><Name/><Description/></Stakeholder><OtherInformation/></Objective></Goal></StrategicPlanCore><AdministrativeInformation><PublicationDate>2018-05-31</PublicationDate><Source>https://www.americanmajority.org/about/</Source><Submitter><GivenName>Owen</GivenName><Surname>Ambur</Surname><PhoneNumber/><EmailAddress>Owen.Ambur@verizon.net</EmailAddress></Submitter></AdministrativeInformation></StrategicPlan>