<?xml version="1.0" encoding="UTF-8"?>
<StrategicPlan xsi:schemaLocation="http://www.stratml.net  http://xml.gov/stratml/references/StrategicPlan.xsd" xmlns:xsi="http://www.w3.org/2001/XMLSchema-instance" xmlns="http://www.stratml.net"><id/><Name>About the American Marketing Association</Name><Description>Marketing:  

Marketing is the activity, set of institutions, and processes for creating, communicating, delivering, and exchanging offerings that have value for customers, clients, partners, and society at large. (Approved July 2013)</Description><OtherInformation>Marketing Research:

Marketing research is the function that links the consumer, customer, and public to the marketer through information--information used to identify and define marketing opportunities and problems; generate, refine, and evaluate marketing actions; monitor marketing performance; and improve understanding of marketing as a process. Marketing research specifies the information required to address these issues, designs the method for collecting information, manages and implements the data collection process, analyzes the results, and communicates the findings and their implications. (Approved October 2004) </OtherInformation><StrategicPlanCore><Organization><Name>American Marketing Association</Name><Acronym>AMA</Acronym><Identifier/><Description>The American Marketing Association (AMA) was established in 1937 by visionaries in marketing and academia. Today, the AMA has grown to be one of the largest marketing associations in the world, with over 30,000 members who work, teach and study in the field of marketing across the globe.</Description><Stakeholder><Name>AMA Board of Directors</Name><Description>The AMA Board of Directors is an important governance mechanism of the American Marketing Association.  The primary role of the AMA Board of Directors is to provide strategic guidance, direction and advice for the association and to provide fiduciary oversight to protect the business property of the association.  </Description></Stakeholder><Stakeholder><Name>Rick Dow</Name><Description>Chairperson (BringMeTheNews)</Description></Stakeholder><Stakeholder><Name>Ric Sweeney</Name><Description>Chairperson-Elect (University of Cincinnati)​</Description></Stakeholder><Stakeholder><Name>David Reibstein</Name><Description>Past Chairperson (Wharton School of Business)</Description></Stakeholder><Stakeholder><Name>Rob Malcolm</Name><Description>VP Finance/Secretary (Executive in Residence Univ Texas, former CMO at Diageo)</Description></Stakeholder><Stakeholder><Name>Jerome Williams</Name><Description>AMAF Chairperson (Rutgers Business School)</Description></Stakeholder><Stakeholder><Name>Mary Jo Bitner</Name><Description>(W.P. Carey School Of Business)</Description></Stakeholder><Stakeholder><Name>Eric T. Bradlow </Name><Description>(Wharton School of Business)</Description></Stakeholder><Stakeholder><Name>Myles Bristowe </Name><Description>(CommCreative)</Description></Stakeholder><Stakeholder><Name>Mary Garrett</Name><Description>(IBM Global Sales and Distribution)</Description></Stakeholder><Stakeholder><Name>Lisa Gudding</Name><Description>(GfK Custom Research North America)</Description></Stakeholder><Stakeholder><Name>Roger Kerin </Name><Description>(Southern Methodist University)</Description></Stakeholder><Stakeholder><Name>Angela Lee</Name><Description>(Northwestern University) </Description></Stakeholder><Stakeholder><Name>Gary Lilien </Name><Description>(The Smeal College of Business Administration)</Description></Stakeholder><Stakeholder><Name>Rebecca Messina</Name><Description>(Coca-Cola Company)</Description></Stakeholder><Stakeholder><Name>Dennis Dunlap</Name><Description>Ex-officio Board Member (AMA)</Description></Stakeholder><Stakeholder><Name>AMA Volunteers</Name><Description>The AMA Board of Directors and its Councils are volunteer groups that provide advice and counsel to the AMA on activities for specific constituencies.  Board of Directors and Council leadership are comprised of members who are appointed and who have been active with the AMA at both the national and local level.  Each year, the AMA Nominating Committee identifies and selects candidates to stand for election for Council leadership and  Board of Directors positions.  A call for nominations is issued in June and nominations may be made by any action member of the AMA.  Elections take place in the first quarter of the following year. </Description></Stakeholder><Stakeholder><Name>AMA Academic Council</Name><Description/></Stakeholder><Stakeholder><Name>AMA Collegiate Chapters Council</Name><Description/></Stakeholder><Stakeholder><Name>AMA Knowledge Coalition</Name><Description/></Stakeholder><Stakeholder><Name>AMA Marketing Insights Council</Name><Description/></Stakeholder><Stakeholder><Name>AMA Professional Chapters Council </Name><Description/></Stakeholder><Stakeholder><Name>AMA International Allies</Name><Description>International Alliances -- 

The American Marketing Association is expanding its reach within the international community.  This multidimensional approach includes creating alliances with key organizations in all continents.

Each international alliance partnership represents thousands of marketing professionals that are now part of an expanded global community. AMA members will no doubt benefit from the knowledge exchange and the increased networking opportunities.</Description></Stakeholder><Stakeholder><Name>Asia Marketing Federation</Name><Description>The American Marketing Association (AMA) and the Asia Marketing Federation (AMF) have agreed to promote collaboration between the two organizations.

The overriding goal of the alliance is to help advance the knowledge and practice of marketing and to enhance the value proposition of the marketing associations and the benefits provided to their members.

The AMA and AMF will encourage direct contact and cooperation between their management, staff, volunteers and members while defining the following areas for potential cooperation:

*    Sharing of marketing information and knowledge
*    Promoting benefits, offerings and membership in each organization
*    Asia based marketing conference(s) or thought leader event(s) developed by AMA and AMF with participants from the east and west.</Description></Stakeholder><Stakeholder><Name>Asociación de Marketing de España </Name><Description>The American Marketing Association (AMA) and the Marketing Association of Spain (Asociación de Marketing de España - MKT), founded 50 years ago in Spain, have signed a Memorandum of Intent to share knowledge and develop joint initiatives that benefit the development of the marketing profession and provide additional value to their members beyond their respective borders.

Thanks to the Memorandum signed between both organizations, members of MKT may be part of AMA and vice versa, under special conditions and thus have access to all publications, tools, conferences ... It is an agreement that brings together more than 30,000 professionals in the marketing world.</Description></Stakeholder><Stakeholder><Name>European Marketing Academy</Name><Description>The American Marketing Association (AMA) and the European Marketing Academy (EMAC) have entered into a collaborative relationship to better serve their respective memberships and strengthen the ties between both groups.

The initial focus of this collaboration is on joint events and special membership offerings.

EMAC is a professional society for people involved or interested in marketing theory and research. Its aims are to serve as the core of a communication network for disseminating information and promoting international exchange in the field of marketing. The Academy has over 1000 members from more than 57 different countries in all five continents.</Description></Stakeholder></Organization><Vision><Description/><Identifier/></Vision><Mission><Description>To serve as a forum to connect like-minded individuals and foster knowledge sharing, provide resources, tools and training and support marketing practice and thought leadership around the globe.</Description><Identifier/></Mission><Value><Name>Honesty</Name><Description>to be forthright in dealings with customers and stakeholders.  To this end, we will:

*    Strive to be truthful in all situations and at all times.
*    Offer products of value that do what we claim in our communications.
*    Stand behind our products if they fail to deliver their claimed benefits.
*    Honor our explicit and implicit commitments and promises.</Description></Value><Value><Name>Responsibility</Name><Description>to accept the consequences of our marketing decisions and strategies.  To this end, we will:

*    Strive to serve the needs of customers.
*    Avoid using coercion with all stakeholders.
*    Acknowledge the social obligations to stakeholders that come with increased marketing and economic power.
*    Recognize our special commitments to vulnerable market segments such as children, seniors, the economically impoverished, market illiterates and others who may be substantially disadvantaged.
*    Consider environmental stewardship in our decision-making.</Description></Value><Value><Name>Fairness</Name><Description>to balance justly the needs of the buyer with the interests of the seller.  To this end, we will:

*    Represent products in a clear way in selling, advertising and other forms of communication; this includes the avoidance of false, misleading and deceptive promotion.
*    Reject manipulations and sales tactics that harm customer trust.
*    Refuse to engage in price fixing, predatory pricing, price gouging or “bait-and-switch” tactics.
*    Avoid knowing participation in conflicts of interest.
*    Seek to protect the private information of customers, employees and partners.</Description></Value><Value><Name>Respect</Name><Description>to acknowledge the basic human dignity of all stakeholders.  To this end, we will:

*    Value individual differences and avoid stereotyping customers or depicting demographic groups (e.g., gender, race, sexual orientation) in a negative or dehumanizing way.
*    Listen to the needs of customers and make all reasonable efforts to monitor and improve their satisfaction on an ongoing basis.
*    Make every effort to understand and respectfully treat buyers, suppliers, intermediaries and distributors from all cultures.
*    Acknowledge the contributions of others, such as consultants, employees and coworkers, to marketing endeavors.
*    Treat everyone, including our competitors, as we would wish to be treated.</Description></Value><Value><Name>Transparency</Name><Description>to create a spirit of openness in marketing operations. To this end, we will:

*    Strive to communicate clearly with all constituencies.
*    Accept constructive criticism from customers and other stakeholders.
*    Explain and take appropriate action regarding significant product or service risks, component substitutions or other foreseeable eventualities that could affect customers or their perception of the purchase decision.
*    Disclose list prices and terms of financing as well as available price deals and adjustments.</Description></Value><Value><Name>Citizenship</Name><Description>to fulfill the economic, legal, philanthropic and societal responsibilities that serve stakeholders.  To this end, we will:

*    Strive to protect the ecological environment in the execution of marketing campaigns.
*    Give back to the community through volunteerism and charitable donations.
*    Contribute to the overall betterment of marketing and its reputation. 
*    Urge supply chain members to ensure that trade is fair for all participants, including producers in developing countries.</Description></Value><Goal><Name>Marketing Resource</Name><Description>Serve as a marketing resource for members to stay relevant with knowledge, training and tools to enhance lifelong learning and obtain valuable information and connections</Description><Identifier/><SequenceIndicator>1</SequenceIndicator><Stakeholder><Name>Marketers</Name><Description>No other organization provides more ways for marketers and academics to connect with the people and resources they need to be successful.</Description></Stakeholder><Stakeholder><Name>Academics</Name><Description/></Stakeholder><OtherInformation>As the leading organization for marketers, AMA is the trusted go-to resource for marketers and academics. We are counted on as the most credible marketing resource where our members can stay relevant with knowledge, training and tools to enhance lifelong learning and obtain valuable information and connections.</OtherInformation><Objective><Name/><Description/><Identifier/><SequenceIndicator/><Stakeholder><Name/><Description/></Stakeholder><OtherInformation/></Objective></Goal><Goal><Name>Innovation &amp; Evolution</Name><Description>Innovate and evolve, helping to shape the field of marketing</Description><Identifier/><SequenceIndicator>2</SequenceIndicator><Stakeholder><Name/><Description/></Stakeholder><OtherInformation>The AMA is constantly innovating and evolving, helping to shape the field as well as keep abreast of the changing global marketplace to help our members excel in their careers. </OtherInformation><Objective><Name/><Description/><Identifier/><SequenceIndicator/><Stakeholder><Name/><Description/></Stakeholder><OtherInformation/></Objective></Goal></StrategicPlanCore><AdministrativeInformation><StartDate/><EndDate/><PublicationDate>2014-01-08</PublicationDate><Source>http://www.marketingpower.com/AboutAMA/Pages/default.aspx</Source><Submitter><FirstName>Owen</FirstName><LastName>Ambur</LastName><PhoneNumber/><EmailAddress>Owen.Ambur@verizon.net</EmailAddress></Submitter></AdministrativeInformation></StrategicPlan>