<?xml version="1.0" encoding="UTF-8"?>
<StrategicPlan xsi:schemaLocation="http://www.stratml.net  http://xml.gov/stratml/references/StrategicPlan.xsd" xmlns:xsi="http://www.w3.org/2001/XMLSchema-instance" xmlns="http://www.stratml.net"><id/><Name>Apprenticeship Model for KM</Name><Description/><OtherInformation/><StrategicPlanCore><Organization><Name>Dave Snowden</Name><Acronym>DS</Acronym><Identifier>_957daa40-d984-11e3-9d2d-7cf70ef3b857</Identifier><Description/><Stakeholder><Name/><Description/></Stakeholder></Organization><Vision><Description/><Identifier>_957dabbc-d984-11e3-9d2d-7cf70ef3b857</Identifier></Vision><Mission><Description>To specify an apprenticeship model of knowledge management</Description><Identifier>_957dac84-d984-11e3-9d2d-7cf70ef3b857</Identifier></Mission><Value><Name>Affordances</Name><Description>An affordance is often taken as a relation between an object, or an environment, and an organism that affords the opportunity for that organism to perform an action. ~ http://en.wikipedia.org/wiki/Affordance</Description></Value><Goal><Name>Skills</Name><Description>Acquire skills</Description><Identifier>_957dad60-d984-11e3-9d2d-7cf70ef3b857</Identifier><SequenceIndicator>1</SequenceIndicator><Stakeholder><Name/><Description/></Stakeholder><OtherInformation/><Objective><Name/><Description/><Identifier>_957dae00-d984-11e3-9d2d-7cf70ef3b857</Identifier><SequenceIndicator/><Stakeholder><Name/><Description/></Stakeholder><OtherInformation/></Objective></Goal><Goal><Name>Experience</Name><Description>Gain experience</Description><Identifier>_957daea0-d984-11e3-9d2d-7cf70ef3b857</Identifier><SequenceIndicator>2</SequenceIndicator><Stakeholder><Name/><Description/></Stakeholder><OtherInformation/><Objective><Name/><Description/><Identifier>_957daff4-d984-11e3-9d2d-7cf70ef3b857</Identifier><SequenceIndicator/><Stakeholder><Name/><Description/></Stakeholder><OtherInformation/></Objective></Goal><Goal><Name>Interactions</Name><Description>Engage in social interactions</Description><Identifier>_957db134-d984-11e3-9d2d-7cf70ef3b857</Identifier><SequenceIndicator>3</SequenceIndicator><Stakeholder><Name/><Description/></Stakeholder><OtherInformation/><Objective><Name/><Description/><Identifier>_957db1d4-d984-11e3-9d2d-7cf70ef3b857</Identifier><SequenceIndicator/><Stakeholder><Name/><Description/></Stakeholder><OtherInformation/></Objective></Goal></StrategicPlanCore><AdministrativeInformation><StartDate/><EndDate/><PublicationDate>2014-05-11</PublicationDate><Source/><Submitter><FirstName>Owen</FirstName><LastName>Ambur</LastName><PhoneNumber/><EmailAddress>Owen.Ambur@verizon.net</EmailAddress></Submitter></AdministrativeInformation></StrategicPlan>