<?xml version="1.0" encoding="UTF-8"?>
<StrategicPlan xsi:schemaLocation="http://www.stratml.net  http://xml.gov/stratml/references/StrategicPlan.xsd" xmlns:xsi="http://www.w3.org/2001/XMLSchema-instance" xmlns="http://www.stratml.net"><Name>About AMT</Name><Description></Description><OtherInformation></OtherInformation><StrategicPlanCore><Organization><Name>Association For Manufacturing Technology</Name><Acronym>AMT</Acronym><Identifier>_37169100-249b-11e2-ab9f-ef2d51265526</Identifier><Description>Founded in 1902 and based in Virginia, the association specializes in providing targeted business assistance, extensive global support, and business intelligence systems and analysis. AMT is the voice that communicates the importance of policies and programs that encourage research and innovation, and the development of educational initiatives to create tomorrow&#8217;s Smartforce. AMT owns and manages IMTS -- The International Manufacturing Technology Show, which is the premier manufacturing technology event in North America.</Description><Stakeholder><Name>U.S.-Based Manufacturing Technology Designers</Name><Description>Those who design, build, sell, and service the continuously evolving technology that lies at the heart of manufacturing.</Description></Stakeholder><Stakeholder><Name>U.S.-Based Manufacturing Technology Builders</Name><Description></Description></Stakeholder><Stakeholder><Name>U.S.-Based Manufacturing Technology Sellers</Name><Description></Description></Stakeholder><Stakeholder><Name>U.S.-Based Manufacturing Technology Servicers</Name><Description></Description></Stakeholder><Stakeholder><Name>Manufacturing Technology Providers</Name><Description>Manufacturing technology provides the tools that turn raw materials into affordable quality goods. MT enables production and makes modern life possible.</Description></Stakeholder><Stakeholder><Name>AMT Members</Name><Description>Members design, build, sell, service, and support the spectrum of MT products.</Description></Stakeholder><Stakeholder><Name>AMT Committees &amp; Work Groups</Name><Description>The driving force behind AMT programs, products, and services, all guided by members.</Description></Stakeholder><Stakeholder><Name>Douglas K. Woods</Name><Description>President: 
Douglas K. Woods joined AMT as its President in April 2009. Mr. Woods has spearheaded the Manufacturing Mandate initiative on behalf of the Association to bring attention to the need to incentivize innovation and R&amp;D in new products and manufacturing technologies, improve global competitiveness, and build a better educated and trained &#8220;Smartforce.&#8221;

He also has been instrumental in building a better understanding between manufacturing technology builders and distributors that has led to the merger between AMT and AMTDA &#8211; The American Machine Tool Distributors&#8217; Association, and marks the beginning of a more powerful voice for the industry and an unparalleled scope of benefi ts for AMT&#8217;s members.

Prior to that, he held a number of executive positions at several machine tool companies, including President and CEO of Liberty Precision Industries, and President of Parlec Incorporated. He also held key management positions at Alliance Tool Corporation and its parent company, Cross &amp; Trecker.

Mr. Woods was AMT&#8217;s chairman of the Board of Directors in 2005-2006 and served on its Board of Directors from 2000-2008. Currently, he serves on the Board of Directors for the National Center for Defense Manufacturing &amp; Machining and the NAM Coalition of Manufacturing Associations. He was also active in the National Tooling &amp; Machining Association and in 1994 was named Ernst &amp; Young&#8217;s Entrepreneur of the Year for Manufacturing Turnarounds for the Upstate New York area. </Description></Stakeholder><Stakeholder><Name>Amber Thomas</Name><Description>Director - Advocacy: Amber Thomas joined AMT&#8217;s Advocacy Department in 1987 as a legislative analyst. In this role, Ms. Thomas helps AMT members build relationships with members of Congress and participate in the policy-making process. Through the years, she has gained invaluable experience working with elected officials, their staffs and various coalitions and organizations in Washington, DC promoting the interests of the manufacturing technology industry. She holds a degree in public service and economics from the Pennsylvania State University.</Description></Stakeholder><Stakeholder><Name>Jeffery H. Traver</Name><Description>Vice President - Business Development: Jeffery H. Traver has served as Vice President - Business Development since December 2007. Mr. Traver has 25 years experience leading and supporting business teams, nationally and internationally. This includes 13 years with GE, along with experience working for international firms such as K&#228;rcher, and investment groups such as the Harbour Group. He has both consumer and industrial products experience including the full scope of business activities from strategic planning, M&amp;A, product design, logistics, customer relations and sales, through production and delivery. Mr. Traver has held positions with manufacturing companies from design engineer to COO and has been responsible for organizations with up to 2,000 employees. * Assists members with business planning, industry contacts, customized research and consultations with industry experts. * Conducts Business Development Reviews: one-day program tailored for a member company. This is a highly interactive, consulting and brainstorming session aimed at development of a focused strategy for growth. * Provides web-based Market Penetration Guide: Focuses on the 20 countries that account more than 85 percent of the global machine tool business. This includes info on economic trends and forecast, technology needs, business culture, etc. * Leads trade missions to countries with significant market potential. * Assists in developing relationships with key embassies and consulates worldwide. * Provides information about specific International trade opportunities. * Staffs information booths and AMT/USA pavilions at major international trade shows.</Description></Stakeholder><Stakeholder><Name>Peter Eelman</Name><Description>Vice President - Exhibitions &amp; Communications: Peter Eelman has been with AMT for 14 years, and has been involved with the International Manufacturing Technology Show for more than 30 years, first as an exhibitor with Warner &amp; Swasey Co., later with Toyoda USA and then as a consultant. IMTS is the largest industrial trade show in North America and takes place in Chicago in even-numbered years. Mr. Eelman is on the Board of Directors of the Exhibitor Appointed Contractor Association and formerly served on the Board of Directors for the Trade Show Exhibitors Association. He is also a speaker with the International Association of Exhibitions and Events and serves on the Metropolitan Pier &amp; Exposition Authority Labor Council in Chicago. As the head of IMTS, Mr. Eelman is the key liaison with the Chicago Convention and Tourism Bureau, the Metropolitan Pier and Exposition Authority, McCormick Place and the various vendors, service providers and trade unions involved in the trade show process. He participated in the recent negotiation that led to historic labor and management reform in Chicago. In addition to IMTS, he also is prominently involved in international shows that take place in Asia, Europe, South America and elsewhere.</Description></Stakeholder><Stakeholder><Name>Linda Montfort</Name><Description>Vice President - Finance &amp; Human Resources: She has been with the association since 1992. In her role as vice president, Linda manages the activities, staff and output of the Finance &amp; Human Resources Department, in the areas of human resources, finance, IT, building management and fiscal responsibility. Linda&#8217;s previous positions with AMT include 4 years as Human Resources Manager and 7 years as Payroll/Benefits Manager. In addition to her BS in Finance from The Pennsylvania State University, Linda holds a Master&#8217;s degree in Organizational Management from the George Washington University. Prior to joining AMT, Linda worked as an accountant with Bankers Finance Investment Management Corporation.</Description></Stakeholder><Stakeholder><Name>Steve Lesnewich</Name><Description>Vice President - Industry Engagement: Steve Lesnewich has over 30 years of experience in the machine tool industry including positions in marketing, regional sales, sales and marketing and at the executive level at leading industry brands including Marubeni Citizen, SMW Systems, Doosan Infracor, Samsung, and the AMTDA.</Description></Stakeholder><Stakeholder><Name>Christine Rasul</Name><Description>Vice President - Meetings and Conferences: Christine T. Rasul is responsible for all global meetings, conferences, housing and events. Currently she serves on the Chicago Convention and Tourism Bureau Advisory Board and serves on several hotel advisory committees. Before joining AMT 20 years ago in the Information Technology Department, Ms. Rasul had her own manufacturing company in Trinidad. Her experience also includes international marketing, purchasing and negotiating.</Description></Stakeholder><Stakeholder><Name>Greg Jones</Name><Description>Vice President - Smartforce Development: In his role as Vice President - Smartforce Development, Greg Jones will be linking manufacturing and education to bring qualified career candidates into the industry, as well as improve the knowledge and skills of the existing workforce. Mr. Jones has served the machine tool/manufacturing industry for over twenty-five years by beginning his career in media and publishing.</Description></Stakeholder><Stakeholder><Name>Patrick McGibbon</Name><Description>Vice President - Strategic Information &amp; Research: As Vice President - Strategic Information &amp; Research, Patrick W. McGibbon oversees the production of benchmarking surveys for manufacturing technology, the development and maintenance of AMT members&#8217; market intelligence database. He leads a team of AMT analysts, research specialists and economists in providing analysis of the global manufacturing technology markets and producing the estimates of market activity in discrete product markets. Mr. McGibbon joined AMT in this role in 1992 after working at the U.S. Department of Commerce for five years. There he served as an industry analyst providing insight, trade agreements, trade shows and special trade promotion programs such as the U.S. - Japan Cooperation Program. The US-JCP was a market access program introduced to identify and overcome non-tariff barriers to U.S. exports to Japan. He mentored three of the 25 companies in the program which proved to be highly successful in providing those 25 companies access to the Japanese market and identifying obstacles for the U.S. and Japanese governments to resolve. Mr. McGibbon was the assistant director of the National Machine Tool Builders&#8217; Association (NMTBA) Statistical Department prior to joining the Commerce Department. NMTBA was the predecessor to AMT. He currently serves on the Industry Trade Advisory Committee on Automotive and Capital Goods issues (ITAC 2) as an advisor on international trade issues.</Description></Stakeholder><Stakeholder><Name>Paul Warndorf</Name><Description>Vice President - Manufacturing Technology: Paul R. Warndorf ... is responsible for activities related to research and development, standards, and review of machine tool industry technology needs. He serves on the National Fire Protection Association (NFPA 79) Committee and is past chairman of the U.S. Department of Commerce Materials Processing Equipment Technical Advisory Committee (MPETAC). He is also the administrator of the MTConnect&#174; Institute and serves on the Board of Directors for the Institute. Mr. Warndorf has diverse experience as technical director and manufacturing and engineering manager in corporate and government environments. His experience includes designing manufacturing systems, managing technical investigations, and creating development plans. His current work includes the management of the development of the MTConnect&#174; open standard for shop floor communication. * Assists members with a wide range of information and research activities on equipment, technical, and engineering matters. * Advises on technology trends, Research and Development (R&amp;D) opportunities and funding sources, etc. * Sponsors and participates in many advisory groups and committees to gather technical data and guide the research community in the promotion of manufacturing technology in the U.S. * Promotes and participates in the development of the MTConnect standard aimed at addressing interoperability issues in the collection of data from devices on the manufacturing floor. * Provides support to the development of international standards for machine tool products.</Description></Stakeholder><Stakeholder><Name>AMT Board of Directors</Name><Description></Description></Stakeholder><Stakeholder><Name>Timothy B. Dining</Name><Description>Co-Chairman of the Board -- President &amp; CEO, Greenerd Press &amp; Machine Company, Inc.</Description></Stakeholder><Stakeholder><Name>Ronald J. Mager</Name><Description>Co-Chairman of the Board -- President &amp; CEO, Machinery Systems, Inc.</Description></Stakeholder><Stakeholder><Name>R. Stephen Flynn</Name><Description>1st VICE CHAIRMAN AND TREASURER -- President, Optical Gaging Products, Inc.</Description></Stakeholder><Stakeholder><Name>Kevin J. Kilgallen</Name><Description>2nd VICE CHAIRMAN -- President, Mid Atlantic Machinery. Inc.</Description></Stakeholder><Stakeholder><Name>Brian J. Papke</Name><Description>SECRETARY -- President, Mazak Corporation</Description></Stakeholder><Stakeholder><Name>David J. Burns</Name><Description>DIRECTOR -- President &amp; COO, The ExOne Company, LLC</Description></Stakeholder><Stakeholder><Name>Ronald S. Karaisz</Name><Description>DIRECTOR -- President KAR Enterprises, Inc.</Description></Stakeholder><Stakeholder><Name>Lee B. Morris</Name><Description>DIRECTOR -- CEO and Chairman, The Morris Group</Description></Stakeholder><Stakeholder><Name>Michael Powell</Name><Description>DIRECTOR -- President, Master WorkHolding, Inc.</Description></Stakeholder><Stakeholder><Name>Carl Reed</Name><Description>DIRECTOR -- President &amp; CEO, Abbott Workholding Products</Description></Stakeholder><Stakeholder><Name>Jerry Rex</Name><Description>DIRECTOR -- President, Morris South, LLC, A Morris Group Company</Description></Stakeholder><Stakeholder><Name>Larry G. Schwartz</Name><Description>DIRECTOR -- Executive Consultant, Okuma America Corporation</Description></Stakeholder><Stakeholder><Name>Richard L. Simons</Name><Description>DIRECTOR -- Chairman, President &amp; CEO, Hardinge Inc.</Description></Stakeholder><Stakeholder><Name>Steven R. Stokey</Name><Description>DIRECTOR -- Executive Vice President, Allied Machine &amp; Engineering Corp.</Description></Stakeholder><Stakeholder><Name>Eugene R. Haffely, Jr. PE</Name><Description>EX-OFFICIO: Past Chairman - AMT</Description></Stakeholder><Stakeholder><Name>Daniel D. Janka</Name><Description>EX-OFFICIO: President, MAG Global</Description></Stakeholder><Stakeholder><Name>Additive Manufacturing Group (AMG)</Name><Description>The Additive Manufacturing Group (AMG) brings together AMT members involved with building and selling additive manufacturing equipment and materials. AMT&#8217;s Additive Manufacturing Group will: * provide a forum for member companies concerning market conditions, business intelligence, and industry development; * collectively address technical concerns on export control issues as related to its interests; * work towards developing and expanding services that best meet the needs of its members, enhancing their profitability and competitiveness; * leverage and create networking opportunities; and * provide information and overviews of ongoing and developing research. This group will work toward creating greater visibility for the products of its membership and increased usage of the technology by the manufacturing industry. For more information, please contact Jeff Traver, AMT Vice President, Business Development.</Description></Stakeholder><Stakeholder><Name>Advanced Workholding Technology (AWT) Group &amp; Committee</Name><Description>AWT - Advanced Workholding Technology Group The Advanced Workholding Technology (AWT) group is devoted to: * Developing and implementing programs to increase communication within the workholding industry, end users and with machine tool builders * Working with established organizations in the development of engineering standards and to improve product safety * Accessing engineering and sales data pertinent to workholding design and manufacturing. Participation in the group provides an excellent way to meet and communicate with industry peers and to promote programs for increasing communication among machine builders, users and workholding builders/suppliers. (Formerly Workholding Product Group - WPG)</Description></Stakeholder><Stakeholder><Name>Advocacy Committee</Name><Description>Members of the Advocacy Committee work with staff and members of Congress and the Administration in support of issues important to manufacturing technology. They work to positively influence issues relating to international economic policy, technology policy, tax and budget policy, and legal and regulatory reform.</Description></Stakeholder><Stakeholder><Name>Carl Reed</Name><Description>CHAIRMAN of the Advocacy Committee -- President/CEO, Abbott Workholding Products</Description></Stakeholder><Stakeholder><Name>Michael P. Cayley, Sr.</Name><Description>Advocacy Committee Member -- President, MIDACO Corp.</Description></Stakeholder><Stakeholder><Name>Jesse Levine</Name><Description>Advocacy Committee Member -- CFO, Atlas Technologies, Inc.</Description></Stakeholder><Stakeholder><Name>Krestine Corbin</Name><Description>Advocacy Committee Member -- Chairman, President &amp; CEO, Sierra Machinery, Inc.</Description></Stakeholder><Stakeholder><Name>John Memmelaar, Sr.</Name><Description>Advocacy Committee Member -- President, Royal Master Grinders, Inc.</Description></Stakeholder><Stakeholder><Name>Doug Currie</Name><Description>Advocacy Committee Member -- President, Erie Press Systems</Description></Stakeholder><Stakeholder><Name>Larry G. Schwartz</Name><Description>Advocacy Committee Member -- President and COO, Okuma America Corp.</Description></Stakeholder><Stakeholder><Name>Richard J. Huss</Name><Description>Advocacy Committee Member -- President &amp; CEO, Festo Corporation</Description></Stakeholder><Stakeholder><Name>Steven R. Stokey</Name><Description>Advocacy Committee Member -- Executive VP &amp; Owner, Allied Machine &amp; Engr Corp.</Description></Stakeholder><Stakeholder><Name>Brad Lawton</Name><Description>Advocacy Committee Member -- President, Star Cutter Company</Description></Stakeholder><Stakeholder><Name>Timothy W. Sweny</Name><Description>Advocacy Committee Member -- Co-President, Modern Inustries, Inc.</Description></Stakeholder><Stakeholder><Name>Douglas K. Woods</Name><Description>Advocacy Committee Staff Liaison: President, AMT - The Association For Mfg Technology</Description></Stakeholder><Stakeholder><Name>Custom Automated Systems Group &amp; Committee (CASG)</Name><Description>The Custom Automated Systems Group (CASG) serves the interests of companies that produce assembly and test systems, material removal systems, and material forming and joining systems. The mission of CASG is to provide products and services that help improve customer service and business operations of companies in this niche. CASG participants have opportunities to communicate with other companies in this niche that share the same issues and to positively influence the group's programs and services. The group constantly seeks to improve existing AMT programs and to develop new ones.</Description></Stakeholder><Stakeholder><Name>Tom Kramer</Name><Description>CHAIRMAN of the Custom Automated Systems Group &amp; Committee -- President, sortimat Technology L.P.</Description></Stakeholder><Stakeholder><Name>Bill Budde</Name><Description>Member of the Custom Automated Systems Group &amp; Committee -- Regional Director - Corporate Bus.Dev., ATS - Assembly &amp; Test Worldwide</Description></Stakeholder><Stakeholder><Name>Joseph Jones</Name><Description>Member of the Custom Automated Systems Group &amp; Committee -- Director - Renewable Energy, MAG IAS.LLC</Description></Stakeholder><Stakeholder><Name>Rick Blake</Name><Description>Member of the Custom Automated Systems Group &amp; Committee -- President, Edgewater Automation, LLC</Description></Stakeholder><Stakeholder><Name>Ronald Karaisz, II</Name><Description>Member of the Custom Automated Systems Group &amp; Committee -- President, Novi Precision Products, Inc.</Description></Stakeholder><Stakeholder><Name>Eugene Bressler</Name><Description>Member of the Custom Automated Systems Group &amp; Committee -- Vice President, Automation Tool Company</Description></Stakeholder><Stakeholder><Name>Robert E. Kaufman</Name><Description>Member of the Custom Automated Systems Group &amp; Committee -- President, Kaufman Mfg. Co.</Description></Stakeholder><Stakeholder><Name>Kenneth Dragotta</Name><Description>Member of the Custom Automated Systems Group &amp; Committee -- President &amp; CEO, Systems Engineering &amp; Automation Corp.</Description></Stakeholder><Stakeholder><Name>Wesley Koops</Name><Description>Member of the Custom Automated Systems Group &amp; Committee -- President, Koops, Inc.</Description></Stakeholder><Stakeholder><Name>Malcolm S. Mason</Name><Description>Custom Automated Systems Group &amp; Committee Staff Liaison: Business Development Director, AMT - The Association For Mfg Technology</Description></Stakeholder><Stakeholder><Name>Cutting Tool Product Group &amp; Committee (CTPG)</Name><Description>The mission of the Cutting Tool Product Group is to develop services and statistical reporting for this segment of the industry that will meet its unique needs, enhance the profitability and competitiveness of its members, and assist this segment to better service its customer base. This is accomplished by creating networking opportunities for members and by disseminating information about the industry, including specific statistics, worldwide competitive information, and the development of promotional initiatives. The committee includes three sub-committees, focused respectively on Events/Conferences, Statistics, and Technology. For more information, please contact the AMT Staff Liaison &#8211; Jeff Traver, Vice President &#8211; Business Development</Description></Stakeholder><Stakeholder><Name>Bradley Lawton</Name><Description>CHAIRMAN of the Cutting Tool Product Group &amp; Committee -- President, Star Cutter Company</Description></Stakeholder><Stakeholder><Name>Angela Brancazio</Name><Description>Cutting Tool Product Group &amp; Committee Member -- Global Manager Enterprise Intelligence Analyst, Kennametal Inc.</Description></Stakeholder><Stakeholder><Name>Jack Burley</Name><Description>Cutting Tool Product Group &amp; Committee Member -- VP, Sales &amp; Engineering, BIG Kaiser Precision Tooling Inc.</Description></Stakeholder><Stakeholder><Name>Dave Fray</Name><Description>Cutting Tool Product Group &amp; Committee Member -- Business Analyst, KOMET of America, Inc.</Description></Stakeholder><Stakeholder><Name>Warren Garfield</Name><Description>Cutting Tool Product Group &amp; Committee Member -- Plant Superintendent, Lovejoy Tool Company, Inc.</Description></Stakeholder><Stakeholder><Name>Francois Gau</Name><Description>Cutting Tool Product Group &amp; Committee Member -- Director, Global Segment Leadership, Kennametal Inc.</Description></Stakeholder><Stakeholder><Name>Dr. Hans Grandin</Name><Description>Cutting Tool Product Group &amp; Committee Member -- President, KOMET of America, Inc.</Description></Stakeholder><Stakeholder><Name>Steve Hartenberger</Name><Description>Cutting Tool Product Group &amp; Committee Member -- Vice President, Sales, Gleason Cutting Tools Corporation</Description></Stakeholder><Stakeholder><Name>David Hartman</Name><Description>Cutting Tool Product Group &amp; Committee Member -- Product Manager, Rotating Products, Parlec Inc.</Description></Stakeholder><Stakeholder><Name>Robert Hellinger</Name><Description>Cutting Tool Product Group &amp; Committee Member -- National Sales Manager - Standards, Guhring, Inc.</Description></Stakeholder><Stakeholder><Name>Robert Hill</Name><Description>Cutting Tool Product Group &amp; Committee Member -- President, M.A. Ford Mfg. Co. Inc.</Description></Stakeholder><Stakeholder><Name>John Jacobsen</Name><Description>Cutting Tool Product Group &amp; Committee Member -- Director of Education, Sandvik Coromant Co.</Description></Stakeholder><Stakeholder><Name>Costikyan Jarvis</Name><Description>Cutting Tool Product Group &amp; Committee Member -- Chief Operating Officer, Jarvis Cutting Tools</Description></Stakeholder><Stakeholder><Name>Scott Johnson</Name><Description>Cutting Tool Product Group &amp; Committee Member -- Business Information Administrator, Seco Tools Inc</Description></Stakeholder><Stakeholder><Name>Lola Judy</Name><Description>Cutting Tool Product Group &amp; Committee Member -- Marketing Specialist, Cinetic Landis Corp.</Description></Stakeholder><Stakeholder><Name>Christoph Kaiser</Name><Description>Cutting Tool Product Group &amp; Committee Member -- President &amp; COO, BIG Kaiser Precision Tooling Inc.</Description></Stakeholder><Stakeholder><Name>John Leone</Name><Description>Cutting Tool Product Group &amp; Committee Member -- Director, Sales &amp; Marketing, Cinetic Landis Corp.</Description></Stakeholder><Stakeholder><Name>Keith Liston</Name><Description>Cutting Tool Product Group &amp; Committee Member -- Vice President, Sales, Gleason Cutting Tools Corporation</Description></Stakeholder><Stakeholder><Name>Brian Norris</Name><Description>Cutting Tool Product Group &amp; Committee Member -- VP, Marketing &amp; Business Development, Sandvik Coromant Company</Description></Stakeholder><Stakeholder><Name>Luciano Novacco</Name><Description>Cutting Tool Product Group &amp; Committee Member -- Director of Sales, Seco Tools Inc.</Description></Stakeholder><Stakeholder><Name>Donato Pigno</Name><Description>Cutting Tool Product Group &amp; Committee Member -- Manager, Marketing &amp; Product Management, KOMET of America, Inc.</Description></Stakeholder><Stakeholder><Name>Mike Ramsey</Name><Description>Cutting Tool Product Group &amp; Committee Member -- VP Global MTI Sales, Kennametal, Inc.</Description></Stakeholder><Stakeholder><Name>Dave Stonesifer</Name><Description>Cutting Tool Product Group &amp; Committee Member -- Sales Manager, BIG Kaiser Precision Tooling Inc.</Description></Stakeholder><Stakeholder><Name>Michael Sweeney</Name><Description>Cutting Tool Product Group &amp; Committee Member -- Vice President - Consumables Group, Cinetic Landis Corp.</Description></Stakeholder><Stakeholder><Name>Robert Wahlstrom</Name><Description>Cutting Tool Product Group &amp; Committee Member -- President &amp; COO, Criterion Machine Works</Description></Stakeholder><Stakeholder><Name>Jeff Traver</Name><Description>Cutting Tool Product Group &amp; Committee Staff Liaison: VP - Business Development, AMT - The Association For Mfg Technology</Description></Stakeholder><Stakeholder><Name>Distribution Working Group</Name><Description>The Distribution Working Group (DWG) provides a forum to AMT members whose companies focus on the sales &amp; service of manufacturing technology. The purpose of the forum is to create and provide products and services which help its members to better serve their customers and improve the operation of their business. The DWG&#8217;s committee meets through conference calls, webinars, and in person each year to provide staff direction in creating services and produces an annual conference each Fall.</Description></Stakeholder><Stakeholder><Name>Ralph H. Hegman</Name><Description>Chairman of the Distribution Working Group -- President, Hegman Machine Tool, Inc.</Description></Stakeholder><Stakeholder><Name>Peter J. Addy, CMTSE</Name><Description>Distribution Working Group Member -- President, Addy Machinery Company, Inc.</Description></Stakeholder><Stakeholder><Name>Jack R. Butts, CMTSE</Name><Description>Distribution Working Group Member -- President, Associated Machine Tool Technologies, Inc.</Description></Stakeholder><Stakeholder><Name>Peter J. Klier</Name><Description>Distribution Working Group Member -- Vice President, Brooks Associates, Inc.</Description></Stakeholder><Stakeholder><Name>Dennis J. Leonard, CMTSE</Name><Description>Distribution Working Group Member -- President, AME, Inc.</Description></Stakeholder><Stakeholder><Name>Mark McClain</Name><Description>Distribution Working Group Member -- President, McClain Tool &amp; Technology, Inc.</Description></Stakeholder><Stakeholder><Name>Bradley R. Morris</Name><Description>Distribution Working Group Member -- President, Morris Group, Inc.</Description></Stakeholder><Stakeholder><Name>Brooke Sykes, Jr. CMTSE</Name><Description>Distribution Working Group Member -- President, Ellison Technologies Tennessee</Description></Stakeholder><Stakeholder><Name>Bruce R. Yeager</Name><Description>Distribution Working Group Member -- President, Allegheny Machine Tool Systems</Description></Stakeholder><Stakeholder><Name>Steve Lesnewich</Name><Description>Distribution Working Group Staff Liaison -- Vice President - Industry Engagement, AMT</Description></Stakeholder><Stakeholder><Name>Economics and Statistics Committee</Name><Description>The committee oversees the development of market intelligence products and services provided by AMT's Strategic Information and Research department and assists in educating members on the integration of this data in their business plans.</Description></Stakeholder><Stakeholder><Name>Chris Stine</Name><Description>CHAIRMAN Economics and Statistics Committee -- Executive Vice President, Morris Group, Inc.</Description></Stakeholder><Stakeholder><Name>Dick Albert</Name><Description>Economics and Statistics Committee Member -- Beta Tester, Gosiger, Inc.</Description></Stakeholder><Stakeholder><Name>Christy Lincoln</Name><Description>Economics and Statistics Committee Member -- Corporate Marketing Manager, United Grinding Technologies Inc.</Description></Stakeholder><Stakeholder><Name>Paula C. Ameigh</Name><Description>Economics and Statistics Committee Member -- Director, Marketing &amp; Customer Services, Hardinge Inc.</Description></Stakeholder><Stakeholder><Name>Ernest L. Long, CMTSE</Name><Description>Economics and Statistics Committee Member -- Senior Manager, Inside Sales, Okuma America Corporation</Description></Stakeholder><Stakeholder><Name>David Barned</Name><Description>Economics and Statistics Committee Member -- Director, Global Marketing, Master Chemical Corporation</Description></Stakeholder><Stakeholder><Name>Albert W. Miller, Jr.</Name><Description>Economics and Statistics Committee Member -- President, A.W. Miller Technical Sales, Inc.</Description></Stakeholder><Stakeholder><Name>Charles R. Birkle</Name><Description>Economics and Statistics Committee Member -- Marketing V.P. of Cybertec Division, Mazak Corporation</Description></Stakeholder><Stakeholder><Name>Brian Norris</Name><Description>Economics and Statistics Committee Member -- VP Marketing, Sandvik Coromant Company</Description></Stakeholder><Stakeholder><Name>John J. Crean</Name><Description>Economics and Statistics Committee Member -- National Sales Manager, Doosan Infracore Machine Tool Division</Description></Stakeholder><Stakeholder><Name>Mark G. Rentschler</Name><Description>Economics and Statistics Committee Member -- Marketing Manager, Makino Inc.</Description></Stakeholder><Stakeholder><Name>Alan R. Finegan</Name><Description>Economics and Statistics Committee Member -- Director of Marketing, Gleason Corporation</Description></Stakeholder><Stakeholder><Name>Jonathan D. Towner</Name><Description>Economics and Statistics Committee Member -- Business Intelligence Manager - Americas, MAG IAS, LLC</Description></Stakeholder><Stakeholder><Name>Robert Goossens</Name><Description>Economics and Statistics Committee Member -- V.P. Corporate Services &amp; Systems, Ellison Technologies - So. California</Description></Stakeholder><Stakeholder><Name>Timothy B. Dining</Name><Description>Economics and Statistics Committee Member -- Board Liaison -- President &amp; CEO, Greenerd Press &amp; Machine Company</Description></Stakeholder><Stakeholder><Name>Patrick W. McGibbon</Name><Description>Economics and Statistics Committee Staff Liaison: VP - Strategic Information &amp; Research, AMT - The Association For Mfg Technology</Description></Stakeholder><Stakeholder><Name>Global Marketing and Sales Committee</Name><Description>Providing expertise and guidance to enhance global marketing and sales resources and skills, the Global Marketing and Sales Committee also assesses and recommends programs that assist AMT members in accessing emerging global markets and enhancing sales in mature markets. Committee participation is both challenging and beneficial, broadening each committee member&#8217;s perspective and providing in-depth understanding of the extent of AMT&#8217;s resources and how to access them. The combination of contributing as well as learning makes for a rewarding, personal experience.</Description></Stakeholder><Stakeholder><Name>James McEachen</Name><Description>Global Marketing and Sales Committee CHAIRMAN -- Chief Executive Officer, Cleaning Technologies Group</Description></Stakeholder><Stakeholder><Name>Charles N. Clark</Name><Description>Global Marketing and Sales Committee BOARD REPRESENTATIVE -- Division President, Dukane Corp. - I.A.S. Division</Description></Stakeholder><Stakeholder><Name>L. Knox Johnstone</Name><Description>Global Marketing and Sales Committee STAFF LIAISON -- Business Development Director, AMT</Description></Stakeholder><Stakeholder><Name>William Beattie</Name><Description>Global Marketing and Sales Committee Member -- President, Bardons &amp; Oliver, Inc.</Description></Stakeholder><Stakeholder><Name>Thomas E. Dustman</Name><Description>Global Marketing and Sales Committee Member -- International Sales Director, Sunnen Products Company</Description></Stakeholder><Stakeholder><Name>Lawrence Murray</Name><Description>Global Marketing and Sales Committee Member -- International Marketing Director, Jergens, Inc.</Description></Stakeholder><Stakeholder><Name>Edward L. Boggs, III</Name><Description>Global Marketing and Sales Committee Member -- Executive VP, Sales &amp; Marketing, SGS Tool Company</Description></Stakeholder><Stakeholder><Name>Anthony S. Goddard</Name><Description>Global Marketing and Sales Committee Member -- Executive VP and COO, Gemcor</Description></Stakeholder><Stakeholder><Name>Paul Ricard</Name><Description>Global Marketing and Sales Committee Member -- President, DP Technology Corp./ESPRIT</Description></Stakeholder><Stakeholder><Name>Diane Cedarberg</Name><Description>Global Marketing and Sales Committee Member -- Marketing Manager, Milltronics Manufacturing Company</Description></Stakeholder><Stakeholder><Name>Stephen Griffin</Name><Description>Global Marketing and Sales Committee Member -- President, Engis Corporation</Description></Stakeholder><Stakeholder><Name>Richard J. Risotti</Name><Description>Global Marketing and Sales Committee Member -- VP Global Sales, Kinefac Group</Description></Stakeholder><Stakeholder><Name>Dr. John B. Cheung</Name><Description>Global Marketing and Sales Committee Member -- Chief Executive Officer, OMAX Corporation</Description></Stakeholder><Stakeholder><Name>Steve Harris</Name><Description>Global Marketing and Sales Committee Member -- President/CEO, Micro-Poise Measurements Systems, LLC</Description></Stakeholder><Stakeholder><Name>Timothy G. Shuttleworth</Name><Description>Global Marketing and Sales Committee Member -- President and CEO, Eriez Magnetics</Description></Stakeholder><Stakeholder><Name>Jeff Clark</Name><Description>Global Marketing and Sales Committee Member -- President, Setco</Description></Stakeholder><Stakeholder><Name>Bradley W. Lindeblad</Name><Description>Global Marketing and Sales Committee Member -- VP of IPS Sales &amp; Marketing, Ingersoll Production Systems</Description></Stakeholder><Stakeholder><Name>James L. Vosmik</Name><Description>Global Marketing and Sales Committee Member -- President, Drake Manufacturing Services Co.</Description></Stakeholder><Stakeholder><Name>John Donlon</Name><Description>Global Marketing and Sales Committee Member -- Executive VP, Worldwide Sales &amp; Service, Hurco Companies, Inc.</Description></Stakeholder><Stakeholder><Name>Detlef Mieth</Name><Description>Global Marketing and Sales Committee Member -- President, Hoffmann Filter Corp.</Description></Stakeholder><Stakeholder><Name>Global Service Committee</Name><Description>The Global Service Committee provides expertise and guidance to enhance global service resources and skills. Committee participation is both challenging and beneficial, broadening each committee member&#8217;s perspective and providing in-depth understanding of the extent of AMT&#8217;s resources and how to access them. The combination of contributing as well as learning makes for a rewarding personal experience.</Description></Stakeholder><Stakeholder><Name>Gerald R. Adamski</Name><Description>Global Service Committee CHAIRMAN -- Director, Global Customer Service, Gleason Corporation</Description></Stakeholder><Stakeholder><Name>Mario C. Winterstein</Name><Description>Global Service Committee Staff Liaison -- Business Development Director, AMT - The Association For Manufacturing Technology</Description></Stakeholder><Stakeholder><Name>Ira Busman</Name><Description>Global Service Committee Member -- Vice President, Customer Service, Okuma America Corporation</Description></Stakeholder><Stakeholder><Name>Mark Doyle</Name><Description>Global Service Committee Member -- Vice President Sales, I-Gear Online, LLC</Description></Stakeholder><Stakeholder><Name>Kenneth G. Fitch</Name><Description>Global Service Committee Member -- Service Manager, CHIRON America, Inc.</Description></Stakeholder><Stakeholder><Name>Ruben Pacheco</Name><Description>Global Service Committee Member -- Service Manager, Diplex Therman Solutions</Description></Stakeholder><Stakeholder><Name>Michael Townsend</Name><Description>Global Service Committee Member -- Operations Manager, Adcole Corporation</Description></Stakeholder><Stakeholder><Name>Mike Taylor</Name><Description>Global Service Committee Member -- Engineering Support Manager, Gorbel Inc.</Description></Stakeholder><Stakeholder><Name>Greg Westrick</Name><Description>Global Service Committee Member -- North American Customer Service Manager, Mazak Corporation</Description></Stakeholder><Stakeholder><Name>Global Technology Advisory Board</Name><Description>The AMT membership is continually seeking innovative methods to stay ahead of the curve on new manufacturing techniques, technologies and customer requirements. The Global Technology Advisory Board is a key source of ideas and information. The role of the Board is to: * Identify and discuss global manufacturing production trends * Identify technology issues impacting manufacturing productivity * Identify and forecast common global end-user manufacturing technology needs * Discuss and identify technology enablers requiring commercialization * Assist in the identification of R&amp;D programs addressing the above identified technology needs Ideas generated by the Advisory Board have been published as &quot;Trends in Manufacturing&quot; and will also be used as the basis for updating AMT's &quot;Technology Roadmap for the Machine Tool Industry.&quot; Members of the Advisory Board include representatives from: * Alcoa Technology * Caterpillar Inc. * General Dynamics - OTS * General Motors Corporation * National Center for Defense Manufacturing &amp; Machining (NCDMM) * National Center for Manufacturing Sciences * Pratt &amp; Whitney, Canada * Remmele Engineering Inc. * Sikorsky Innovations - Sikorsky Aircraft Corp. * Southern Manufacturing Technologies, Inc. * The Timken Company * University of North Carolina @ Charlotte * U.S. Army Research Lab</Description></Stakeholder><Stakeholder><Name>Paul Warndorf</Name><Description>Global Technology Advisory Board Staff Liaison -- V.P.-Manufacturing Technology</Description></Stakeholder><Stakeholder><Name>Alcoa Technology</Name><Description>Represented on the Global Technology Advisory Board</Description></Stakeholder><Stakeholder><Name>Caterpillar Inc.</Name><Description>Represented on the Global Technology Advisory Board</Description></Stakeholder><Stakeholder><Name>General Dynamics - OTS</Name><Description>Represented on the Global Technology Advisory Board</Description></Stakeholder><Stakeholder><Name>General Motors Corporation</Name><Description>Represented on the Global Technology Advisory Board</Description></Stakeholder><Stakeholder><Name>National Center for Defense Manufacturing &amp; Machining (NCDMM)</Name><Description>Represented on the Global Technology Advisory Board</Description></Stakeholder><Stakeholder><Name>National Center for Manufacturing Sciences</Name><Description>Represented on the Global Technology Advisory Board</Description></Stakeholder><Stakeholder><Name>Pratt &amp; Whitney, Canada</Name><Description>Represented on the Global Technology Advisory Board</Description></Stakeholder><Stakeholder><Name>Remmele Engineering Inc.</Name><Description>Represented on the Global Technology Advisory Board</Description></Stakeholder><Stakeholder><Name>Sikorsky Innovations - Sikorsky Aircraft Corp.</Name><Description>Represented on the Global Technology Advisory Board</Description></Stakeholder><Stakeholder><Name>Southern Manufacturing Technologies, Inc.</Name><Description>Represented on the Global Technology Advisory Board</Description></Stakeholder><Stakeholder><Name>The Timken Company</Name><Description>Represented on the Global Technology Advisory Board</Description></Stakeholder><Stakeholder><Name>University of North Carolina @ Charlotte</Name><Description>Represented on the Global Technology Advisory Board</Description></Stakeholder><Stakeholder><Name>U.S. Army Research Lab</Name><Description>Represented on the Global Technology Advisory Board</Description></Stakeholder><Stakeholder><Name>Show Committee</Name><Description>The committee advises AMT on the policies, organization, planning, promotion and operations for this biennial show, and is responsible for guiding critical show activities, including: promotion, exhibitor services, contractor selection, registration, housing, transportation, rules, space allocations and more. Participation in the committee provides the opportunity to assist in formulating IMTS policies and procedures, in recommending and evaluating improvements in show operations, and in providing input on attendance promotion efforts.</Description></Stakeholder><Stakeholder><Name>Dana Super</Name><Description>Show Committee CHAIRMAN -- Marketing Manager, DMG/Mori Seiki USA, Inc.</Description></Stakeholder><Stakeholder><Name>Peter R. Eelman</Name><Description>Show Committee Staff Liaison -- Vice President - Exhibitions, AMT - The Association For Mfg Technology</Description></Stakeholder><Stakeholder><Name>Yvonne Anderson</Name><Description>Show Committee Member -- MarCom Manager, Gibbs and Associates</Description></Stakeholder><Stakeholder><Name>Susan A. Bartholomew</Name><Description>Show Committee Member -- Marketing Mgr, North America, ESAB Welding &amp; Cutting Products</Description></Stakeholder><Stakeholder><Name>Michael Burns</Name><Description>Show Committee Member -- President, TECHNI Waterjet</Description></Stakeholder><Stakeholder><Name>Robert Davis</Name><Description>Show Committee Member -- Global Communications Manager, Sunnen Products Company</Description></Stakeholder><Stakeholder><Name>Gary Downs</Name><Description>Show Committee Member -- President, SMW AUTOBLOK Corporation</Description></Stakeholder><Stakeholder><Name>Alan Huber</Name><Description>Show Committee Member -- National Applications Manager, Mazak Corporation</Description></Stakeholder><Stakeholder><Name>Christoph K. Kaiser</Name><Description>Show Committee Member -- President/COO, BIG Kaiser Precision Tooling Inc.</Description></Stakeholder><Stakeholder><Name>Gisbert Ledvon</Name><Description>Show Committee Member -- Business Development Manager, Agie Charmilles</Description></Stakeholder><Stakeholder><Name>Mark Logan</Name><Description>Show Committee Member -- VP Business Development and Marketing, MAG Americas</Description></Stakeholder><Stakeholder><Name>Fred Mason</Name><Description>Show Committee Member -- VP Marketing Communications, Quality Vision International (QVI)</Description></Stakeholder><Stakeholder><Name>John Memmelaar, Jr.</Name><Description>Show Committee Member -- Vice President, Royal Master Grinders</Description></Stakeholder><Stakeholder><Name>John Ross</Name><Description>Show Committee Member -- Marketing Manager, Doosan Infracore America Corp &amp; Eng Center</Description></Stakeholder><Stakeholder><Name>Jennifer Taylor</Name><Description>Show Committee Member -- Sales &amp; Marketing Administrator, ROFIN-SINAR, Inc.</Description></Stakeholder><Stakeholder><Name>Smartforce Development Committee</Name><Description>The Smartforce Development Committee will establish policy and direction for AMT that will allow our industry to work with educators to assure that funding and programs are available to sufficiently educate young people in Science, Technology, Engineering, and Mathematics (STEM) so that a consistent flow of qualified, skilled, critical thinking individuals are attracted to seek careers in manufacturing. Smartforce development is an important component of the AMT Manufacturing Mandate. We are currently seeking AMT members to join the Smartforce Development Committee. Members will have a passion for and experience in implementing best-of-breed education and training programs at their companies and in their communities. For more information about participating, please contact Greg Jones, Vice President - Smartforce Development</Description></Stakeholder><Stakeholder><Name>Greg Jones</Name><Description>Vice President - Smartforce Development</Description></Stakeholder><Stakeholder><Name>Technology Issues Committee</Name><Description>The committee reviews and periodically updates the &quot;Technology Roadmap for the Machine Tool Industry&quot; publication, to ensure that the current needs of users are recorded as an aid in the product development process. The committee also assists AMT staff in establishing positions on technical issues related to the Export Administration Act so that lists of controlled products will not become burdensome and outdated. Committee participation provides the opportunity for firsthand exposure to current projects and ongoing work related to manufacturing equipment technology. Participants also assist in guiding AMT activities with respect to technical issues and in providing recommended priorities for action. Committee meetings provide a forum for dialogue with engineers in the industry or from universities and laboratories.</Description></Stakeholder><Stakeholder><Name>Scott C. Hibbard</Name><Description>Technology Issues Committee Chairman -- Vice President of Technology, Bosch Rexroth - Electric Drives &amp; Cntrls</Description></Stakeholder><Stakeholder><Name>Tim Shinbara</Name><Description>Technology Issues Committee Staff Liaison -- Director-Technology AMT - The Association For Manufacturing Technology</Description></Stakeholder><Stakeholder><Name>Bruce Dibble</Name><Description>Technology Issues Committee Member -- Director North American Sales, Schmitt Industries Inc.</Description></Stakeholder><Stakeholder><Name>Patrick J. Harrington</Name><Description>Technology Issues Committee Member -- Vice President, CNC Engineering, Inc.</Description></Stakeholder><Stakeholder><Name>Ron Pieper</Name><Description>Technology Issues Committee Member -- Program Director, TechSolve, Inc.</Description></Stakeholder><Stakeholder><Name>Russell Reinhart</Name><Description>Technology Issues Committee Member -- Technical Director, Sandvik Coromant Company</Description></Stakeholder><Stakeholder><Name>Craig R. Ronald</Name><Description>Technology Issues Committee Member -- Director, New Product Development, The Gleason Works</Description></Stakeholder><Stakeholder><Name>Richard Sanders</Name><Description>Technology Issues Committee Member -- Systems Engineering Manager, Drake Manufacturing Services Co.</Description></Stakeholder><Stakeholder><Name>Terry Sheehan</Name><Description>Technology Issues Committee Member -- Research Engineer, Hardinge Inc.</Description></Stakeholder><Stakeholder><Name>Dr. John P. Snyder</Name><Description>Technology Issues Committee Member -- Senior Mechanical Engineer, U.S. Army ARDEC</Description></Stakeholder><Stakeholder><Name>Athulan Vijayaraghavan</Name><Description>Technology Issues Committee Member -- CTO, System insights, Inc.</Description></Stakeholder><Stakeholder><Name>Jason Walter</Name><Description>Technology Issues Committee Member -- Plant Manager, Elk Rapids Engineering</Description></Stakeholder><Stakeholder><Name>Doug Watts</Name><Description>Technology Issues Committee Member -- Chief Technical Officer, MAG Powertrain-Port Huron</Description></Stakeholder><Stakeholder><Name>John Wilczynski</Name><Description>Technology Issues Committee Member -- Program Manager, National Center for Defense Manufacturing &amp; Machining</Description></Stakeholder><Stakeholder><Name>Transplant Business Development Group (TBDG)</Name><Description>The Transplant Business Development Group develops activities to help AMT members better access the transplant companies (New Domestics) in North America. The Group will develop several initiatives from trade missions to promotional events, dedicated to educating members on how to address this market segment and to enhancing the perception these transplant companies have about U.S. builders of manufacturing technology equipment and services. For more information, please contact Mario Winterstein</Description></Stakeholder><Stakeholder><Name>David E. McMannes</Name><Description>Transplant Business Development Group CHAIRMAN -- Sales Manager, Mayfran International</Description></Stakeholder><Stakeholder><Name>Mario Winterstein</Name><Description>Transplant Business Development Group Staff Liaison -- Business Development Director, AMT - The Association For Mfg Technology</Description></Stakeholder><Stakeholder><Name>Nicholas Karaisz</Name><Description>Transplant Business Development Group Member -- Regional Sales, Novi Precision Products, Inc.</Description></Stakeholder><Stakeholder><Name>James B. Koroskenyi</Name><Description>Transplant Business Development Group Member -- Manager, TEM COE, Kennametal Extrude Hone</Description></Stakeholder><Stakeholder><Name>Raymond Laflamme</Name><Description>Transplant Business Development Group Member -- Worldwide Automotive Mrktg Mgr, Dukane Corporation</Description></Stakeholder><Stakeholder><Name>Bernd R. Walter</Name><Description>Transplant Business Development Group Member -- President, Creative Automation, Inc.</Description></Stakeholder><Stakeholder><Name>Eric Weber</Name><Description>Transplant Business Development Group Member -- Vice President, Positrol Workholding</Description></Stakeholder><Stakeholder><Name>Kevin Wigington</Name><Description>Transplant Business Development Group Member -- General Manager, Murata Machinery USA, Inc.</Description></Stakeholder></Organization><Vision><Description></Description><Identifier>_371694fc-249b-11e2-ab9f-ef2d51265526</Identifier></Vision><Mission><Description>To represent and promote U.S.-based manufacturing technology and its members ...</Description><Identifier>_3716975e-249b-11e2-ab9f-ef2d51265526</Identifier></Mission><Value><Name></Name><Description></Description></Value><Goal><Name>IMTS</Name><Description>Manage the International Manufacturing Technology Show.</Description><Identifier>_37169934-249b-11e2-ab9f-ef2d51265526</Identifier><SequenceIndicator>1</SequenceIndicator><Stakeholder><Name></Name><Description></Description></Stakeholder><OtherInformation>Owns and manages IMTS - The International Manufacturing Technology Show, the premier manufacturing technology event in North America.</OtherInformation><Objective><Name></Name><Description></Description><Identifier>_37169b46-249b-11e2-ab9f-ef2d51265526</Identifier><SequenceIndicator></SequenceIndicator><Stakeholder><Name></Name><Description></Description></Stakeholder><OtherInformation></OtherInformation></Objective></Goal><Goal><Name>MTInsight</Name><Description>Develop an online tool with novel business intelligence dashboards.</Description><Identifier>_37169d26-249b-11e2-ab9f-ef2d51265526</Identifier><SequenceIndicator>2</SequenceIndicator><Stakeholder><Name></Name><Description></Description></Stakeholder><OtherInformation>Ongoing development of MTInsight, an easy-to-use online tool with novel business intelligence dashboards that synthesize numerous data resources.</OtherInformation><Objective><Name></Name><Description></Description><Identifier>_37169f06-249b-11e2-ab9f-ef2d51265526</Identifier><SequenceIndicator></SequenceIndicator><Stakeholder><Name></Name><Description></Description></Stakeholder><OtherInformation></OtherInformation></Objective></Goal><Goal><Name>Advocacy</Name><Description>Engage the federal government in support of public policy consistent with AMT&#8217;s Manufacturing Mandate priorities.</Description><Identifier>_3716a122-249b-11e2-ab9f-ef2d51265526</Identifier><SequenceIndicator>3</SequenceIndicator><Stakeholder><Name>Federal Government</Name><Description></Description></Stakeholder><OtherInformation>Actively engages the federal government in support of public policy consistent with AMT&#8217;s Manufacturing Mandate priorities.</OtherInformation><Objective><Name>Policy Agenda</Name><Description>Promote a public policy agenda that centers on AMT&#8217;s Manufacturing Mandate priorities of incentivizing R&amp;D and innovation; increasing global competitiveness; and building a 21st Century Smartforce.</Description><Identifier>_3716a30c-249b-11e2-ab9f-ef2d51265526</Identifier><SequenceIndicator>3.1</SequenceIndicator><Stakeholder><Name></Name><Description></Description></Stakeholder><OtherInformation></OtherInformation></Objective><Objective><Name>Education</Name><Description>Educate our government leaders about the importance of a strong manufacturing technology industry to America&#8217;s economic growth and national security.</Description><Identifier>_3716a4ec-249b-11e2-ab9f-ef2d51265526</Identifier><SequenceIndicator>3.2</SequenceIndicator><Stakeholder><Name>Government Leaders</Name><Description></Description></Stakeholder><OtherInformation></OtherInformation></Objective><Objective><Name>Alliances &amp; Relationships</Name><Description>Facilitate connections to government resources available to manufacturers through strategic alliances and relationships with federal agencies.</Description><Identifier>_3716a712-249b-11e2-ab9f-ef2d51265526</Identifier><SequenceIndicator>3.3</SequenceIndicator><Stakeholder><Name></Name><Description></Description></Stakeholder><OtherInformation></OtherInformation></Objective><Objective><Name>Relationships</Name><Description>Help AMT members build relationships with members of Congress and participate in the policy-making process.</Description><Identifier>_3716a91a-249b-11e2-ab9f-ef2d51265526</Identifier><SequenceIndicator>3.4</SequenceIndicator><Stakeholder><Name>AMT Members</Name><Description></Description></Stakeholder><Stakeholder><Name>Members of Congress</Name><Description></Description></Stakeholder><OtherInformation>AMT member involvement is key to achieving our goals.</OtherInformation></Objective><Objective><Name>Policy Issues / Legislation</Name><Description>Inform AMT members of policy issues/legislation affecting the industry.</Description><Identifier>_3716ab18-249b-11e2-ab9f-ef2d51265526</Identifier><SequenceIndicator>3.5</SequenceIndicator><Stakeholder><Name>AMT Members</Name><Description></Description></Stakeholder><OtherInformation></OtherInformation></Objective></Goal><Goal><Name>Smartforce Development</Name><Description>Dedicate resources to STEM education, Advanced Manufacturing degree programs emphasizing industry-based internships, and credentialing initiatives to encourage young people to seek careers in manufacturing.</Description><Identifier>_3716ad8e-249b-11e2-ab9f-ef2d51265526</Identifier><SequenceIndicator>4</SequenceIndicator><Stakeholder><Name>Interns</Name><Description></Description></Stakeholder><Stakeholder><Name>Young People Seeking Careers in Manufacturing</Name><Description></Description></Stakeholder><Stakeholder><Name>Job Seekers</Name><Description>Whether you're looking for a new job, or ready to take the next step in your career, we'll help you find the opportunity that's right for you.</Description></Stakeholder><Stakeholder><Name>Employers</Name><Description>Target your recruiting and reach qualified candidates quickly and easily. Simply complete our online Registration Form and start posting jobs today!</Description></Stakeholder><OtherInformation></OtherInformation><Objective><Name></Name><Description></Description><Identifier>_3716afa0-249b-11e2-ab9f-ef2d51265526</Identifier><SequenceIndicator></SequenceIndicator><Stakeholder><Name></Name><Description></Description></Stakeholder><OtherInformation></OtherInformation></Objective></Goal><Goal><Name>Global Support</Name><Description>Provide assistance to AMT members (around the world).</Description><Identifier>_3716b1bc-249b-11e2-ab9f-ef2d51265526</Identifier><SequenceIndicator>5</SequenceIndicator><Stakeholder><Name>China</Name><Description></Description></Stakeholder><Stakeholder><Name>India</Name><Description></Description></Stakeholder><Stakeholder><Name>Poland</Name><Description></Description></Stakeholder><Stakeholder><Name>Mexico</Name><Description></Description></Stakeholder><OtherInformation>Tech Centers and Representative Offices in China, India, Poland, and Mexico provide assistance to AMT members.</OtherInformation><Objective><Name></Name><Description></Description><Identifier>_3716b41e-249b-11e2-ab9f-ef2d51265526</Identifier><SequenceIndicator></SequenceIndicator><Stakeholder><Name></Name><Description></Description></Stakeholder><OtherInformation></OtherInformation></Objective></Goal><Goal><Name>Business Consulting Services</Name><Description>Offer advisory services.</Description><Identifier>_3716b644-249b-11e2-ab9f-ef2d51265526</Identifier><SequenceIndicator>6</SequenceIndicator><Stakeholder><Name>AMT Members</Name><Description></Description></Stakeholder><OtherInformation>Experienced staff offers customized, in-depth advisory services for members around the world.</OtherInformation><Objective><Name></Name><Description></Description><Identifier>_3716b8c4-249b-11e2-ab9f-ef2d51265526</Identifier><SequenceIndicator></SequenceIndicator><Stakeholder><Name></Name><Description></Description></Stakeholder><OtherInformation></OtherInformation></Objective></Goal><Goal><Name>Research</Name><Description>Answer questions.</Description><Identifier>_3716bb30-249b-11e2-ab9f-ef2d51265526</Identifier><SequenceIndicator>7</SequenceIndicator><Stakeholder><Name>Industry Analysts</Name><Description></Description></Stakeholder><Stakeholder><Name>Economists</Name><Description></Description></Stakeholder><OtherInformation>Industry analysts and economists utilize numerous resources to answer your questions.</OtherInformation><Objective><Name></Name><Description></Description><Identifier>_3716bd60-249b-11e2-ab9f-ef2d51265526</Identifier><SequenceIndicator></SequenceIndicator><Stakeholder><Name></Name><Description></Description></Stakeholder><OtherInformation></OtherInformation></Objective></Goal><Goal><Name>Events</Name><Description>Support networking and learning at AMT events.</Description><Identifier>_3716bf9a-249b-11e2-ab9f-ef2d51265526</Identifier><SequenceIndicator>8</SequenceIndicator><Stakeholder><Name></Name><Description></Description></Stakeholder><OtherInformation>Network with your members and customers and learn from industry experts at AMT events.</OtherInformation><Objective><Name></Name><Description></Description><Identifier>_3716c238-249b-11e2-ab9f-ef2d51265526</Identifier><SequenceIndicator></SequenceIndicator><Stakeholder><Name></Name><Description></Description></Stakeholder><OtherInformation></OtherInformation></Objective></Goal><Goal><Name>MTConnect</Name><Description>Foster greater interoperability between controls, devices and software applications by publishing data.</Description><Identifier>_3716c486-249b-11e2-ab9f-ef2d51265526</Identifier><SequenceIndicator>9</SequenceIndicator><Stakeholder><Name></Name><Description></Description></Stakeholder><OtherInformation>A set of open, royalty-free standards intended to foster greater interoperability between controls, devices and software applications by publishing data over networks using the Internet Protocol.</OtherInformation><Objective><Name></Name><Description></Description><Identifier>_3716c6ca-249b-11e2-ab9f-ef2d51265526</Identifier><SequenceIndicator></SequenceIndicator><Stakeholder><Name></Name><Description></Description></Stakeholder><OtherInformation></OtherInformation></Objective></Goal><Goal><Name>Technology Roadmap</Name><Description>Provide information and research about technology trends, R&amp;D products and funding.</Description><Identifier>_3716c968-249b-11e2-ab9f-ef2d51265526</Identifier><SequenceIndicator>10</SequenceIndicator><Stakeholder><Name></Name><Description></Description></Stakeholder><OtherInformation>AMT's technical resources provide a wide range of information and research about technology trends, R&amp;D products and funding and more.</OtherInformation><Objective><Name></Name><Description></Description><Identifier>_3716cbc0-249b-11e2-ab9f-ef2d51265526</Identifier><SequenceIndicator></SequenceIndicator><Stakeholder><Name></Name><Description></Description></Stakeholder><OtherInformation></OtherInformation></Objective></Goal></StrategicPlanCore><AdministrativeInformation><StartDate></StartDate><EndDate></EndDate><PublicationDate>2012-11-04</PublicationDate><Source>http://www.amtonline.org/AboutAMT/</Source><Submitter><FirstName>Owen</FirstName><LastName>Ambur</LastName><PhoneNumber></PhoneNumber><EmailAddress>Owen.Ambur@verizon.net</EmailAddress></Submitter></AdministrativeInformation></StrategicPlan>