<?xml version="1.0" encoding="UTF-8"?>
<StrategicPlan xmlns="urn:ISO:std:iso:17469:tech:xsd:stratml_core" xmlns:xsi="http://www.w3.org/2001/XMLSchema-instance" xsi:schemaLocation="urn:ISO:std:iso:17469:tech:xsd:stratml_core http://xml.govwebs.net/stratml/references/StrategicPlanISOVersion20140401.xsd"><Name>About APAN</Name><Description>APAN provides the DOD and mission partners community spaces and collaborative tools to leverage information to effectively plan, train and respond to meet their business requirements and mission objectives.  APAN makes these tools available over the open internet so individuals and organizations who do not have access to traditional DOD systems and networks can participate in information sharing and collaborative events.</Description><OtherInformation/><StrategicPlanCore><Organization><Name>All Partners Access Network</Name><Acronym>APAN</Acronym><Identifier>_bc527b10-960f-11e6-9079-e445742aff29</Identifier><Description>The All Partners Access Network (APAN) is the premier unclassified information sharing and collaboration enterprise for the United States Department of Defense (DOD). </Description><Stakeholder StakeholderTypeType="Organization"><Name>United States Department of Defense</Name><Description/></Stakeholder><Stakeholder StakeholderTypeType="Generic_Group"><Name>APAN IT Team</Name><Description>APAN's Information Technology (IT) Team has more than 15 years of experience supporting multinational exercises, humanitarian assistance and disaster response (HADR) operations, conferences, training and various agencies and organizations information sharing requirements. APAN's IT Team has a proven record of outstanding performance with innovative, responsive and adaptable employees who always place the customer first.  The APAN IT Team's combination of field experience and wide technical and academic abilities provide the foundation to meet many customer needs.</Description></Stakeholder><Stakeholder StakeholderTypeType="Generic_Group"><Name>DOD Partners</Name><Description/></Stakeholder><Stakeholder StakeholderTypeType="Generic_Group"><Name>Mission Partners</Name><Description/></Stakeholder></Organization><Vision><Description/><Identifier>_bc527c50-960f-11e6-9079-e445742aff29</Identifier></Vision><Mission><Description>To share unclassified information and facilitate collaboration</Description><Identifier>_bc527d22-960f-11e6-9079-e445742aff29</Identifier></Mission><Value><Name/><Description/></Value><Goal><Name>HA/DR</Name><Description>Support humanitarian assistance and disaster response (HA/DR) efforts</Description><Identifier>_bc527f34-960f-11e6-9079-e445742aff29</Identifier><SequenceIndicator>1</SequenceIndicator><Stakeholder StakeholderTypeType="Generic_Group"><Name>Governments</Name><Description/></Stakeholder><Stakeholder StakeholderTypeType="Generic_Group"><Name>Militaries</Name><Description/></Stakeholder><Stakeholder StakeholderTypeType="Generic_Group"><Name>International Organizations</Name><Description/></Stakeholder><Stakeholder StakeholderTypeType="Generic_Group"><Name>Non-Governmental Organizations</Name><Description/></Stakeholder><OtherInformation>Share information, increase situational awareness and decrease response time for governments, militaries, international and non-governmental organizations participating in humanitarian assistance or disaster response (HA/DR) efforts using APANs collaboration tools and communities</OtherInformation><Objective><Name>Information</Name><Description>Share information</Description><Identifier>_bc528006-960f-11e6-9079-e445742aff29</Identifier><SequenceIndicator>1.1</SequenceIndicator><Stakeholder><Name/><Description/></Stakeholder><OtherInformation/></Objective><Objective><Name>Situational Awareness</Name><Description>Increase situational awareness</Description><Identifier>_bc5280ce-960f-11e6-9079-e445742aff29</Identifier><SequenceIndicator>1.2</SequenceIndicator><Stakeholder><Name/><Description/></Stakeholder><OtherInformation/></Objective><Objective><Name>Response</Name><Description>Decrease response time</Description><Identifier>_bc5281a0-960f-11e6-9079-e445742aff29</Identifier><SequenceIndicator>1.3</SequenceIndicator><Stakeholder><Name/><Description/></Stakeholder><OtherInformation/></Objective></Goal><Goal><Name>Exercises</Name><Description>Facilitate collaboration and information sharing with exercise planners and training audiences from concept development, planning, execution and after action reviews</Description><Identifier>_bc528268-960f-11e6-9079-e445742aff29</Identifier><SequenceIndicator>2</SequenceIndicator><Stakeholder StakeholderTypeType="Generic_Group"><Name>Exercise Planners</Name><Description/></Stakeholder><Stakeholder StakeholderTypeType="Generic_Group"><Name>Training Audiences</Name><Description/></Stakeholder><OtherInformation/><Objective><Name>Conceptualization</Name><Description>Develop exercise concepts</Description><Identifier>_bc528330-960f-11e6-9079-e445742aff29</Identifier><SequenceIndicator>2.1</SequenceIndicator><Stakeholder><Name/><Description/></Stakeholder><OtherInformation/></Objective><Objective><Name>Planning</Name><Description>Plan exercises</Description><Identifier>_bc528420-960f-11e6-9079-e445742aff29</Identifier><SequenceIndicator>2.2</SequenceIndicator><Stakeholder><Name/><Description/></Stakeholder><OtherInformation/></Objective><Objective><Name>Execution</Name><Description>Execute exercises</Description><Identifier>_bc5284f2-960f-11e6-9079-e445742aff29</Identifier><SequenceIndicator>2.3</SequenceIndicator><Stakeholder><Name/><Description/></Stakeholder><OtherInformation/></Objective><Objective><Name>Reviews</Name><Description>Conduct after action reviews</Description><Identifier>_bc5285d8-960f-11e6-9079-e445742aff29</Identifier><SequenceIndicator>2.4</SequenceIndicator><Stakeholder><Name/><Description/></Stakeholder><OtherInformation/></Objective></Goal><Goal><Name>Conferences</Name><Description>Serve as an information hub for conferences</Description><Identifier>_bc5286b4-960f-11e6-9079-e445742aff29</Identifier><SequenceIndicator>3</SequenceIndicator><Stakeholder><Name/><Description/></Stakeholder><OtherInformation>Allow your APAN community to serve as a central information hub. Collect registration information, highlight conference agendas, post speaker biographies and broadcast live events through your community</OtherInformation><Objective><Name>Registration</Name><Description>Collect registration information</Description><Identifier>_bc528790-960f-11e6-9079-e445742aff29</Identifier><SequenceIndicator>3.1</SequenceIndicator><Stakeholder><Name/><Description/></Stakeholder><OtherInformation/></Objective><Objective><Name>Agendas</Name><Description>Highlight conference agendas</Description><Identifier>_bc528862-960f-11e6-9079-e445742aff29</Identifier><SequenceIndicator>3.2</SequenceIndicator><Stakeholder><Name/><Description/></Stakeholder><OtherInformation/></Objective><Objective><Name>Biographies</Name><Description>Post speaker biographies</Description><Identifier>_bc528934-960f-11e6-9079-e445742aff29</Identifier><SequenceIndicator>3.3</SequenceIndicator><Stakeholder><Name/><Description/></Stakeholder><OtherInformation/></Objective><Objective><Name>Broadcasts</Name><Description>Broadcast live events</Description><Identifier>_bc5289fc-960f-11e6-9079-e445742aff29</Identifier><SequenceIndicator>3.4</SequenceIndicator><Stakeholder><Name/><Description/></Stakeholder><OtherInformation/></Objective></Goal><Goal><Name>Work Groups</Name><Description>Serve as a virtual workspace where team members are able to work effectively across the globe</Description><Identifier>_bc528c04-960f-11e6-9079-e445742aff29</Identifier><SequenceIndicator>4</SequenceIndicator><Stakeholder StakeholderTypeType="Generic_Group"><Name>DoD Work Groups</Name><Description/></Stakeholder><OtherInformation>Track tasks, maintain team calendars and events, and share documents from one central location.</OtherInformation><Objective><Name>Tasks</Name><Description>Track tasks</Description><Identifier>_bc528cea-960f-11e6-9079-e445742aff29</Identifier><SequenceIndicator>4.1</SequenceIndicator><Stakeholder><Name/><Description/></Stakeholder><OtherInformation/></Objective><Objective><Name>Calendars &amp; Events</Name><Description>Maintain team calendars and events</Description><Identifier>_bc528d9e-960f-11e6-9079-e445742aff29</Identifier><SequenceIndicator>4.2</SequenceIndicator><Stakeholder><Name/><Description/></Stakeholder><OtherInformation/></Objective><Objective><Name>Documents</Name><Description>Share documents</Description><Identifier>_bc528e5c-960f-11e6-9079-e445742aff29</Identifier><SequenceIndicator>4.3</SequenceIndicator><Stakeholder><Name/><Description/></Stakeholder><OtherInformation/></Objective><Objective><Name>Communities</Name><Description>Enable interaction and collaboration</Description><Identifier>_bc528f60-960f-11e6-9079-e445742aff29</Identifier><SequenceIndicator>4.4</SequenceIndicator><Stakeholder><Name/><Description/></Stakeholder><OtherInformation>APAN Communities are online spaces where groups of people or teams can interact and collaborate on specific topics or events. Community owners control all aspects of their community including design, membership, access and tools. APAN provides two types of communities: Groups and Sites. With both types of communities, owners have the ability to incorporate other APAN tools like chat, translation and maps into their community to create their unique collaboration environment.</OtherInformation></Objective><Objective><Name>Groups</Name><Description>Facilitate social engagement</Description><Identifier>_bc52901e-960f-11e6-9079-e445742aff29</Identifier><SequenceIndicator>4.4.1</SequenceIndicator><Stakeholder><Name/><Description/></Stakeholder><OtherInformation>Groups -- 
APAN Groups focus on social engagements. The main applications (blogs, forums, media galleries, wikis and calendars) provide a place for community members to contribute direct comments or feedback. Users can also tag content and people using #tags and @mentions. Pages are made up of a collection of drag-drop-widgets, making it easy for owners with limited experience to customize their community.</OtherInformation></Objective><Objective><Name>Sites</Name><Description>Provide document management capabilities</Description><Identifier>_bc5290f0-960f-11e6-9079-e445742aff29</Identifier><SequenceIndicator>4.4.2</SequenceIndicator><Stakeholder><Name/><Description/></Stakeholder><OtherInformation>APAN Sites focus on content management. Through the use of document management capabilities like managed metadata, version control and check-out control, community owners can design an organizational structure that members can easily find, share and collaborate on content. Owners can encourage consistent business processes and track tasks using workflows and lists. APAN Sites also allows users to view lists and documents from mobile devices.</OtherInformation></Objective></Goal></StrategicPlanCore><AdministrativeInformation><PublicationDate>2016-10-19</PublicationDate><Source>https://www.apan.org/pages/about</Source><Submitter><GivenName>Owen</GivenName><Surname>Ambur</Surname><PhoneNumber/><EmailAddress>Owen.Ambur@verizon.net</EmailAddress></Submitter></AdministrativeInformation></StrategicPlan>