<?xml version="1.0" encoding="UTF-8"?>
<StrategicPlan xmlns="urn:ISO:std:iso:17469:tech:xsd:stratml_core" xmlns:xsi="http://www.w3.org/2001/XMLSchema-instance" xsi:schemaLocation="urn:ISO:std:iso:17469:tech:xsd:stratml_core http://xml.govwebs.net/stratml/references/StrategicPlanISOVersion20140401.xsd"><Name>About APC</Name><Description>We organise our work in two programme areas:

* Communications and information policy

* Women's rights</Description><OtherInformation/><StrategicPlanCore><Organization><Name>Association for Progressive Communications</Name><Acronym>APC</Acronym><Identifier>_997df469-8301-11e7-821f-efa4935edbbc</Identifier><Description>APC is both a network and an organisation. APC members are groups and individuals working in their own countries to advance the same mission as APC. As of April 2017, APC had 51 organisational members and 30 individual members active in 75 countries...
We were founded in 1990, and operated legally as a partner of the Tides Foundation until 1998, when we were incorporated as a nonprofit under Section 501 (c) (3), public charity status 170 (b) (1) (A) (vi) State of California, USA. APC is governed according to the nonprofit regulations of the State of California, even though we are an international network.</Description><Stakeholder StakeholderTypeType="Generic_Group"><Name>APC Members</Name><Description>The membership define APC's strategic priorities every four years. APC has a small staff, each living in different countries and communicating day-to-day over the internet (we have no central headquarters). APC's value and uniqueness come from the local perspectives and contact with grassroots organisations that we gain from our members and the fact that we operate as a truly virtual, international organisation</Description></Stakeholder><Stakeholder StakeholderTypeType="Generic_Group"><Name>Tides Foundation</Name><Description/></Stakeholder><Stakeholder StakeholderTypeType="Generic_Group"><Name>APC Partners</Name><Description>APC values working with other people beyond our own network.</Description></Stakeholder><Stakeholder StakeholderTypeType="Organization"><Name>United Nations</Name><Description>Consultative status to the United Nations.</Description></Stakeholder><Stakeholder StakeholderTypeType="Organization"><Name>United Nations Economic and Social Council</Name><Description>We are an active participant in high level international ICT policy discussions, and were granted category one consultative status to the United Nations Economic and Social Council (ECOSOC) in 1995.</Description></Stakeholder></Organization><Vision><Description>All people have easy and affordable access to a free and open internet to improve their lives and create a more just world.</Description><Identifier>_997df46a-8301-11e7-821f-efa4935edbbc</Identifier></Vision><Mission><Description>To empower and support organisations, social movements and individuals in and through the use of information and communication technologies (ICTs) to build strategic communities and initiatives for the purpose of making meaningful contributions to equitable human development, social justice, participatory political processes and environmental sustainability.</Description><Identifier>_997df46b-8301-11e7-821f-efa4935edbbc</Identifier></Mission><Value><Name>Human Development</Name><Description/></Value><Value><Name>Social Justice</Name><Description/></Value><Value><Name>Participatory Political Processes</Name><Description/></Value><Value><Name>Environmental Sustainability</Name><Description/></Value><Value><Name>Networking</Name><Description>We are aware of our own limitations as well as the power of networking.</Description></Value><Value><Name>Knowledge</Name><Description>Where we lack knowledge or expertise and need to learn in order to better engage challenges, we form partnerships.</Description></Value><Value><Name>Expertise</Name><Description/></Value><Value><Name>Partnership</Name><Description/></Value><Value><Name>Sustainability</Name><Description>In all of APC's work we encourage people to network as a means of making other activities more sustainable.</Description></Value><Value><Name>Sharing</Name><Description>If people share their experiences and skills they have greater value over a longer period and often create a ripple effect.</Description></Value><Value><Name>Experience</Name><Description/></Value><Value><Name>Skill</Name><Description/></Value><Value><Name>Cumulative Impact</Name><Description/></Value><Goal><Name>Communications &amp; Information Policy</Name><Description/><Identifier>_997df46c-8301-11e7-821f-efa4935edbbc</Identifier><SequenceIndicator>1</SequenceIndicator><Stakeholder><Name/><Description/></Stakeholder><OtherInformation/><Objective><Name/><Description/><Identifier>_997df472-8301-11e7-821f-efa4935edbbc</Identifier><SequenceIndicator/><Stakeholder><Name/><Description/></Stakeholder><OtherInformation/></Objective></Goal><Goal><Name>Women's Rights</Name><Description/><Identifier>_47bdbc32-8368-11e7-a1c2-0173985edbbc</Identifier><SequenceIndicator>2</SequenceIndicator><Stakeholder><Name/><Description/></Stakeholder><OtherInformation/><Objective><Name/><Description/><Identifier>_47bdbdae-8368-11e7-a1c2-0173985edbbc</Identifier><SequenceIndicator/><Stakeholder><Name/><Description/></Stakeholder><OtherInformation/></Objective></Goal></StrategicPlanCore><AdministrativeInformation><PublicationDate>2017-08-18</PublicationDate><Source>https://www.apc.org/en/about</Source><Submitter><GivenName>Owen</GivenName><Surname>Ambur</Surname><PhoneNumber/><EmailAddress>Owen.Ambur@verizon.net</EmailAddress></Submitter></AdministrativeInformation></StrategicPlan>