<?xml version="1.0" encoding="UTF-8"?>
<?xml-stylesheet type="text/xsl" href="/forms/part2stratml.xsl"?>
<PerformancePlanOrReport xmlns="urn:ISO:std:iso:17469:tech:xsd:PerformancePlanOrReport" xmlns:xsi="http://www.w3.org/2001/XMLSchema-instance"
 xsi:schemaLocation="urn:ISO:std:iso:17469:tech:xsd:PerformancePlanOrReport http://stratml.us/references/PerformancePlanOrReport20160216.xsd" Type="Strategic_Plan"><Name>Alan Perry's Change and Tradition Plan for Hilton Head</Name><Description>His platform, which he has titled “Change and Tradition,” focuses on issues that he says need new solutions, such as developing housing for the area’s workforce, investing in infrastructure like the Hilton Head bridges, and “protecting the waterways” that surround the island.</Description><OtherInformation>SunTrust sales manager and longtime islander Alan Perry responded to a question about the Hilton Head Island-Bluffton Chamber of Commerce, which receives town accommodations tax money. Perry said the chamber should show the public how they are spending the money given to them, and agreed that the chamber “has done a great job marketing our island.” He also said a lack of cooperation between the mayor and Town Council means that “we’re losing what we used to be, and that was a big family.” https://www.islandpacket.com/news/politics-government/election/article217467935.html</OtherInformation><StrategicPlanCore><Organization><Name>Alan Perry for Mayor</Name><Acronym>APM</Acronym><Identifier>_de5f6864-b311-11e8-a508-d3f4f8f4b879</Identifier><Description>A longtime Hilton Head Island resident and president of People for Parks announced his candidacy for mayor shortly before the deadline last Wednesday, saying he’s not happy with how town government is currently being run...   Perry, 53, moved to Hilton Head from Charlottesville, Va., when he was 7 years old and is a sales manager at a local branch of SunTrust Bank.</Description><Stakeholder StakeholderTypeType="Organization"><Name>Island Recreation Association</Name><Description>Perry has never served in office or on any government committees, but said his work with the Island Recreation Association — particularly as the president of the organization that funded the rec center expansion — has allowed him to become familiar with the way Town Council works, noting he “knows what it takes” to get things done at the local level.</Description><Role><Name>[To be named]</Name><Description/></Role></Stakeholder></Organization><Vision><Description/><Identifier>_de5f690e-b311-11e8-a508-d3f4f8f4b879</Identifier></Vision><Mission><Description/><Identifier>_de5f69fe-b311-11e8-a508-d3f4f8f4b879</Identifier></Mission><Value><Name>Cohesiveness</Name><Description>“If the Town Council cannot work cohesively to move projects through, it adds to the divisiveness in the community,” Alan Perry, of Hilton Head Plantation, said on Friday, Aug. 17.</Description></Value><Value><Name>Research</Name><Description>He said one of the most important aspects of getting things done on Town Council is research.  “It comes down to a true understanding about what is being voted on,” he said.    Perry added that understanding a project means visiting the site, which he believes Town Council members have not done enough in the past.</Description></Value><Value><Name>Civility</Name><Description>As mayor, Perry said he wants to see less micromanagement of town staff and more civility during Town Council meetings.  “The role of the Town Council needs to be rolled back,” he said, adding that he’s dismayed that a number of town staff have left in recent years. “Let town staff do their job.”</Description></Value><Goal><Name>Housing</Name><Description>Develop housing for the area’s workforce</Description><Identifier>_de5f6a9e-b311-11e8-a508-d3f4f8f4b879</Identifier><SequenceIndicator>1</SequenceIndicator><Stakeholder StakeholderTypeType="Generic_Group"><Name>Hilton Head Workforce</Name><Description/><Role><Name>[To be named]</Name><Description/></Role></Stakeholder><OtherInformation/><Objective><Name/><Description/><Identifier>_de5f6b20-b311-11e8-a508-d3f4f8f4b879</Identifier><SequenceIndicator/><Stakeholder><Name>[To be named]</Name><Description/><Role><Name>[To be named]</Name><Description/></Role></Stakeholder><OtherInformation/><PerformanceIndicator ><SequenceIndicator/><MeasurementDimension/><UnitOfMeasurement/><Identifier>_234991ba-b462-11e8-be48-12f55fbabdf6</Identifier><Relationship><Identifier>_1e5804f2-b462-11e8-a60d-39f35fbabdf6</Identifier><ReferentIdentifier/><Name/><Description/></Relationship><MeasurementInstance><TargetResult><Description>[To be described]</Description><Descriptor><DescriptorName/><DescriptorValue/></Descriptor><StartDate/><EndDate/></TargetResult><ActualResult><Description>[To be determined]</Description><Descriptor><DescriptorName/><DescriptorValue/></Descriptor><StartDate/><EndDate/></ActualResult></MeasurementInstance><OtherInformation/></PerformanceIndicator></Objective></Goal><Goal><Name>Infrastructure</Name><Description>Invest in infrastructure like the Hilton Head bridges</Description><Identifier>_de5f6ba2-b311-11e8-a508-d3f4f8f4b879</Identifier><SequenceIndicator>2</SequenceIndicator><Stakeholder StakeholderTypeType="Generic_Group"><Name>[To be named]</Name><Description/><Role><Name>[To be named]</Name><Description/></Role></Stakeholder><OtherInformation/><Objective><Name/><Description/><Identifier>_de5f6c24-b311-11e8-a508-d3f4f8f4b879</Identifier><SequenceIndicator/><Stakeholder><Name>[To be named]</Name><Description/><Role><Name>[To be named]</Name><Description/></Role></Stakeholder><OtherInformation/><PerformanceIndicator ><SequenceIndicator/><MeasurementDimension/><UnitOfMeasurement/><Identifier>_234993c2-b462-11e8-be48-12f55fbabdf6</Identifier><Relationship><Identifier>_1e5804f2-b462-11e8-a60d-39f35fbabdf6</Identifier><ReferentIdentifier/><Name/><Description/></Relationship><MeasurementInstance><TargetResult><Description>[To be described]</Description><Descriptor><DescriptorName/><DescriptorValue/></Descriptor><StartDate/><EndDate/></TargetResult><ActualResult><Description>[To be determined]</Description><Descriptor><DescriptorName/><DescriptorValue/></Descriptor><StartDate/><EndDate/></ActualResult></MeasurementInstance><OtherInformation/></PerformanceIndicator></Objective></Goal><Goal><Name>Waterways</Name><Description>Protect the waterways that surround the island</Description><Identifier>_de5f6cce-b311-11e8-a508-d3f4f8f4b879</Identifier><SequenceIndicator>3</SequenceIndicator><Stakeholder StakeholderTypeType="Generic_Group"><Name>[To be named]</Name><Description/><Role><Name>[To be named]</Name><Description/></Role></Stakeholder><OtherInformation/><Objective><Name/><Description/><Identifier>_de5f6d3c-b311-11e8-a508-d3f4f8f4b879</Identifier><SequenceIndicator/><Stakeholder><Name>[To be named]</Name><Description/><Role><Name>[To be named]</Name><Description/></Role></Stakeholder><OtherInformation/><PerformanceIndicator ><SequenceIndicator/><MeasurementDimension/><UnitOfMeasurement/><Identifier>_234994c6-b462-11e8-be48-12f55fbabdf6</Identifier><Relationship><Identifier>_1e5804f2-b462-11e8-a60d-39f35fbabdf6</Identifier><ReferentIdentifier/><Name/><Description/></Relationship><MeasurementInstance><TargetResult><Description>[To be described]</Description><Descriptor><DescriptorName/><DescriptorValue/></Descriptor><StartDate/><EndDate/></TargetResult><ActualResult><Description>[To be determined]</Description><Descriptor><DescriptorName/><DescriptorValue/></Descriptor><StartDate/><EndDate/></ActualResult></MeasurementInstance><OtherInformation/></PerformanceIndicator></Objective></Goal></StrategicPlanCore><AdministrativeInformation><Identifier>_234995b6-b462-11e8-be48-12f55fbabdf6</Identifier><StartDate/><EndDate/><PublicationDate>2018-09-08</PublicationDate><Source>https://www.islandpacket.com/news/politics-government/election/article216885180.html</Source></AdministrativeInformation><Submitter><Identifier>_2349973c-b462-11e8-be48-12f55fbabdf6</Identifier><GivenName>Owen</GivenName><Surname>Ambur</Surname><PhoneNumber/><EmailAddress>Owen.Ambur@verizon.net</EmailAddress></Submitter></PerformancePlanOrReport>