<?xml version="1.0" encoding="UTF-8"?>
<PerformancePlanOrReport xmlns="urn:ISO:std:iso:17469:tech:xsd:PerformancePlanOrReport" xmlns:xsi="http://www.w3.org/2001/XMLSchema-instance"
 xsi:schemaLocation="urn:ISO:std:iso:17469:tech:xsd:PerformancePlanOrReport http://stratml.us/references/PerformancePlanOrReportISOVersion20150612.xsd" Type="Performance_Plan"><id/><Name>2012-13 Strategic Plan</Name><Description>ARMA International’s Strategic Radar Screen: How Our World Is Changing --  ARMA International has identified the following issues [documented as goals and objectives in this StratML rendition] as affecting its members, the profession, and how organizations, in general, manage records and information management. These issues reflect a variety of threats and opportunities, and it is ARMA International's responsibility to define strategies that address the most influential ones.</Description><OtherInformation>Desired outcomes are identified for the highest priority issues on the Radar Screen, thereby laying the foundation for the programs and projects necessary for success. A cause-and-effect sequence exists in the way these elements relate to each other. The mission and goals provide strategic direction that the programs and projects fulfill in the value they deliver. The operating plan, which comprises the programs and projects, aligns with the operating budget.  Long term, the association measures its progress by the feedback it receives from members in the bi-annual Value Survey. The feedback received via this survey tells the board what the members most value and how well the association is delivering that value. The board also receives monthly progress reports and semi-annual report cards on the association’s progress toward meeting projects' objectives. Management accountability is further facilitated by frequent review of the Radar Screen at the operational, board, region, and chapter levels.</OtherInformation><StrategicPlanCore><Organization><Name>ARMA International</Name><Acronym>ARMA</Acronym><Identifier>_9cc0255e-8cc9-444e-b03b-aaae7581551e</Identifier><Description/><Stakeholder StakeholderTypeType="Generic_Group"><Name>ARMA Board of Directors</Name><Description/><Role><Name>Strategic Direction</Name><Description>ARMA International's Board of Directors is responsible for setting the association's strategic direction.  It's challenged with balancing the visible future with a longer-term view. The board does so with the help of members, staff, and strategic partners, many of whom participate in the association's annual strategic planning meeting. This diverse group discusses the environmental factors that could significantly affect the association's direction based on its defined mission and goals. These factors are reflected in the Radar Screen issues, which are categorized by the strategic goals.</Description><RoleType>Performer</RoleType></Role></Stakeholder></Organization><Vision><Description>ARMA International is recognized as the worldwide authority and advocate for information governance, and a vital resource for business, legal, compliance, IT, and information management professionals.</Description><Identifier>_e55aa18a-daf2-11e7-9208-1694ab18c257</Identifier></Vision><Mission><Description>The mission of ARMA International is to educate, advocate, provide resources, and set standards that enable professionals to govern information as a critical element of organizational value.</Description><Identifier>_e55aa2ca-daf2-11e7-9208-1694ab18c257</Identifier></Mission><Value><Name>Customer Focus</Name><Description>Put members first in everything we do</Description></Value><Value><Name>Transparency</Name><Description>Make transparent decisions, take transparent actions</Description></Value><Value><Name>Information Sharing</Name><Description>Maintain an information-sharing ethic and culture</Description></Value><Value><Name>Education</Name><Description>Make educational excellence foremost in programming</Description></Value><Value><Name>Relevance</Name><Description>Produce relevant resources that help professionals govern their organization's information</Description></Value><Value><Name>Competency</Name><Description>Focus on our core competencies in order to be nimble</Description></Value><Goal><Name>Standards &amp; Best Practices</Name><Description>Establish information governance standards and best practices</Description><Identifier>_e55aa392-daf2-11e7-9208-1694ab18c257</Identifier><SequenceIndicator>1</SequenceIndicator><Stakeholder StakeholderTypeType="Person"><Name>[To be named]</Name><Description/><Role><Name>[To be named]</Name><Description/></Role></Stakeholder><OtherInformation/><Objective><Name>Information Governance</Name><Description>Establish and maintain effective information governance programs.</Description><Identifier>_e55aa518-daf2-11e7-9208-1694ab18c257</Identifier><SequenceIndicator>1.1</SequenceIndicator><Stakeholder StakeholderTypeType="Person"><Name>[To be named]</Name><Description/><Role><Name>[To be named]</Name><Description/><RoleType>Performer</RoleType></Role></Stakeholder><OtherInformation>The ability to establish and maintain effective information governance programs requires the timely development of relevant standards and guidelines that establish best practices, policies, and procedures for managing records and information.</OtherInformation><PerformanceIndicator ValueChainStage="Output_Processing" PerformanceIndicatorType="Quantitative"><SequenceIndicator/><MeasurementDimension>Time to Market</MeasurementDimension><UnitOfMeasurement>Days</UnitOfMeasurement><Identifier>_9114d350-daf9-11e7-b35e-0fd2ac18c257</Identifier><Relationship><Identifier>PLACEHOLDER_1</Identifier><Name/><Description/></Relationship><MeasurementInstance><TargetResult><Description>Decrease the time to market.</Description><StartDate/><EndDate/></TargetResult><ActualResult><Description>[To be determined]</Description><StartDate/><EndDate/></ActualResult></MeasurementInstance><OtherInformation/></PerformanceIndicator><PerformanceIndicator ValueChainStage="Outcome" PerformanceIndicatorType="Qualitative"><SequenceIndicator/><MeasurementDimension>Standards &amp; Guidelines</MeasurementDimension><UnitOfMeasurement>Referencing</UnitOfMeasurement><Identifier>_9114d4b8-daf9-11e7-b35e-0fd2ac18c257</Identifier><Relationship><Identifier>PLACEHOLDER_2</Identifier><Name/><Description/></Relationship><MeasurementInstance><TargetResult><Description>Organizations turn to ARMA International for information governance standards and guidelines.</Description><StartDate/><EndDate/></TargetResult><ActualResult><Description>[To be determined]</Description><NumberOfUnits>0</NumberOfUnits><StartDate/><EndDate/></ActualResult></MeasurementInstance><OtherInformation/></PerformanceIndicator><PerformanceIndicator ValueChainStage="Output_Processing" PerformanceIndicatorType="Qualitative"><SequenceIndicator/><MeasurementDimension>Standards, Technical Reports &amp; Guidelines</MeasurementDimension><UnitOfMeasurement>Contributions</UnitOfMeasurement><Identifier>_9114d5da-daf9-11e7-b35e-0fd2ac18c257</Identifier><Relationship><Identifier>PLACEHOLDER_3</Identifier><Name/><Description/></Relationship><MeasurementInstance><TargetResult><Description>ARMA International actively contributes to the development of standards, technical reports, and guidelines by other organizations globally.</Description><StartDate/><EndDate/></TargetResult><ActualResult><Description>[To be determined]</Description><StartDate/><EndDate/></ActualResult></MeasurementInstance><OtherInformation/></PerformanceIndicator><PerformanceIndicator ValueChainStage="Outcome" PerformanceIndicatorType="Qualitative"><SequenceIndicator/><MeasurementDimension>Standards</MeasurementDimension><UnitOfMeasurement>ISO Adoption</UnitOfMeasurement><Identifier>_9114d706-daf9-11e7-b35e-0fd2ac18c257</Identifier><Relationship><Identifier>PLACEHOLDER_4</Identifier><Name/><Description/></Relationship><MeasurementInstance><TargetResult><Description>ANSI/ARMA standards are adopted as ISO standards (internationally).</Description><StartDate/><EndDate/></TargetResult><ActualResult><Description>[To be determined]</Description><StartDate/><EndDate/></ActualResult></MeasurementInstance><OtherInformation/></PerformanceIndicator><PerformanceIndicator ValueChainStage="Output" PerformanceIndicatorType="Qualitative"><SequenceIndicator/><MeasurementDimension>GARP Metrics</MeasurementDimension><UnitOfMeasurement>Establishment</UnitOfMeasurement><Identifier>_9114d81e-daf9-11e7-b35e-0fd2ac18c257</Identifier><Relationship><Identifier>PLACEHOLDER_5</Identifier><Name/><Description/></Relationship><MeasurementInstance><TargetResult><Description>GARP® metrics are established as the means by which organizations measure compliance with best practices.</Description><StartDate/><EndDate/></TargetResult><ActualResult><Description>[To be determined]</Description><StartDate/><EndDate/></ActualResult></MeasurementInstance><OtherInformation/></PerformanceIndicator></Objective><Objective><Name>RIM Standards</Name><Description>Partner with allied organizations to develop RIM standards that will be relevant to legal and IT professionals, as well as RIM professionals.</Description><Identifier>_e55aa5d6-daf2-11e7-9208-1694ab18c257</Identifier><SequenceIndicator>Guiding Principle 1.1.1</SequenceIndicator><Stakeholder StakeholderTypeType="Person"><Name>[To be named]</Name><Description/><Role><Name>[To be named]</Name><Description/><RoleType>Performer</RoleType></Role></Stakeholder><OtherInformation/><PerformanceIndicator ><SequenceIndicator/><MeasurementDimension/><UnitOfMeasurement/><Identifier>_9114d90e-daf9-11e7-b35e-0fd2ac18c257</Identifier><Relationship><Identifier>PLACEHOLDER_6</Identifier><Name/><Description/></Relationship><MeasurementInstance><TargetResult><Description>[To be described]</Description><StartDate/><EndDate/></TargetResult><ActualResult><Description>[To be determined]</Description><StartDate/><EndDate/></ActualResult></MeasurementInstance><OtherInformation/></PerformanceIndicator></Objective><Objective><Name>Accreditation</Name><Description>Maintain the accreditation necessary to fulfill outcomes.</Description><Identifier>_e55aa680-daf2-11e7-9208-1694ab18c257</Identifier><SequenceIndicator>Guiding Principle 1.1.2</SequenceIndicator><Stakeholder StakeholderTypeType="Person"><Name>[To be named]</Name><Description/><Role><Name>[To be named]</Name><Description/><RoleType>Performer</RoleType></Role></Stakeholder><OtherInformation/><PerformanceIndicator ><SequenceIndicator/><MeasurementDimension/><UnitOfMeasurement/><Identifier>_9114d9fe-daf9-11e7-b35e-0fd2ac18c257</Identifier><Relationship><Identifier>PLACEHOLDER_7</Identifier><Name/><Description/></Relationship><MeasurementInstance><TargetResult><Description>[To be described]</Description><StartDate/><EndDate/></TargetResult><ActualResult><Description>[To be determined]</Description><StartDate/><EndDate/></ActualResult></MeasurementInstance><OtherInformation/></PerformanceIndicator></Objective><Objective><Name>Standards &amp; Guidelines</Name><Description>Promote standards and guidelines in a timely, proactive manner including increased promotion to regions and chapters.</Description><Identifier>_e55aa73e-daf2-11e7-9208-1694ab18c257</Identifier><SequenceIndicator>Guiding Principle 1.1.3</SequenceIndicator><Stakeholder StakeholderTypeType="Person"><Name>[To be named]</Name><Description/><Role><Name>[To be named]</Name><Description/><RoleType>Performer</RoleType></Role></Stakeholder><OtherInformation/><PerformanceIndicator ><SequenceIndicator/><MeasurementDimension/><UnitOfMeasurement/><Identifier>_9114daee-daf9-11e7-b35e-0fd2ac18c257</Identifier><Relationship><Identifier>PLACEHOLDER_8</Identifier><Name/><Description/></Relationship><MeasurementInstance><TargetResult><Description>[To be described]</Description><StartDate/><EndDate/></TargetResult><ActualResult><Description>[To be determined]</Description><StartDate/><EndDate/></ActualResult></MeasurementInstance><OtherInformation/></PerformanceIndicator></Objective><Objective><Name>Revenue Diversity</Name><Description>Consider options that may help to diversify ARMA revenues.</Description><Identifier>_e55aa7e8-daf2-11e7-9208-1694ab18c257</Identifier><SequenceIndicator>Guiding Principle 1.1.4</SequenceIndicator><Stakeholder StakeholderTypeType="Person"><Name>[To be named]</Name><Description/><Role><Name>[To be named]</Name><Description/><RoleType>Performer</RoleType></Role></Stakeholder><OtherInformation/><PerformanceIndicator ><SequenceIndicator/><MeasurementDimension/><UnitOfMeasurement/><Identifier>_9114dbe8-daf9-11e7-b35e-0fd2ac18c257</Identifier><Relationship><Identifier>PLACEHOLDER_9</Identifier><Name/><Description/></Relationship><MeasurementInstance><TargetResult><Description>[To be described]</Description><StartDate/><EndDate/></TargetResult><ActualResult><Description>[To be determined]</Description><StartDate/><EndDate/></ActualResult></MeasurementInstance><OtherInformation/></PerformanceIndicator></Objective><Objective><Name>Practices</Name><Description>Embrace the full scope of records and information management practices.</Description><Identifier>_e55aa89c-daf2-11e7-9208-1694ab18c257</Identifier><SequenceIndicator>1.2</SequenceIndicator><Stakeholder StakeholderTypeType="Person"><Name>[To be named]</Name><Description/><Role><Name>[To be named]</Name><Description/><RoleType>Performer</RoleType></Role></Stakeholder><OtherInformation>The failure of organizations to embrace the full scope of records and information management practices results in processes that fail to effectively support information access and governance.</OtherInformation><PerformanceIndicator ValueChainStage="Outcome" PerformanceIndicatorType="Qualitative"><SequenceIndicator/><MeasurementDimension>Recordkeeping Rules</MeasurementDimension><UnitOfMeasurement>Compliance</UnitOfMeasurement><Identifier>_9114dce2-daf9-11e7-b35e-0fd2ac18c257</Identifier><Relationship><Identifier>PLACEHOLDER_10</Identifier><Name/><Description/></Relationship><MeasurementInstance><TargetResult><Description>Governing jurisdictions mandate compliance with recordkeeping rules and make use of GARP® principles in developing recordkeeping requirements.</Description><StartDate/><EndDate/></TargetResult><ActualResult><Description>[To be determined]</Description><StartDate/><EndDate/></ActualResult></MeasurementInstance><OtherInformation/></PerformanceIndicator><PerformanceIndicator ValueChainStage="Outcome" PerformanceIndicatorType="Qualitative"><SequenceIndicator/><MeasurementDimension>GARP® Metrics</MeasurementDimension><UnitOfMeasurement>Implementation</UnitOfMeasurement><Identifier>_9114dde6-daf9-11e7-b35e-0fd2ac18c257</Identifier><Relationship><Identifier>PLACEHOLDER_11</Identifier><Name/><Description/></Relationship><MeasurementInstance><TargetResult><Description>RIM professionals implement mandated record keeping and make use of GARP® metrics to measure compliance.</Description><StartDate/><EndDate/></TargetResult><ActualResult><Description>[To be determined]</Description><StartDate/><EndDate/></ActualResult></MeasurementInstance><OtherInformation/></PerformanceIndicator><PerformanceIndicator ValueChainStage="Outcome" PerformanceIndicatorType="Qualitative"><SequenceIndicator/><MeasurementDimension>Tools &amp; Knowledge</MeasurementDimension><UnitOfMeasurement>Availability</UnitOfMeasurement><Identifier>_9114deea-daf9-11e7-b35e-0fd2ac18c257</Identifier><Relationship><Identifier>PLACEHOLDER_12</Identifier><Name/><Description/></Relationship><MeasurementInstance><TargetResult><Description>RIM professionals have the tools and knowledge to enable them to articulate the business value of RIM practices.</Description><StartDate/><EndDate/></TargetResult><ActualResult><Description>[To be determined]</Description><StartDate/><EndDate/></ActualResult></MeasurementInstance><OtherInformation/></PerformanceIndicator><PerformanceIndicator ValueChainStage="Outcome" PerformanceIndicatorType="Qualitative"><SequenceIndicator/><MeasurementDimension>Policies</MeasurementDimension><UnitOfMeasurement>Endorsement &amp; Support</UnitOfMeasurement><Identifier>_9114dff8-daf9-11e7-b35e-0fd2ac18c257</Identifier><Relationship><Identifier>PLACEHOLDER_13</Identifier><Name/><Description/></Relationship><MeasurementInstance><TargetResult><Description>Organizations have in place appropriate enterprise-wide policies that have executive endorsement and support.</Description><StartDate/><EndDate/></TargetResult><ActualResult><Description>[To be determined]</Description><StartDate/><EndDate/></ActualResult></MeasurementInstance><OtherInformation/></PerformanceIndicator><PerformanceIndicator ValueChainStage="Outcome" PerformanceIndicatorType="Qualitative"><SequenceIndicator/><MeasurementDimension>RIM Training</MeasurementDimension><UnitOfMeasurement>Institutionalization</UnitOfMeasurement><Identifier>_9114e106-daf9-11e7-b35e-0fd2ac18c257</Identifier><Relationship><Identifier>PLACEHOLDER_14</Identifier><Name/><Description/></Relationship><MeasurementInstance><TargetResult><Description>Organizations regularly conduct enterprise-wide RIM training.</Description><StartDate/><EndDate/></TargetResult><ActualResult><Description>[To be determined]</Description><StartDate/><EndDate/></ActualResult></MeasurementInstance><OtherInformation/></PerformanceIndicator><PerformanceIndicator ValueChainStage="Outcome" PerformanceIndicatorType="Qualitative"><SequenceIndicator/><MeasurementDimension>RIM Education</MeasurementDimension><UnitOfMeasurement>Support</UnitOfMeasurement><Identifier>_9114e20a-daf9-11e7-b35e-0fd2ac18c257</Identifier><Relationship><Identifier>PLACEHOLDER_15</Identifier><Name/><Description/></Relationship><MeasurementInstance><TargetResult><Description>Organizations embrace RIM education.</Description><StartDate/><EndDate/></TargetResult><ActualResult><Description>[To be determined]</Description><StartDate/><EndDate/></ActualResult></MeasurementInstance><OtherInformation/></PerformanceIndicator><PerformanceIndicator ValueChainStage="Output_Processing" PerformanceIndicatorType="Qualitative"><SequenceIndicator/><MeasurementDimension>Collaboration</MeasurementDimension><UnitOfMeasurement>Effectiveness</UnitOfMeasurement><Identifier>_9114e322-daf9-11e7-b35e-0fd2ac18c257</Identifier><Relationship><Identifier>PLACEHOLDER_16</Identifier><Name/><Description/></Relationship><MeasurementInstance><TargetResult><Description>RIM professionals work collaboratively with IT, legal/compliance, and business units to ensure an effective enterprise-wide RIM program that supports the organization's information governance program.</Description><StartDate/><EndDate/></TargetResult><ActualResult><Description>[To be determined]</Description><StartDate/><EndDate/></ActualResult></MeasurementInstance><OtherInformation/></PerformanceIndicator></Objective><Objective><Name>Government Affairs</Name><Description>Support government affairs programs in the United States, Canada, and the European Union.</Description><Identifier>_e55aa950-daf2-11e7-9208-1694ab18c257</Identifier><SequenceIndicator>Guiding Principle 1.2.1</SequenceIndicator><Stakeholder StakeholderTypeType="Generic_Group"><Name>Government Agencies</Name><Description/><Role><Name>[To be named]</Name><Description/><RoleType>Beneficiary</RoleType></Role></Stakeholder><Stakeholder StakeholderTypeType="Organization"><Name>United States</Name><Description/><Role><Name>[To be named]</Name><Description/><RoleType>Beneficiary</RoleType></Role></Stakeholder><Stakeholder StakeholderTypeType="Organization"><Name>Canada</Name><Description/><Role><Name>[To be named]</Name><Description/><RoleType>Beneficiary</RoleType></Role></Stakeholder><Stakeholder StakeholderTypeType="Organization"><Name>European Union</Name><Description/><Role><Name>[To be named]</Name><Description/><RoleType>Beneficiary</RoleType></Role></Stakeholder><OtherInformation/><PerformanceIndicator ><SequenceIndicator/><MeasurementDimension/><UnitOfMeasurement/><Identifier>_9114e430-daf9-11e7-b35e-0fd2ac18c257</Identifier><Relationship><Identifier>PLACEHOLDER_17</Identifier><Name/><Description/></Relationship><MeasurementInstance><TargetResult><Description>[To be described]</Description><StartDate/><EndDate/></TargetResult><ActualResult><Description>[To be determined]</Description><StartDate/><EndDate/></ActualResult></MeasurementInstance><OtherInformation/></PerformanceIndicator></Objective><Objective><Name>Partnerships</Name><Description>Partner with allied organizations.</Description><Identifier>_e55aaa0e-daf2-11e7-9208-1694ab18c257</Identifier><SequenceIndicator>Guiding Principle 1.2.2</SequenceIndicator><Stakeholder StakeholderTypeType="Person"><Name>[To be named]</Name><Description/><Role><Name>[To be named]</Name><Description/><RoleType>Performer</RoleType></Role></Stakeholder><OtherInformation/><PerformanceIndicator ><SequenceIndicator/><MeasurementDimension/><UnitOfMeasurement/><Identifier>_9114e552-daf9-11e7-b35e-0fd2ac18c257</Identifier><Relationship><Identifier>PLACEHOLDER_18</Identifier><Name/><Description/></Relationship><MeasurementInstance><TargetResult><Description>[To be described]</Description><StartDate/><EndDate/></TargetResult><ActualResult><Description>[To be determined]</Description><StartDate/><EndDate/></ActualResult></MeasurementInstance><OtherInformation/></PerformanceIndicator></Objective><Objective><Name>Value Proposition</Name><Description>Reinforce the value of qualified RIM professionals in communication as appropriate.</Description><Identifier>_e55aaacc-daf2-11e7-9208-1694ab18c257</Identifier><SequenceIndicator>Guiding Principle 1.2.3</SequenceIndicator><Stakeholder StakeholderTypeType="Generic_Group"><Name>RIM Professionals</Name><Description/><Role><Name>[To be named]</Name><Description/><RoleType>Beneficiary</RoleType></Role></Stakeholder><OtherInformation/><PerformanceIndicator ><SequenceIndicator/><MeasurementDimension/><UnitOfMeasurement/><Identifier>_9114e674-daf9-11e7-b35e-0fd2ac18c257</Identifier><Relationship><Identifier>PLACEHOLDER_19</Identifier><Name/><Description/></Relationship><MeasurementInstance><TargetResult><Description>[To be described]</Description><StartDate/><EndDate/></TargetResult><ActualResult><Description>[To be determined]</Description><StartDate/><EndDate/></ActualResult></MeasurementInstance><OtherInformation/></PerformanceIndicator></Objective><Objective><Name>Materials &amp; Contacts</Name><Description>Leverage relevant ARMA materials and contacts.</Description><Identifier>_e55aab94-daf2-11e7-9208-1694ab18c257</Identifier><SequenceIndicator>Guiding Principle 1.2.4</SequenceIndicator><Stakeholder StakeholderTypeType="Person"><Name>[To be named]</Name><Description/><Role><Name>[To be named]</Name><Description/><RoleType>Performer</RoleType></Role></Stakeholder><OtherInformation/><PerformanceIndicator ><SequenceIndicator/><MeasurementDimension/><UnitOfMeasurement/><Identifier>_9114e796-daf9-11e7-b35e-0fd2ac18c257</Identifier><Relationship><Identifier>PLACEHOLDER_20</Identifier><Name/><Description/></Relationship><MeasurementInstance><TargetResult><Description>[To be described]</Description><StartDate/><EndDate/></TargetResult><ActualResult><Description>[To be determined]</Description><StartDate/><EndDate/></ActualResult></MeasurementInstance><OtherInformation/></PerformanceIndicator></Objective><Objective><Name>Revenue Diversity</Name><Description>Incorporate programs that diversify ARMA revenues.</Description><Identifier>_e55aac52-daf2-11e7-9208-1694ab18c257</Identifier><SequenceIndicator>Guiding Principle 1.2.5</SequenceIndicator><Stakeholder StakeholderTypeType="Person"><Name>[To be named]</Name><Description/><Role><Name>[To be named]</Name><Description/><RoleType>Performer</RoleType></Role></Stakeholder><OtherInformation/><PerformanceIndicator ><SequenceIndicator/><MeasurementDimension/><UnitOfMeasurement/><Identifier>_9114e8b8-daf9-11e7-b35e-0fd2ac18c257</Identifier><Relationship><Identifier>PLACEHOLDER_21</Identifier><Name/><Description/></Relationship><MeasurementInstance><TargetResult><Description>[To be described]</Description><StartDate/><EndDate/></TargetResult><ActualResult><Description>[To be determined]</Description><StartDate/><EndDate/></ActualResult></MeasurementInstance><OtherInformation/></PerformanceIndicator></Objective><Objective><Name>Technology</Name><Description>Exert greater RIM influence in technology development and decision making.</Description><Identifier>_e55aad10-daf2-11e7-9208-1694ab18c257</Identifier><SequenceIndicator>1.3</SequenceIndicator><Stakeholder StakeholderTypeType="Person"><Name>[To be named]</Name><Description/><Role><Name>[To be named]</Name><Description/><RoleType>Performer</RoleType></Role></Stakeholder><OtherInformation>The proliferation of records and information creation and management technologies drive the need for greater RIM influence in technology development and decision making.</OtherInformation><PerformanceIndicator ><SequenceIndicator/><MeasurementDimension/><UnitOfMeasurement/><Identifier>_9114e9e4-daf9-11e7-b35e-0fd2ac18c257</Identifier><Relationship><Identifier>PLACEHOLDER_22</Identifier><Name/><Description/></Relationship><MeasurementInstance><TargetResult><Description>[To be described]</Description><StartDate/><EndDate/></TargetResult><ActualResult><Description>[To be determined]</Description><StartDate/><EndDate/></ActualResult></MeasurementInstance><OtherInformation/></PerformanceIndicator></Objective><Objective><Name>Policy &amp; Training</Name><Description>Establish RIM policy and end-user training.</Description><Identifier>_e55aadd8-daf2-11e7-9208-1694ab18c257</Identifier><SequenceIndicator>1.4</SequenceIndicator><Stakeholder StakeholderTypeType="Person"><Name>[To be named]</Name><Description/><Role><Name>[To be named]</Name><Description/><RoleType>Performer</RoleType></Role></Stakeholder><OtherInformation>The growing technological sophistication of the general workforce increases the need for organizational RIM policy and end-user training.</OtherInformation><PerformanceIndicator ><SequenceIndicator/><MeasurementDimension/><UnitOfMeasurement/><Identifier>_9114eb1a-daf9-11e7-b35e-0fd2ac18c257</Identifier><Relationship><Identifier>PLACEHOLDER_23</Identifier><Name/><Description/></Relationship><MeasurementInstance><TargetResult><Description>[To be described]</Description><StartDate/><EndDate/></TargetResult><ActualResult><Description>[To be determined]</Description><StartDate/><EndDate/></ActualResult></MeasurementInstance><OtherInformation/></PerformanceIndicator></Objective><Objective><Name>Regulatory Compliance</Name><Description>Meet compliance and regulatory requirements.</Description><Identifier>_e55aaea0-daf2-11e7-9208-1694ab18c257</Identifier><SequenceIndicator>1.5</SequenceIndicator><Stakeholder StakeholderTypeType="Person"><Name>[To be named]</Name><Description/><Role><Name>[To be named]</Name><Description/><RoleType>Performer</RoleType></Role></Stakeholder><OtherInformation>The need for organizations to meet compliance and regulatory requirements in multiple jurisdictions is increasing the demand for information and education in global RIM practices.</OtherInformation><PerformanceIndicator ><SequenceIndicator/><MeasurementDimension/><UnitOfMeasurement/><Identifier>_9114ec50-daf9-11e7-b35e-0fd2ac18c257</Identifier><Relationship><Identifier>PLACEHOLDER_24</Identifier><Name/><Description/></Relationship><MeasurementInstance><TargetResult><Description>[To be described]</Description><StartDate/><EndDate/></TargetResult><ActualResult><Description>[To be determined]</Description><StartDate/><EndDate/></ActualResult></MeasurementInstance><OtherInformation/></PerformanceIndicator></Objective></Goal><Goal><Name>Professional Advancement</Name><Description>Advance the profession.</Description><Identifier>_e55aaf5e-daf2-11e7-9208-1694ab18c257</Identifier><SequenceIndicator>2</SequenceIndicator><Stakeholder StakeholderTypeType="Person"><Name>[To be named]</Name><Description/><Role><Name>[To be named]</Name><Description/><RoleType>Performer</RoleType></Role></Stakeholder><OtherInformation/><Objective><Name>Education</Name><Description>Meet the educational needs of diverse audiences.</Description><Identifier>_e55ab03a-daf2-11e7-9208-1694ab18c257</Identifier><SequenceIndicator>2.1</SequenceIndicator><Stakeholder StakeholderTypeType="Person"><Name>[To be named]</Name><Description/><Role><Name>[To be named]</Name><Description/><RoleType>Performer</RoleType></Role></Stakeholder><OtherInformation>Changing business realities -- including evolving technologies and litigation requirements -- now demands RIM education that meets the needs of diverse audiences.</OtherInformation><PerformanceIndicator ValueChainStage="Outcome" PerformanceIndicatorType="Qualitative"><SequenceIndicator/><MeasurementDimension>Education &amp; Information</MeasurementDimension><UnitOfMeasurement>Reputation</UnitOfMeasurement><Identifier>_9114ee4e-daf9-11e7-b35e-0fd2ac18c257</Identifier><Relationship><Identifier>PLACEHOLDER_25</Identifier><Name/><Description/></Relationship><MeasurementInstance><TargetResult><Description>RIM and non-RIM professionals regard ARMA International as the primary resource for education and information on governing records and information.</Description><StartDate/><EndDate/></TargetResult><ActualResult><Description>[To be determined]</Description><StartDate/><EndDate/></ActualResult></MeasurementInstance><OtherInformation/></PerformanceIndicator><PerformanceIndicator ValueChainStage="Output" PerformanceIndicatorType="Qualitative"><SequenceIndicator/><MeasurementDimension>RIM Education Curriculum</MeasurementDimension><UnitOfMeasurement>Development</UnitOfMeasurement><Identifier>_9114f0ec-daf9-11e7-b35e-0fd2ac18c257</Identifier><Relationship><Identifier>PLACEHOLDER_26</Identifier><Name/><Description/></Relationship><MeasurementInstance><TargetResult><Description>ARMA International partners with targeted post-secondary education institutions to develop and include a RIM education curriculum based on ARMA International's RIM competencies.</Description><StartDate/><EndDate/></TargetResult><ActualResult><Description>[To be determined]</Description><StartDate/><EndDate/></ActualResult></MeasurementInstance><OtherInformation/></PerformanceIndicator><PerformanceIndicator ValueChainStage="Output" PerformanceIndicatorType="Qualitative"><SequenceIndicator/><MeasurementDimension>Education &amp; Information</MeasurementDimension><UnitOfMeasurement>Comprehensiveness</UnitOfMeasurement><Identifier>_9114f27c-daf9-11e7-b35e-0fd2ac18c257</Identifier><Relationship><Identifier>PLACEHOLDER_27</Identifier><Name/><Description/></Relationship><MeasurementInstance><TargetResult><Description>ARMA International provides comprehensive competency- and principles-based educational and informational offerings that enable RIM and non-RIM professionals to be valued contributors to their organizations' strategic direction.</Description><StartDate/><EndDate/></TargetResult><ActualResult><Description>[To be determined]</Description><StartDate/><EndDate/></ActualResult></MeasurementInstance><OtherInformation/></PerformanceIndicator><PerformanceIndicator ValueChainStage="Output_Processing" PerformanceIndicatorType="Qualitative"><SequenceIndicator/><MeasurementDimension>Program Governance &amp; Auditing</MeasurementDimension><UnitOfMeasurement/><Identifier>_9114f40c-daf9-11e7-b35e-0fd2ac18c257</Identifier><Relationship><Identifier>PLACEHOLDER_28</Identifier><Name/><Description/></Relationship><MeasurementInstance><TargetResult><Description>ARMA International establishes excellence in program governance and auditing to support the ever changing requirements.</Description><StartDate/><EndDate/></TargetResult><ActualResult><Description>[To be determined]</Description><StartDate/><EndDate/></ActualResult></MeasurementInstance><OtherInformation/></PerformanceIndicator></Objective><Objective><Name>Resources, Partners &amp; Competencies</Name><Description>Build upon current resources/partners and competencies.</Description><Identifier>_e55ab10c-daf2-11e7-9208-1694ab18c257</Identifier><SequenceIndicator>Guiding Principle 2.1.1</SequenceIndicator><Stakeholder StakeholderTypeType="Person"><Name>[To be named]</Name><Description/><Role><Name>[To be named]</Name><Description/><RoleType>Performer</RoleType></Role></Stakeholder><OtherInformation/><PerformanceIndicator ><SequenceIndicator/><MeasurementDimension/><UnitOfMeasurement/><Identifier>_9114f59c-daf9-11e7-b35e-0fd2ac18c257</Identifier><Relationship><Identifier>PLACEHOLDER_29</Identifier><Name/><Description/></Relationship><MeasurementInstance><TargetResult><Description>[To be described]</Description><StartDate/><EndDate/></TargetResult><ActualResult><Description>[To be determined]</Description><StartDate/><EndDate/></ActualResult></MeasurementInstance><OtherInformation/></PerformanceIndicator></Objective><Objective><Name>Post-Secondary Relationships</Name><Description>Establish formal relationship with interested post-secondary institutions.</Description><Identifier>_e55ab1e8-daf2-11e7-9208-1694ab18c257</Identifier><SequenceIndicator>Guiding Principle 2.1.2</SequenceIndicator><Stakeholder StakeholderTypeType="Generic_Group"><Name>Post-Secondary Institutions</Name><Description/><Role><Name>[To be named]</Name><Description/><RoleType>Performer</RoleType><RoleType>Beneficiary</RoleType></Role></Stakeholder><OtherInformation/><PerformanceIndicator ><SequenceIndicator/><MeasurementDimension/><UnitOfMeasurement/><Identifier>_9114f704-daf9-11e7-b35e-0fd2ac18c257</Identifier><Relationship><Identifier>PLACEHOLDER_30</Identifier><Name/><Description/></Relationship><MeasurementInstance><TargetResult><Description>[To be described]</Description><StartDate/><EndDate/></TargetResult><ActualResult><Description>[To be determined]</Description><StartDate/><EndDate/></ActualResult></MeasurementInstance><OtherInformation/></PerformanceIndicator></Objective><Objective><Name>CRM Exam</Name><Description>Collaborate with the Institute of Certified Records Managers (ICRM) for anything related to CRM exam preparation.</Description><Identifier>_e55ab2ce-daf2-11e7-9208-1694ab18c257</Identifier><SequenceIndicator>Guiding Principle 2.1.3</SequenceIndicator><Stakeholder StakeholderTypeType="Organization"><Name>Institute of Certified Records Managers</Name><Description/><Role><Name>[To be named]</Name><Description/><RoleType>Performer</RoleType><RoleType>Beneficiary</RoleType></Role></Stakeholder><OtherInformation/><PerformanceIndicator ><SequenceIndicator/><MeasurementDimension/><UnitOfMeasurement/><Identifier>_9114f858-daf9-11e7-b35e-0fd2ac18c257</Identifier><Relationship><Identifier>PLACEHOLDER_31</Identifier><Name/><Description/></Relationship><MeasurementInstance><TargetResult><Description>[To be described]</Description><StartDate/><EndDate/></TargetResult><ActualResult><Description>[To be determined]</Description><StartDate/><EndDate/></ActualResult></MeasurementInstance><OtherInformation/></PerformanceIndicator></Objective><Objective><Name>Non-RIM Audiences</Name><Description>Broaden our focus to non-RIM audiences -- including IT, Legal, and general business.</Description><Identifier>_e55ab3aa-daf2-11e7-9208-1694ab18c257</Identifier><SequenceIndicator>Guiding Principle 2.1.4</SequenceIndicator><Stakeholder StakeholderTypeType="Generic_Group"><Name>IT Audience</Name><Description/><Role><Name>[To be named]</Name><Description/><RoleType>Beneficiary</RoleType></Role></Stakeholder><Stakeholder StakeholderTypeType="Generic_Group"><Name>Legal Audience</Name><Description/><Role><Name>[To be named]</Name><Description/><RoleType>Beneficiary</RoleType></Role></Stakeholder><Stakeholder StakeholderTypeType="Generic_Group"><Name>Business Audience</Name><Description/><Role><Name>[To be named]</Name><Description/><RoleType>Beneficiary</RoleType></Role></Stakeholder><OtherInformation/><PerformanceIndicator ><SequenceIndicator/><MeasurementDimension/><UnitOfMeasurement/><Identifier>_9114f9de-daf9-11e7-b35e-0fd2ac18c257</Identifier><Relationship><Identifier>PLACEHOLDER_32</Identifier><Name/><Description/></Relationship><MeasurementInstance><TargetResult><Description>[To be described]</Description><StartDate/><EndDate/></TargetResult><ActualResult><Description>[To be determined]</Description><StartDate/><EndDate/></ActualResult></MeasurementInstance><OtherInformation/></PerformanceIndicator></Objective><Objective><Name>Commercialization</Name><Description>Examine opportunities to diversify ARMA's revenue streams, including the commercialization of educational programs.</Description><Identifier>_e55ab490-daf2-11e7-9208-1694ab18c257</Identifier><SequenceIndicator>Guiding Principle 2.1.5</SequenceIndicator><Stakeholder StakeholderTypeType="Person"><Name>[To be named]</Name><Description/><Role><Name>[To be named]</Name><Description/><RoleType>Performer</RoleType></Role></Stakeholder><OtherInformation/><PerformanceIndicator ><SequenceIndicator/><MeasurementDimension/><UnitOfMeasurement/><Identifier>_9114fba0-daf9-11e7-b35e-0fd2ac18c257</Identifier><Relationship><Identifier>PLACEHOLDER_33</Identifier><Name/><Description/></Relationship><MeasurementInstance><TargetResult><Description>[To be described]</Description><StartDate/><EndDate/></TargetResult><ActualResult><Description>[To be determined]</Description><StartDate/><EndDate/></ActualResult></MeasurementInstance><OtherInformation/></PerformanceIndicator></Objective><Objective><Name>Collaborative Relationships</Name><Description>Establish collaborative relationships with partners in IT, information security, and legal/compliance to enhance our ability to develop RIM resources relevant to their constituents.</Description><Identifier>_e55ab5bc-daf2-11e7-9208-1694ab18c257</Identifier><SequenceIndicator>Guiding Principle 2.1.6</SequenceIndicator><Stakeholder StakeholderTypeType="Generic_Group"><Name>IT Professionals</Name><Description/><Role><Name>[To be named]</Name><Description/><RoleType>Performer</RoleType><RoleType>Beneficiary</RoleType></Role></Stakeholder><Stakeholder StakeholderTypeType="Generic_Group"><Name>Information Security Professionals</Name><Description/><Role><Name>[To be named]</Name><Description/><RoleType>Performer</RoleType><RoleType>Beneficiary</RoleType></Role></Stakeholder><Stakeholder StakeholderTypeType="Generic_Group"><Name>Legal Professionals</Name><Description/><Role><Name>[To be named]</Name><Description/><RoleType>Performer</RoleType><RoleType>Beneficiary</RoleType></Role></Stakeholder><Stakeholder StakeholderTypeType="Generic_Group"><Name>Compliance Professionals</Name><Description/><Role><Name>[To be named]</Name><Description/><RoleType>Performer</RoleType><RoleType>Beneficiary</RoleType></Role></Stakeholder><OtherInformation/><PerformanceIndicator ><SequenceIndicator/><MeasurementDimension/><UnitOfMeasurement/><Identifier>_9114fd44-daf9-11e7-b35e-0fd2ac18c257</Identifier><Relationship><Identifier>PLACEHOLDER_34</Identifier><Name/><Description/></Relationship><MeasurementInstance><TargetResult><Description>[To be described]</Description><StartDate/><EndDate/></TargetResult><ActualResult><Description>[To be determined]</Description><StartDate/><EndDate/></ActualResult></MeasurementInstance><OtherInformation/></PerformanceIndicator></Objective><Objective><Name>Alliances</Name><Description>Create and leverage strategic alliances.</Description><Identifier>_e55ab6ac-daf2-11e7-9208-1694ab18c257</Identifier><SequenceIndicator>2.2</SequenceIndicator><Stakeholder StakeholderTypeType="Person"><Name>[To be named]</Name><Description/><Role><Name>[To be named]</Name><Description/><RoleType>Performer</RoleType></Role></Stakeholder><OtherInformation>ARMA International's ability to achieve its mission requires that it create and leverage strategic alliances.</OtherInformation><PerformanceIndicator ><SequenceIndicator/><MeasurementDimension/><UnitOfMeasurement/><Identifier>_9114fef2-daf9-11e7-b35e-0fd2ac18c257</Identifier><Relationship><Identifier>PLACEHOLDER_35</Identifier><Name/><Description/></Relationship><MeasurementInstance><TargetResult><Description>[To be described]</Description><StartDate/><EndDate/></TargetResult><ActualResult><Description>[To be determined]</Description><StartDate/><EndDate/></ActualResult></MeasurementInstance><OtherInformation/></PerformanceIndicator></Objective><Objective><Name>Recruitment</Name><Description>Attract younger generations to choose RIM as a career path.</Description><Identifier>_e55ab788-daf2-11e7-9208-1694ab18c257</Identifier><SequenceIndicator>2.3</SequenceIndicator><Stakeholder StakeholderTypeType="Generic_Group"><Name>Young People</Name><Description/><Role><Name>[To be named]</Name><Description/><RoleType>Beneficiary</RoleType></Role></Stakeholder><OtherInformation>The aging demographic of the RIM profession creates an imperative that we attract younger generations to choose RIM as a recognized and viable career path.</OtherInformation><PerformanceIndicator ><SequenceIndicator/><MeasurementDimension/><UnitOfMeasurement/><Identifier>_91150064-daf9-11e7-b35e-0fd2ac18c257</Identifier><Relationship><Identifier>PLACEHOLDER_36</Identifier><Name/><Description/></Relationship><MeasurementInstance><TargetResult><Description>[To be described]</Description><StartDate/><EndDate/></TargetResult><ActualResult><Description>[To be determined]</Description><StartDate/><EndDate/></ActualResult></MeasurementInstance><OtherInformation/></PerformanceIndicator></Objective></Goal><Goal><Name>Value</Name><Description>Provide value to members.</Description><Identifier>_e55ab95e-daf2-11e7-9208-1694ab18c257</Identifier><SequenceIndicator>3</SequenceIndicator><Stakeholder StakeholderTypeType="Generic_Group"><Name>ARMA Members</Name><Description/><Role><Name>[To be named]</Name><Description/><RoleType>Beneficiary</RoleType></Role></Stakeholder><OtherInformation/><Objective><Name>Collaboration</Name><Description>Collaboration more effectively between ARMA International and its chapters.</Description><Identifier>_e55aba3a-daf2-11e7-9208-1694ab18c257</Identifier><SequenceIndicator>3.1</SequenceIndicator><Stakeholder StakeholderTypeType="Generic_Group"><Name>ARMA Chapters</Name><Description/><Role><Name>[To be named]</Name><Description/><RoleType>Performer</RoleType><RoleType>Beneficiary</RoleType></Role></Stakeholder><OtherInformation>ARMA International values its partnership with its regions and chapters. However, more effective collaboration between ARMA International and its chapters is imperative for the success of all parties. Desired Outcomes:  1. Members receive value and a high-quality experience at all levels of the association. 2. Assist chapters to achieve consistency in branding, programming, and overall experience 3. Chapters have the resources and guidance they need to strengthen their operations.</OtherInformation><PerformanceIndicator ><SequenceIndicator/><MeasurementDimension/><UnitOfMeasurement/><Identifier>_91150244-daf9-11e7-b35e-0fd2ac18c257</Identifier><Relationship><Identifier>PLACEHOLDER_37</Identifier><Name/><Description/></Relationship><MeasurementInstance><TargetResult><Description>[To be described]</Description><StartDate/><EndDate/></TargetResult><ActualResult><Description>[To be determined]</Description><StartDate/><EndDate/></ActualResult></MeasurementInstance><OtherInformation/></PerformanceIndicator></Objective><Objective><Name>Chapter Options</Name><Description>Consider options outside the current chapter structure.</Description><Identifier>_e55abb16-daf2-11e7-9208-1694ab18c257</Identifier><SequenceIndicator>Guiding Principle 3.1.1</SequenceIndicator><Stakeholder StakeholderTypeType="Person"><Name>[To be named]</Name><Description/><Role><Name>[To be named]</Name><Description/><RoleType>Performer</RoleType></Role></Stakeholder><OtherInformation/><PerformanceIndicator ><SequenceIndicator/><MeasurementDimension/><UnitOfMeasurement/><Identifier>_911503ca-daf9-11e7-b35e-0fd2ac18c257</Identifier><Relationship><Identifier>PLACEHOLDER_38</Identifier><Name/><Description/></Relationship><MeasurementInstance><TargetResult><Description>[To be described]</Description><StartDate/><EndDate/></TargetResult><ActualResult><Description>[To be determined]</Description><StartDate/><EndDate/></ActualResult></MeasurementInstance><OtherInformation/></PerformanceIndicator></Objective><Objective><Name>Chapter Partnerships</Name><Description>Foster a mutually beneficial partnership with the chapters.</Description><Identifier>_e55abc10-daf2-11e7-9208-1694ab18c257</Identifier><SequenceIndicator>Guiding Principle 3.1.2</SequenceIndicator><Stakeholder StakeholderTypeType="Generic_Group"><Name>ARMA Chapters</Name><Description/><Role><Name>[To be named]</Name><Description/><RoleType>Performer</RoleType><RoleType>Beneficiary</RoleType></Role></Stakeholder><OtherInformation/><PerformanceIndicator ><SequenceIndicator/><MeasurementDimension/><UnitOfMeasurement/><Identifier>_91150564-daf9-11e7-b35e-0fd2ac18c257</Identifier><Relationship><Identifier>PLACEHOLDER_39</Identifier><Name/><Description/></Relationship><MeasurementInstance><TargetResult><Description>[To be described]</Description><StartDate/><EndDate/></TargetResult><ActualResult><Description>[To be determined]</Description><StartDate/><EndDate/></ActualResult></MeasurementInstance><OtherInformation/></PerformanceIndicator></Objective><Objective><Name>Revenue Diversity</Name><Description>Examine opportunities to diversify ARMA's revenue streams in cooperation with ARMA's chapters.</Description><Identifier>_e55abcf6-daf2-11e7-9208-1694ab18c257</Identifier><SequenceIndicator>Guiding Principle 3.1.3</SequenceIndicator><Stakeholder StakeholderTypeType="Generic_Group"><Name>ARMA Chapters</Name><Description/><Role><Name>[To be named]</Name><Description/><RoleType>Performer</RoleType><RoleType>Beneficiary</RoleType></Role></Stakeholder><OtherInformation/><PerformanceIndicator ><SequenceIndicator/><MeasurementDimension/><UnitOfMeasurement/><Identifier>_9115071c-daf9-11e7-b35e-0fd2ac18c257</Identifier><Relationship><Identifier>PLACEHOLDER_40</Identifier><Name/><Description/></Relationship><MeasurementInstance><TargetResult><Description>[To be described]</Description><StartDate/><EndDate/></TargetResult><ActualResult><Description>[To be determined]</Description><StartDate/><EndDate/></ActualResult></MeasurementInstance><OtherInformation/></PerformanceIndicator></Objective><Objective><Name>Information Access Plan</Name><Description>Compile a plan to meet the needs of our members and customers.</Description><Identifier>_e55abdd2-daf2-11e7-9208-1694ab18c257</Identifier><SequenceIndicator>3.2</SequenceIndicator><Stakeholder StakeholderTypeType="Person"><Name>[To be named]</Name><Description/><Role><Name>[To be named]</Name><Description/><RoleType>Performer</RoleType></Role></Stakeholder><OtherInformation>How members and other audiences engage and interact with the association has changed due to the way they access information. As technology and how we access information changes, a more comprehensive plan is needed to ensure that we are meeting the needs of our members and customers.</OtherInformation><PerformanceIndicator ValueChainStage="Input_Processing" PerformanceIndicatorType="Qualitative"><SequenceIndicator/><MeasurementDimension>Channels &amp; Formats</MeasurementDimension><UnitOfMeasurement>Access &amp; Interaction</UnitOfMeasurement><Identifier>_911508a2-daf9-11e7-b35e-0fd2ac18c257</Identifier><Relationship><Identifier>PLACEHOLDER_41</Identifier><Name/><Description/></Relationship><MeasurementInstance><TargetResult><Description>Professionals are able to access and interact with ARMA International resources in their preferred channel / format.</Description><StartDate/><EndDate/></TargetResult><ActualResult><Description>[To be determined]</Description><StartDate/><EndDate/></ActualResult></MeasurementInstance><OtherInformation/></PerformanceIndicator><PerformanceIndicator ValueChainStage="Input_Processing" PerformanceIndicatorType="Qualitative"><SequenceIndicator/><MeasurementDimension>Engagement</MeasurementDimension><UnitOfMeasurement>Activity</UnitOfMeasurement><Identifier>_91150a32-daf9-11e7-b35e-0fd2ac18c257</Identifier><Relationship><Identifier>PLACEHOLDER_42</Identifier><Name/><Description/></Relationship><MeasurementInstance><TargetResult><Description>Active engagement by target audiences via their preferred channel / format.</Description><StartDate/><EndDate/></TargetResult><ActualResult><Description>[To be determined]</Description><StartDate/><EndDate/></ActualResult></MeasurementInstance><OtherInformation/></PerformanceIndicator></Objective><Objective><Name>Revenue</Name><Description>Examine opportunities to diversify ARMA's revenue streams in meeting these needs.</Description><Identifier>_e55ac00c-daf2-11e7-9208-1694ab18c257</Identifier><SequenceIndicator>Guiding Principle 3.2.1</SequenceIndicator><Stakeholder StakeholderTypeType="Person"><Name>[To be named]</Name><Description/><Role><Name>[To be named]</Name><Description/><RoleType>Performer</RoleType></Role></Stakeholder><OtherInformation/><PerformanceIndicator ><SequenceIndicator/><MeasurementDimension/><UnitOfMeasurement/><Identifier>_91150bc2-daf9-11e7-b35e-0fd2ac18c257</Identifier><Relationship><Identifier>PLACEHOLDER_43</Identifier><Name/><Description/></Relationship><MeasurementInstance><TargetResult><Description>[To be described]</Description><StartDate/><EndDate/></TargetResult><ActualResult><Description>[To be determined]</Description><StartDate/><EndDate/></ActualResult></MeasurementInstance><OtherInformation/></PerformanceIndicator></Objective><Objective><Name>Content &amp; Delivery</Name><Description>Provide value to professionals in both content and delivery experience.</Description><Identifier>_e55ac106-daf2-11e7-9208-1694ab18c257</Identifier><SequenceIndicator>Guiding Principle 3.2.2</SequenceIndicator><Stakeholder StakeholderTypeType="Person"><Name>[To be named]</Name><Description/><Role><Name>[To be named]</Name><Description/><RoleType>Performer</RoleType></Role></Stakeholder><OtherInformation/><PerformanceIndicator ><SequenceIndicator/><MeasurementDimension/><UnitOfMeasurement/><Identifier>_91150d5c-daf9-11e7-b35e-0fd2ac18c257</Identifier><Relationship><Identifier>PLACEHOLDER_44</Identifier><Name/><Description/></Relationship><MeasurementInstance><TargetResult><Description>[To be described]</Description><StartDate/><EndDate/></TargetResult><ActualResult><Description>[To be determined]</Description><StartDate/><EndDate/></ActualResult></MeasurementInstance><OtherInformation/></PerformanceIndicator></Objective><Objective><Name>Volunteer Opportunities</Name><Description>Provide volunteer opportunities in addressing these needs.</Description><Identifier>_e55ac1ec-daf2-11e7-9208-1694ab18c257</Identifier><SequenceIndicator>Guiding Principle 3.2.3</SequenceIndicator><Stakeholder StakeholderTypeType="Person"><Name>[To be named]</Name><Description/><Role><Name>[To be named]</Name><Description/><RoleType>Performer</RoleType></Role></Stakeholder><OtherInformation/><PerformanceIndicator ><SequenceIndicator/><MeasurementDimension/><UnitOfMeasurement/><Identifier>_91150ef6-daf9-11e7-b35e-0fd2ac18c257</Identifier><Relationship><Identifier>PLACEHOLDER_45</Identifier><Name/><Description/></Relationship><MeasurementInstance><TargetResult><Description>[To be described]</Description><StartDate/><EndDate/></TargetResult><ActualResult><Description>[To be determined]</Description><StartDate/><EndDate/></ActualResult></MeasurementInstance><OtherInformation/></PerformanceIndicator></Objective><Objective><Name>Global Reach</Name><Description>Respond to and assist interested communities throughout the world.</Description><Identifier>_e55ac2f0-daf2-11e7-9208-1694ab18c257</Identifier><SequenceIndicator>3.3</SequenceIndicator><Stakeholder StakeholderTypeType="Person"><Name>[To be named]</Name><Description/><Role><Name>[To be named]</Name><Description/><RoleType>Performer</RoleType></Role></Stakeholder><OtherInformation>Because issues around managing records and information are global, ARMA International is committed to responding to and assisting interested communities throughout the world to provide education, resources, and the opportunity for more formal structures.</OtherInformation><PerformanceIndicator ><SequenceIndicator/><MeasurementDimension/><UnitOfMeasurement/><Identifier>_91151090-daf9-11e7-b35e-0fd2ac18c257</Identifier><Relationship><Identifier>PLACEHOLDER_46</Identifier><Name/><Description/></Relationship><MeasurementInstance><TargetResult><Description>[To be described]</Description><StartDate/><EndDate/></TargetResult><ActualResult><Description>[To be determined]</Description><StartDate/><EndDate/></ActualResult></MeasurementInstance><OtherInformation/></PerformanceIndicator></Objective></Goal></StrategicPlanCore><AdministrativeInformation><Identifier/><StartDate>2012-01-01</StartDate><EndDate>2013-12-31</EndDate><PublicationDate>2017-12-06</PublicationDate><Source>http://www.arma.org/docs/default-document-library/strategic-plan-2012-13.pdf</Source></AdministrativeInformation><Submitter><Identifier/><GivenName>Owen</GivenName><Surname>Ambur</Surname><PhoneNumber/><EmailAddress>Owen.Ambur@verizon.net</EmailAddress></Submitter></PerformancePlanOrReport>