<?xml version="1.0" encoding="UTF-8"?>
<StrategicPlan xmlns="urn:ISO:std:iso:17469:tech:xsd:stratml_core" xmlns:xsi="http://www.w3.org/2001/XMLSchema-instance" xsi:schemaLocation="urn:ISO:std:iso:17469:tech:xsd:stratml_core http://xml.govwebs.net/stratml/references/StrategicPlanISOVersion20140401.xsd"><Name>About aSuggestion</Name><Description>aSuggestion is  a free service  enabling users to shadow organizations that matter (work, play, social, etc) and to openly offer anonymous comments which might have otherwise remained unshared. </Description><OtherInformation/><StrategicPlanCore><Organization><Name>aSuggestion</Name><Acronym>AS2</Acronym><Identifier>_d96d2026-b66f-11e6-a29e-9399f7e90587</Identifier><Description/><Stakeholder StakeholderTypeType="Generic_Group"><Name>Employees</Name><Description/></Stakeholder></Organization><Vision><Description>Life Improved.</Description><Identifier>_d96d21de-b66f-11e6-a29e-9399f7e90587</Identifier></Vision><Mission><Description>To affect positive and meaningful change.</Description><Identifier>_d96d2292-b66f-11e6-a29e-9399f7e90587</Identifier></Mission><Value><Name>Commentary</Name><Description>The original inspiration of aSuggestion is to become the medium through which employees can offer commentary to honestly and sincerely suggest improvements for daily function in the workplace.</Description></Value><Value><Name>Honesty</Name><Description/></Value><Value><Name>Anonymity</Name><Description>A critical aspect of this communication is the ability to offer your suggestions anonymously, thereby encouraging the "suggestor" to speak freely and honestly.  Unlike your handwritten suggestion left in the company suggestion box, aSuggestion ensures that your suggestions--be they minor or relatively major--are delivered without fear of reprisal.</Description></Value><Value><Name>Freedom</Name><Description>With freedom, however, comes the responsibility of self-governance.  aSuggestion is not designed for the exchange of fiery or hateful posts, and such posts will be removed.</Description></Value><Value><Name>Responsibility</Name><Description/></Value><Value><Name>Self-Governance</Name><Description/></Value><Value><Name>Perspective</Name><Description>Further, suggestors need always consider the perspective of the reader.  If one truly wishes to improve the workplace and to create an open forum to exchange ideas, constructive criticism is required (remember catching more flies with honey than vinegar?).</Description></Value><Goal><Name>Suggestions</Name><Description>Deliver suggestions</Description><Identifier>_d96d2332-b66f-11e6-a29e-9399f7e90587</Identifier><SequenceIndicator/><Stakeholder StakeholderTypeType="Generic_Group"><Name>Employees</Name><Description/></Stakeholder><Stakeholder StakeholderTypeType="Generic_Group"><Name>Parents</Name><Description/></Stakeholder><Stakeholder StakeholderTypeType="Generic_Group"><Name>Schools</Name><Description/></Stakeholder><Stakeholder StakeholderTypeType="Generic_Group"><Name>Patients</Name><Description/></Stakeholder><Stakeholder StakeholderTypeType="Generic_Group"><Name>Hospitals </Name><Description/></Stakeholder><Stakeholder StakeholderTypeType="Generic_Group"><Name>Players</Name><Description/></Stakeholder><Stakeholder StakeholderTypeType="Generic_Group"><Name>Teams </Name><Description/></Stakeholder><Stakeholder StakeholderTypeType="Generic_Group"><Name>Coaches</Name><Description/></Stakeholder><Stakeholder StakeholderTypeType="Generic_Group"><Name>Citizens</Name><Description/></Stakeholder><Stakeholder StakeholderTypeType="Generic_Group"><Name>Municipalities</Name><Description/></Stakeholder><Stakeholder StakeholderTypeType="Generic_Group"><Name>Parishoners</Name><Description/></Stakeholder><OtherInformation/><Objective><Name/><Description/><Identifier>_d96d23c8-b66f-11e6-a29e-9399f7e90587</Identifier><SequenceIndicator/><Stakeholder><Name/><Description/></Stakeholder><OtherInformation/></Objective></Goal></StrategicPlanCore><AdministrativeInformation><PublicationDate>2016-11-29</PublicationDate><Source>https://asuggestion.com/c/about</Source><Submitter><GivenName>Owen</GivenName><Surname>Ambur</Surname><PhoneNumber/><EmailAddress>Owen.Ambur@verizon.net</EmailAddress></Submitter></AdministrativeInformation></StrategicPlan>