<?xml version="1.0" encoding="UTF-8"?>
<StrategicPlan xmlns="urn:ISO:std:iso:17469:tech:xsd:stratml_core" xmlns:xsi="http://www.w3.org/2001/XMLSchema-instance" xsi:schemaLocation="urn:ISO:std:iso:17469:tech:xsd:stratml_core http://xml.govwebs.net/stratml/references/StrategicPlanISOVersion20140401.xsd"><Name>About ASBDC</Name><Description/><OtherInformation/><StrategicPlanCore><Organization><Name>America's Small Business Development Center</Name><Acronym>ASBDC</Acronym><Identifier>_0679cafc-d388-11e7-b5d3-36c36f068471</Identifier><Description>America's SBDC represents America's nationwide network of Small Business Development Centers (SBDCs) -- the most comprehensive small business assistance network in the United States and its territories.</Description><Stakeholder StakeholderTypeType="Generic_Group"><Name>Small Business Development Centers</Name><Description>The mission of America's nationwide network of SBDCs is to help new entrepreneurs realize the dream of business ownership, and to assist existing businesses to remain competitive in the complex marketplace of an ever-changing global economy.</Description></Stakeholder><Stakeholder StakeholderTypeType="Organization"><Name>U.S. Small Business Administration</Name><Description>Hosted by leading universities, colleges and state economic development agencies, and funded in part by the United States Congress through a partnership with the U.S. Small Business Administration, nearly 1,000 service centers are available to provide no-cost business consulting and low-cost training.</Description></Stakeholder><Stakeholder StakeholderTypeType="Organization"><Name>Congress</Name><Description/></Stakeholder><Stakeholder StakeholderTypeType="Generic_Group"><Name>Universities</Name><Description/></Stakeholder><Stakeholder StakeholderTypeType="Generic_Group"><Name>Colleges</Name><Description/></Stakeholder><Stakeholder StakeholderTypeType="Generic_Group"><Name>State Economic Development Agencies</Name><Description/></Stakeholder><Stakeholder StakeholderTypeType="Generic_Group"><Name>Small Business Owners</Name><Description>Small business owners and aspiring entrepreneurs can go to their local SBDCs for FREE face-to-face business consulting and at-cost training</Description></Stakeholder><Stakeholder StakeholderTypeType="Generic_Group"><Name>Entrepreneurs</Name><Description/></Stakeholder><Stakeholder StakeholderTypeType="Generic_Group"><Name>ASBDC Board of Directors</Name><Description/></Stakeholder><Stakeholder StakeholderTypeType="Person"><Name>Michael Myhre</Name><Description>Chair --  State Director, Florida SBDC Network University of West Florida 11000 University Parkway, Bldg. 38 Pensacola, FL 32514 Website: www.floridasbdc.org</Description></Stakeholder><Stakeholder StakeholderTypeType="Person"><Name>Allan Adams</Name><Description>State Director, Georgia SBDC Network, University of Georgia, 1180 East Broad Street, Athens, GA 30602-5412 Website: www.georgiasbdc.org</Description></Stakeholder><Stakeholder StakeholderTypeType="Person"><Name>Michele Abraham</Name><Description>Vice Chair --  State Director, South Carolina SBDC, USC, Moore School of Business, 1705 College Street, Columbia, SC 29208 Website: www.scsbdc.com</Description></Stakeholder><Stakeholder StakeholderTypeType="Person"><Name>Terry Chambers</Name><Description>Associate State Director, Washington SBDC, Washington State University, 1235 N. Post Street, Suite 201, Spokane, WA 99201 Website: www.wsbdc.org</Description></Stakeholder><Stakeholder StakeholderTypeType="Person"><Name>Linda Rossi</Name><Description>Board Secretary --  State Director, Vermont SBDC, Vermont Technical College, P.O. Box 188, 1 Main Street, Randolph Center, VT 05061-0188 Website: www.vtsbdc.org</Description></Stakeholder><Stakeholder StakeholderTypeType="Person"><Name>Christian Conroy</Name><Description>State Director, Pennsylvania SBDC, The Wharton School, University of Pennsylvania, 3819-33 Chestnut Street, Suite 325, Philadelphia, PA 19104-3238 Website: www.pasbdc.org</Description></Stakeholder><Stakeholder StakeholderTypeType="Person"><Name>Lisa Shimkat</Name><Description>Treasurer --  State Director, America’s SBDC - Iowa, Iowa State University, College of Business, 1805 Collaboration Place, Suite 1340, Ames, IA 50010-9166 Website: www.iowasbdc.org</Description></Stakeholder><Stakeholder StakeholderTypeType="Person"><Name>Bill Cummins</Name><Description>State Director, Alabama SBDC Network, The University of Alabama, Box 870396, 621 Greensboro Avenue, Tuscaloosa, Alabama 35401 Website: www.asbdc.org</Description></Stakeholder><Stakeholder StakeholderTypeType="Person"><Name>Edward Rowe III</Name><Description>President --  President and CEO, America's SBDC, 8990 Burke Lake Road, 2nd Floor, Burke, VA 22015 Website: www.americassbdc.org</Description></Stakeholder><Stakeholder StakeholderTypeType="Person"><Name>Mark Langford</Name><Description>Regional Director, North Texas SBDC,  Bill J. Priest Campus of El Centro College 1402 Corinth Street, Suite 2111 Dallas, Texas 75215  Website: www.ntsbdc.org</Description></Stakeholder><Stakeholder StakeholderTypeType="Person"><Name>Greg Panichello</Name><Description>State Director, Kansas SBDC, 214 S.W. 6th Street, Suite 301, Topeka, KS 66603-3719</Description></Stakeholder><Stakeholder StakeholderTypeType="Generic_Group"><Name>America's SBDC Staff</Name><Description>America's SBDC, 8990 Burke Lake Road, 2nd Floor, Burke, VA  22015, PHONE: 703-764-9850 FAX: 703-764-1234 info@americassbdc.org</Description></Stakeholder><Stakeholder StakeholderTypeType="Person"><Name>Charles "Tee" Rowe</Name><Description>President / CEO </Description></Stakeholder><Stakeholder StakeholderTypeType="Person"><Name>Donna Ettenson</Name><Description>Vice President of Operations</Description></Stakeholder><Stakeholder StakeholderTypeType="Person"><Name>April Youngblut</Name><Description>Director of Marketing &amp; Communications</Description></Stakeholder><Stakeholder StakeholderTypeType="Person"><Name>Brett Thibodeau</Name><Description>Program Manager &amp; Registrar</Description></Stakeholder><Stakeholder StakeholderTypeType="Person"><Name>Marisol Rivera-Diaz</Name><Description>Office Manager</Description></Stakeholder><Stakeholder StakeholderTypeType="Generic_Group"><Name>ASBDC State Directors</Name><Description/></Stakeholder><Stakeholder StakeholderTypeType="Person"><Name>Bill Cummins</Name><Description>State Director, Alabama SBDC The University of Alabama Box 870396 621 Greensboro Avenue Tuscaloosa, AL 35401</Description></Stakeholder><Stakeholder StakeholderTypeType="Person"><Name>Isaac Vanderburg</Name><Description>State Director, Alaska SBDC, University of Alaska / Anchorage, 1901 Bragaw Street, Room 199, Anchorage, AK 99508</Description></Stakeholder><Stakeholder StakeholderTypeType="Person"><Name>Herbert Thweatt</Name><Description>State Director, American Samoa Community College SBDC, P.O. Box 2609, Pago Pago, AS 96799</Description></Stakeholder><Stakeholder StakeholderTypeType="Person"><Name>Janice Washington</Name><Description>State Director, Arizona SBDC, Maricopa County Community College, 2411 West 14th St., Suite 114, Tempe, AZ 85281-6941</Description></Stakeholder><Stakeholder StakeholderTypeType="Person"><Name>Laura Fine</Name><Description>State Director, Arkansas SBTDC, University of Arkansas at Little Rock, 2801 South University Avenue, Rm. 260, Little Rock, AR 72204</Description></Stakeholder><Stakeholder StakeholderTypeType="Person"><Name>Dan Ripke</Name><Description>Regional Director, Northeastern California SBDC, CSU-Chico, 35 Main Street, Room 203, Chico, CA 95929-0765</Description></Stakeholder><Stakeholder StakeholderTypeType="Person"><Name>Kristin Johnson</Name><Description>Regional Director, Northern California Regional SBDC, Humboldt State University, 1 Harpst Street, House 71, Arcata, CA 95521</Description></Stakeholder><Stakeholder StakeholderTypeType="Person"><Name>Diane Howerton</Name><Description>Regional Director, UC Merced SBDC Regional Network, 550 E. Shaw Avenue, Suite 100, Fresno, CA 93710</Description></Stakeholder><Stakeholder StakeholderTypeType="Person"><Name>Mike Daniel</Name><Description>Regional Director, Orange County/Inland Empire SBDC Network, California State University, Fullerton, 800 N. State College Blvd. SGMH 5313, Fullerton, CA 92834</Description></Stakeholder><Stakeholder StakeholderTypeType="Person"><Name>Patrick Nye</Name><Description>Interim Regional Director, Los Angeles Regional SBDC, Long Beach City College, 4900 E. Conant Street, Building 2, Long Beach, CA 90808</Description></Stakeholder><Stakeholder StakeholderTypeType="Person"><Name>Marquise Jackson</Name><Description>Regional Director, San Diego &amp; Imperial SBDC Network, Southwestern Community College, 880 National City Boulevard, Suite 103, National City, CA 91950</Description></Stakeholder><Stakeholder StakeholderTypeType="Person"><Name>Kelly Manning</Name><Description>State Director, Colorado SBDC, 1625 Broadway, Suite 2700, Denver, CO 80202</Description></Stakeholder><Stakeholder StakeholderTypeType="Person"><Name>Emily Carter</Name><Description>State Director, Connecticut SBDC, University of Connecticut, 2100 Hillside Road, Unit 1004, Storrs, CT 06269</Description></Stakeholder><Stakeholder StakeholderTypeType="Person"><Name>Mike Bowman</Name><Description>State Director, Delaware SBDC, Delaware Technology Park, 1 Innovation Way, Suite 301, Newark, DE 19711</Description></Stakeholder><Stakeholder StakeholderTypeType="Person"><Name>Carl Brown</Name><Description>Executive Director, District of Columbia SBDC, Howard University, 2600 6th Street, N.W., Room 128, Washington, DC 20059</Description></Stakeholder><Stakeholder StakeholderTypeType="Person"><Name>Michael Myhre</Name><Description>State Director, Florida SBDC Network, University of West Florida, Division of Research and Strategic Innovation, 220 West Garden Street, Suite 301, Pensacola, FL 32502</Description></Stakeholder><Stakeholder StakeholderTypeType="Person"><Name>Allan Adams</Name><Description>State Director, Georgia SBDC Network, University of Georgia, 1180 East Broad Street, Athens, GA 30602-5412</Description></Stakeholder><Stakeholder StakeholderTypeType="Person"><Name>Cathy Wiltse</Name><Description>State Director, Hawaii SBDC Network, 200 W. Kawili Street, Suite 107, Hilo, HI 96720</Description></Stakeholder><Stakeholder StakeholderTypeType="Person"><Name>Katie Sewell</Name><Description>State Director, Idaho SBDC, Boise State University, 1910 University Drive, Boise, ID 83725-1655</Description></Stakeholder><Stakeholder StakeholderTypeType="Person"><Name>Mark Petrilli</Name><Description>State Director, Illinois SBDC, Dept. of Commerce and Economic Opportunity, 500 E. Monroe, Springfield, IL 62701</Description></Stakeholder><Stakeholder StakeholderTypeType="Person"><Name>Troy Phelps</Name><Description>State Director, Indiana SBDC, One North Capitol Avenue, Suite 600, Indianapolis, IN 46204-2043</Description></Stakeholder><Stakeholder StakeholderTypeType="Person"><Name>Lisa Shimkat</Name><Description>State Director, America's SBDC - Iowa, Iowa State University, College of Business, 1805 Collaboration Place, Suite 1340, Ames, IA 50010-9166</Description></Stakeholder><Stakeholder StakeholderTypeType="Person"><Name>Greg Panichello</Name><Description>State Director, Kansas SBDC, 214 S.W. 6th Street, Suite 301, Topeka, KS 66603-3719</Description></Stakeholder><Stakeholder StakeholderTypeType="Person"><Name>Becky Naugle</Name><Description>State Director, Kentucky SBDC, One Quality Street, Lexington, KY 40507</Description></Stakeholder><Stakeholder StakeholderTypeType="Person"><Name>Rande Kessler</Name><Description>State Director, Louisiana SBDC, University of Louisiana Monroe, College of Business Administration 2-101, 700 University Avenue, Monroe, LA 71209-6435</Description></Stakeholder><Stakeholder StakeholderTypeType="Person"><Name>Mark Delisle</Name><Description>State Director, Maine SBDC /SBTDC, Univ. of Southern Maine School of Business, 96 Falmouth Street / P.O. Box 9300, Portland, ME 04104-9300</Description></Stakeholder><Stakeholder StakeholderTypeType="Person"><Name>Renee Sprow</Name><Description>State Director, Maryland SBDC, 7100 Baltimore Avenue, Suite 401, College Park, MD 20740-3640</Description></Stakeholder><Stakeholder StakeholderTypeType="Person"><Name>Georgianna Parkin</Name><Description>State Director, Massachusetts SBDC, University of Massachusetts, Amherst Tillson House, 23 Tillson Farm Road, Amherst, MA 01003-9261</Description></Stakeholder><Stakeholder StakeholderTypeType="Person"><Name>Keith Brophy</Name><Description>State Director, Michigan SBTDC, Grand Valley State University, 50 Front Avenue SW, #1020, Grand Rapids, MI 49504</Description></Stakeholder><Stakeholder StakeholderTypeType="Person"><Name>Bruce H. Strong</Name><Description>State Director, Minnesota SBDC, 332 Minnesota St., Suite E-200, St. Paul, MN 55101-1349</Description></Stakeholder><Stakeholder StakeholderTypeType="Person"><Name>Walter D. (Doug) Gurley</Name><Description>State Director, Mississippi SBDC, 122 Jeanette Phillips Drive / P.O. Box 1848, University, MS 38677-1848</Description></Stakeholder><Stakeholder StakeholderTypeType="Person"><Name>Greg D. Tucker</Name><Description>State Director, Missouri SBTDC, 416 South 6th Street, W1012 Lafferre Hall, Columbia, MO 65211</Description></Stakeholder><Stakeholder StakeholderTypeType="Person"><Name>Chad Moore</Name><Description>State Director, Montana SBDC, 301 S. Park Avenue, Room 116, Helena, MT 59620</Description></Stakeholder><Stakeholder StakeholderTypeType="Person"><Name>Catherine D. Lang</Name><Description>State Director, Nebraska Business Development Center, 6708 Pine Street, Omaha, NE 68182</Description></Stakeholder><Stakeholder StakeholderTypeType="Person"><Name>Sam Males</Name><Description>State Director, Nevada SBDC, Reno College of Business, Nazir Ansari Bldg. 032, Rm. 411, Reno, NV 89557-0100</Description></Stakeholder><Stakeholder StakeholderTypeType="Person"><Name>Richard Grogan</Name><Description>State Director, New Hampshire SBDC, Paul College of Business &amp; Economics, 10 Garrison Avenue, Durham, NH 03824-3593</Description></Stakeholder><Stakeholder StakeholderTypeType="Person"><Name>Brenda Hopper</Name><Description>State Director, New Jersey SBDC, Rutgers University, 1 Washington Park, 3rd Floor, Newark, NJ 07102</Description></Stakeholder><Stakeholder StakeholderTypeType="Person"><Name>Russell Wyrick</Name><Description>State Director, New Mexico SBDC, Santa Fe Community College, 6401 Richards Avenue, Santa Fe, NM 87508-4877</Description></Stakeholder><Stakeholder StakeholderTypeType="Person"><Name>Brian Goldstein</Name><Description>State Director, New York SBDC, State University of New York, 10 North Pearl Street, Albany, NY 12246</Description></Stakeholder><Stakeholder StakeholderTypeType="Person"><Name>Scott Daugherty</Name><Description>State Director, North Carolina SBTDC, 5 West Hargett Street, Suite 600, Raleigh, NC 27601-1348</Description></Stakeholder><Stakeholder StakeholderTypeType="Person"><Name>David Martin</Name><Description>State Director, North Dakota SBDC, University of North Dakota, Gamble Hall, Room 140, 293 Centennial Drive, Stop 7308, Grand Forks, ND  58202-7308</Description></Stakeholder><Stakeholder StakeholderTypeType="Person"><Name>James Laipply</Name><Description>State Director, Ohio SBDC, 77 S. High Street, 28th Floor / P. O. Box 1001, Columbus, OH 43215</Description></Stakeholder><Stakeholder StakeholderTypeType="Person"><Name>Bill Carter</Name><Description>State Director, Oklahoma SBDC, Southeastern Oklahoma State University, 1405 N. 4th Avenue, PMB 2584, Durant, OK 74701-0609</Description></Stakeholder><Stakeholder StakeholderTypeType="Person"><Name>Mark Gregory</Name><Description>State Director, Oregon SBDC, 1445 Willamette Street, Suite 5, Eugene, OR 97401</Description></Stakeholder><Stakeholder StakeholderTypeType="Person"><Name>Casey Jeszenka</Name><Description>Network Director, Pacific Islands SBDC Network, P.O. Box 5014. UOG Station Mangilao, Mangilao, GU 96923</Description></Stakeholder><Stakeholder StakeholderTypeType="Person"><Name>Christian Conroy</Name><Description>State Director, Pennsylvania SBDC, The Wharton School, University of Pennsylvania, 3819-33 Chestnut Street, Suite 325, Philadelphia, PA 19104-3238</Description></Stakeholder><Stakeholder StakeholderTypeType="Person"><Name>Carmen Marti</Name><Description>Executive Director, Puerto Rico SBTDC, Union Plaza Building, 10th Floor, 416 Ponce de Leon Avenue, Hato Rey, PR 00918</Description></Stakeholder><Stakeholder StakeholderTypeType="Person"><Name>Edward Huttenhower</Name><Description>Executive State Director, Rhode Island SBDC, 75 Lower College Road, 2nd Floor, Kingston, RI 02881</Description></Stakeholder><Stakeholder StakeholderTypeType="Person"><Name>Michele Abraham</Name><Description>State Director, South Carolina SBDC, USC, Moore School of Business, 1705 College Street, Columbia, SC 29208</Description></Stakeholder><Stakeholder StakeholderTypeType="Person"><Name>Jeff Eckhoff</Name><Description>State Director, South Dakota SBDC, 414 East Clark Street, Vermillion, SD 57069</Description></Stakeholder><Stakeholder StakeholderTypeType="Person"><Name>Patrick Geho</Name><Description>State Director, Tennessee SBDC, 3050 Medical Center Parkway, Ste. 200, MTSU Box 98, Murfreesboro, TN 37129</Description></Stakeholder><Stakeholder StakeholderTypeType="Person"><Name>Mark Langford</Name><Description>Regional Director, North Texas SBDC, Bill J. Priest Campus of El Centro College, 1402 Corinth Street, Suite 2111, Dallas, TX 75215</Description></Stakeholder><Stakeholder StakeholderTypeType="Person"><Name>Craig Bean</Name><Description>Regional Director, Northwest Texas SBDC, Texas Tech University at Lubbock, 2579 South Loop 289, Suite 114, Lubbock, TX 79423-1637</Description></Stakeholder><Stakeholder StakeholderTypeType="Person"><Name>Al Salgado</Name><Description>Director, South-West Texas Border Region SBDC, 501 West Cesar Chavez Blvd., Rm. 4.370, San Antonio, TX 78207-4415</Description></Stakeholder><Stakeholder StakeholderTypeType="Person"><Name>Steve Lawrence</Name><Description>Executive Director, Texas Gulf Coast Network SBDC, University of Houston, 2302 Fannin, Suite 200, Houston, TX 77002</Description></Stakeholder><Stakeholder StakeholderTypeType="Person"><Name>Michael Finnerty</Name><Description>State Director, Utah SBDC, 195 West 1100 South, Brigham City, UT 84302</Description></Stakeholder><Stakeholder StakeholderTypeType="Person"><Name>Linda Rossi</Name><Description>State Director, Vermont SBDC, Vermont Technical College, P.O. Box 188, 1 Main Street, Randolph Center, VT 05061-0188</Description></Stakeholder><Stakeholder StakeholderTypeType="Person"><Name>Jody Keenan</Name><Description>State Director, Virginia SBDC, Mason Enterprise Center - George Mason University, 4031 University Drive, Suite 100, Fairfax, VA 22030</Description></Stakeholder><Stakeholder StakeholderTypeType="Person"><Name>John Osoinach</Name><Description>State Director, Virgin Islands SBDC, Charlotte Amalie, 8000 Nisky Center, Suite 720, St. Thomas, VI, 00802</Description></Stakeholder><Stakeholder StakeholderTypeType="Person"><Name>Duane Fladland</Name><Description>State Director, Washington SBDC Washington State University 1235 N. Post Street, Suite 201 Spokane, WA 99201</Description></Stakeholder><Stakeholder StakeholderTypeType="Person"><Name>Erika A. Bailey</Name><Description>State Director, West Virginia SBDC, State Capitol Complex, 1900 Kanawha Boulevard, East, Building 3, Suite 600, Charleston, WV 25305</Description></Stakeholder><Stakeholder StakeholderTypeType="Person"><Name>Bon Wikenheiser</Name><Description>State Director, Wisconsin SBDC, University of Wisconsin, 432 North Lake St., Room 423, Madison, WI 53706</Description></Stakeholder><Stakeholder StakeholderTypeType="Person"><Name>Jill Kline</Name><Description>State Director, Wyoming SBDC, University of Wyoming, 1000 E. University Ave., Dept. 3922, Laramie, WY 82071-3922</Description></Stakeholder></Organization><Vision><Description>America's SBDC supports a well established, respected, adequately funded and capable SBDC network, recognized by public and private sector entities as the preeminent provider of small/medium business counseling, education and information. The SBDC network provides uniform, high quality, cost effective assistance through its members, resulting in a positive long-term economic impact.</Description><Identifier>_0679cc32-d388-11e7-b5d3-36c36f068471</Identifier></Vision><Mission><Description>Represent the collective interest of our members by promoting, informing, supporting and continuously improving the Small Business Development Center (SBDC) network, which delivers nationwide educational assistance to strengthen small/medium business management, thereby contributing to the growth of local, state and national economies.</Description><Identifier>_0679ccbe-d388-11e7-b5d3-36c36f068471</Identifier></Mission><Value><Name>Networking</Name><Description>WE VALUE AT ALL LEVELS OF THE SBDC NETWORK:</Description></Value><Value><Name>Customer Focus</Name><Description>– Customer-Driven Quality and Exemplary Service</Description></Value><Value><Name>Quality</Name><Description/></Value><Value><Name>Service</Name><Description/></Value><Value><Name>Vision</Name><Description>– Visionary Leadership</Description></Value><Value><Name>Leadership</Name><Description/></Value><Value><Name>Continuous Improvement</Name><Description>– Continuous Improvement Through Shared Learning</Description></Value><Value><Name>Sharing</Name><Description/></Value><Value><Name>Learning</Name><Description/></Value><Value><Name>Participation</Name><Description>– Member Participation and Development</Description></Value><Value><Name>Professional Development</Name><Description/></Value><Value><Name>Responsiveness</Name><Description>– Timely Response</Description></Value><Value><Name>Metrics</Name><Description>– Measurable Performance</Description></Value><Value><Name>Factuality</Name><Description>– Fact-Driven Management</Description></Value><Value><Name>Partnership</Name><Description>– Partnerships that Work</Description></Value><Value><Name>Results</Name><Description>– Results Orientation</Description></Value><Value><Name>Openness</Name><Description>– Open, Honest Communication</Description></Value><Value><Name>Honesty</Name><Description/></Value><Value><Name>Communication</Name><Description/></Value><Value><Name>Diversity</Name><Description/></Value><Value><Name>Integrity</Name><Description/></Value><Value><Name>Professionalism</Name><Description/></Value><Value><Name>Excellence</Name><Description>– Celebration of Excellence</Description></Value><Goal><Name>Business Plans</Name><Description>Write business plans</Description><Identifier>_0679cd2c-d388-11e7-b5d3-36c36f068471</Identifier><SequenceIndicator>1</SequenceIndicator><Stakeholder><Name/><Description/></Stakeholder><OtherInformation/><Objective><Name/><Description/><Identifier>_0679cd9a-d388-11e7-b5d3-36c36f068471</Identifier><SequenceIndicator/><Stakeholder><Name/><Description/></Stakeholder><OtherInformation/></Objective></Goal><Goal><Name>Capital</Name><Description>Access capital</Description><Identifier>_831ca6b4-d3ed-11e7-a1f4-d53175068471</Identifier><SequenceIndicator>2</SequenceIndicator><Stakeholder><Name/><Description/></Stakeholder><OtherInformation/><Objective><Name/><Description/><Identifier>_831ca808-d3ed-11e7-a1f4-d53175068471</Identifier><SequenceIndicator/><Stakeholder><Name/><Description/></Stakeholder><OtherInformation/></Objective></Goal><Goal><Name>Marketing</Name><Description>Conduct marketing activities</Description><Identifier>_831ca8f8-d3ed-11e7-a1f4-d53175068471</Identifier><SequenceIndicator>3</SequenceIndicator><Stakeholder><Name/><Description/></Stakeholder><OtherInformation/><Objective><Name/><Description/><Identifier>_831caab0-d3ed-11e7-a1f4-d53175068471</Identifier><SequenceIndicator/><Stakeholder><Name/><Description/></Stakeholder><OtherInformation/></Objective></Goal><Goal><Name>Compliance</Name><Description>Comply with regulations</Description><Identifier>_831cab8c-d3ed-11e7-a1f4-d53175068471</Identifier><SequenceIndicator>4</SequenceIndicator><Stakeholder><Name/><Description/></Stakeholder><OtherInformation/><Objective><Name/><Description/><Identifier>_831cac68-d3ed-11e7-a1f4-d53175068471</Identifier><SequenceIndicator/><Stakeholder><Name/><Description/></Stakeholder><OtherInformation/></Objective></Goal><Goal><Name>Technology</Name><Description>Develop technology</Description><Identifier>_831cad58-d3ed-11e7-a1f4-d53175068471</Identifier><SequenceIndicator>5</SequenceIndicator><Stakeholder><Name/><Description/></Stakeholder><OtherInformation/><Objective><Name/><Description/><Identifier>_831cae3e-d3ed-11e7-a1f4-d53175068471</Identifier><SequenceIndicator/><Stakeholder><Name/><Description/></Stakeholder><OtherInformation/></Objective></Goal><Goal><Name>Trade</Name><Description>Engage in international trade</Description><Identifier>_831caf1a-d3ed-11e7-a1f4-d53175068471</Identifier><SequenceIndicator>6</SequenceIndicator><Stakeholder><Name/><Description/></Stakeholder><OtherInformation/><Objective><Name/><Description/><Identifier>_831cb05a-d3ed-11e7-a1f4-d53175068471</Identifier><SequenceIndicator/><Stakeholder><Name/><Description/></Stakeholder><OtherInformation/></Objective></Goal></StrategicPlanCore><AdministrativeInformation><PublicationDate>2017-11-27</PublicationDate><Source>https://americassbdc.org/about-us/</Source><Submitter><GivenName>Owen</GivenName><Surname>Ambur</Surname><PhoneNumber/><EmailAddress>Owen.Ambur@verizon.net</EmailAddress></Submitter></AdministrativeInformation></StrategicPlan>