<?xml version="1.0" encoding="UTF-8"?>
<StrategicPlan xsi:schemaLocation="http://www.stratml.net  http://xml.gov/stratml/references/StrategicPlan.xsd" xmlns:xsi="http://www.w3.org/2001/XMLSchema-instance" xmlns="http://www.stratml.net"><Name>Assessing the Sustainable  Competitiveness of Nations</Name><Description></Description><OtherInformation></OtherInformation><StrategicPlanCore><Organization><Name>World Economic Forum</Name><Acronym>WEF</Acronym><Identifier>_de0af670-955b-11e0-9cc9-b0287a64ea2a</Identifier><Description></Description><Stakeholder><Name>KLAUS SCHWAB</Name><Description>Executive Chairman, World Economic Forum</Description></Stakeholder><Stakeholder><Name>BE&#209;AT BILBAO-OSORIO</Name><Description>Co-Author</Description></Stakeholder><Stakeholder><Name>JENNIFER BLANKE</Name><Description>Co-Author</Description></Stakeholder><Stakeholder><Name>ROBERTO CROTTI</Name><Description>Co-Author</Description></Stakeholder><Stakeholder><Name>MARGARETA DRZENIEK HANOUZ</Name><Description>Co-Author</Description></Stakeholder><Stakeholder><Name>BRINDUSA FIDANZA</Name><Description>Co-Author</Description></Stakeholder><Stakeholder><Name>THIERRY GEIGER </Name><Description>Co-Author</Description></Stakeholder><Stakeholder><Name>CAROLINE KO </Name><Description>Co-Author</Description></Stakeholder><Stakeholder><Name>CECILIA SERIN</Name><Description>Co-Author</Description></Stakeholder><Stakeholder><Name>Advisory Board on Sustainability and Competitiveness</Name><Description>The Advisory Board on Sustainability and Competitiveness advises the World Economic Forum on integrating the concept of sustainability more fully into The Global Competitiveness Report. Members are drawn from the network of Global Agenda Councils (GACs), the World Economic Forum&#8217;s knowledge backbone. They represent voices from key business sectors, government, and civil society.</Description></Stakeholder><Stakeholder><Name>James Cameron</Name><Description>Chairman, Climate Change Capital, United Kingdom</Description></Stakeholder><Stakeholder><Name>Dan Esty</Name><Description>Commissioner, Connecticut Department of Energy and Environmental Protection, USA</Description></Stakeholder><Stakeholder><Name>Edwin J. Feulner Jr.</Name><Description>President, The Heritage Foundation, USA</Description></Stakeholder><Stakeholder><Name>Cl&#233;ment Gignac</Name><Description>Minister of Natural Resources and Wildlife of Quebec, Canada </Description></Stakeholder><Stakeholder><Name>Jeni Klugman</Name><Description>Director for Gender, The World Bank, USA</Description></Stakeholder><Stakeholder><Name>Marc A. Levy</Name><Description>Deputy Director, Center for International Earth Science Information Network, Columbia University, USA</Description></Stakeholder><Stakeholder><Name>John W. McArthur</Name><Description>Senior Fellow, UN Foundation &amp; Nonresident Senior Fellow, Brookings Institution</Description></Stakeholder><Stakeholder><Name>Kevin X. Murphy</Name><Description>President and Chief Executive Officer, J.E. Austin Associates Inc., USA</Description></Stakeholder><Stakeholder><Name>Mari Elka Pangestu</Name><Description>Minister of Tourism and Creative Economy, Indonesia</Description></Stakeholder><Stakeholder><Name>Xavier Sala-i-Mart&#237;n</Name><Description>Professor, Economics Department, Columbia University, USA</Description></Stakeholder><Stakeholder><Name>Mark Spelman</Name><Description>Global Head, Strategy, Accenture, United Kingdom</Description></Stakeholder><Stakeholder><Name>Simon Zadek</Name><Description>Senior Visiting Fellow, Global Green Growth Institute (GGGI), Republic of Korea</Description></Stakeholder></Organization><Vision><Description></Description><Identifier>_df3c7d32-7ab7-11e2-8ebb-110378044bef</Identifier></Vision><Mission><Description>To present our evolving analysis of how country competitiveness can be assessed once issues of social and environmental sustainability are taken into account</Description><Identifier>_df3c7f58-7ab7-11e2-8ebb-110378044bef</Identifier></Mission><Value><Name></Name><Description></Description></Value><Goal><Name>Environmental Sustainability</Name><Description></Description><Identifier>_df3c807a-7ab7-11e2-8ebb-110378044bef</Identifier><SequenceIndicator>1</SequenceIndicator><Stakeholder><Name></Name><Description></Description></Stakeholder><OtherInformation></OtherInformation><Objective><Name>Policy</Name><Description>Environmental policy</Description><Identifier>_df3c8138-7ab7-11e2-8ebb-110378044bef</Identifier><SequenceIndicator>1.1</SequenceIndicator><Stakeholder><Name></Name><Description></Description></Stakeholder><OtherInformation>Summary Indicators:
&#8226;	 Environmental regulations 
(stringency and enforcement)
&#8226;	 Number of ratified international 
environmental treaties
&#8226;	 Terrestrial biome protection</OtherInformation></Objective><Objective><Name>Renewable Resources</Name><Description>Use of renewable resources</Description><Identifier>_df3c81ce-7ab7-11e2-8ebb-110378044bef</Identifier><SequenceIndicator>1.2</SequenceIndicator><Stakeholder><Name></Name><Description></Description></Stakeholder><OtherInformation>Summary Indicators:
&#8226;	 Agricultural water intensity
&#8226;	 Forest depletion 
(change in forest cover and forest loss)
&#8226;	 Fish stocks&#8217; overexploitation</OtherInformation></Objective><Objective><Name>Degradation</Name><Description>Degradation of the environment</Description><Identifier>_df3c826e-7ab7-11e2-8ebb-110378044bef</Identifier><SequenceIndicator>1.3</SequenceIndicator><Stakeholder><Name></Name><Description></Description></Stakeholder><OtherInformation>Summary Indicators:
&#8226;	 Level of particulate matter 
concentration
&#8226;	 CO2 intensity
&#8226;	 Quality of the natural environment</OtherInformation></Objective></Goal><Goal><Name>Social Sustainability</Name><Description></Description><Identifier>_df3c8304-7ab7-11e2-8ebb-110378044bef</Identifier><SequenceIndicator>2</SequenceIndicator><Stakeholder><Name></Name><Description></Description></Stakeholder><OtherInformation></OtherInformation><Objective><Name>Necessities</Name><Description>Access to basic necessities</Description><Identifier>_df3c83cc-7ab7-11e2-8ebb-110378044bef</Identifier><SequenceIndicator>2.1</SequenceIndicator><Stakeholder><Name></Name><Description></Description></Stakeholder><OtherInformation>Summary Indicators:</OtherInformation></Objective><Objective><Name>Vulnerability</Name><Description>Vulnerability to shocks</Description><Identifier>_df3c846c-7ab7-11e2-8ebb-110378044bef</Identifier><SequenceIndicator>2.2</SequenceIndicator><Stakeholder><Name></Name><Description></Description></Stakeholder><OtherInformation>Summary Indicators:
&#8226;	 Vulnerable employment
&#8226;	 Extent of informal economy
&#8226;	 Social safety net protection</OtherInformation></Objective><Objective><Name>Cohesion</Name><Description>Social cohesion</Description><Identifier>_df3c8516-7ab7-11e2-8ebb-110378044bef</Identifier><SequenceIndicator>2.3</SequenceIndicator><Stakeholder><Name></Name><Description></Description></Stakeholder><OtherInformation>Summary Indicators:
&#8226;	 Income Gini index
&#8226;	 Social mobility
&#8226;	 Youth unemployment</OtherInformation></Objective></Goal></StrategicPlanCore><AdministrativeInformation><StartDate></StartDate><EndDate></EndDate><PublicationDate>2013-02-19</PublicationDate><Source>http://reports.weforum.org/global-competitiveness-report-2012-2013/</Source><Submitter><FirstName>Owen</FirstName><LastName>Ambur</LastName><PhoneNumber></PhoneNumber><EmailAddress>Owen.Ambur@verizon.net</EmailAddress></Submitter></AdministrativeInformation></StrategicPlan>