<?xml version="1.0" encoding="UTF-8"?>
<StrategicPlan xmlns="urn:ISO:std:iso:17469:tech:xsd:stratml_core" xmlns:xsi="http://www.w3.org/2001/XMLSchema-instance" xsi:schemaLocation="urn:ISO:std:iso:17469:tech:xsd:stratml_core http://xml.govwebs.net/stratml/references/StrategicPlanISOVersion20140401.xsd"><Name>Purpose And Scope</Name><Description></Description><OtherInformation></OtherInformation><StrategicPlanCore><Organization><Name>ASC X12M - Supply Chain Subcommittee</Name><Acronym>ASC X12M</Acronym><Identifier>_272fe6f2-b984-11e0-9719-c71e7a64ea2a</Identifier><Description>Supply chain encompasses the entire business process, starting with the acquisition of raw materials through to the product user. Transportation and finance areas are significantly complex requiring standalone subcommittees to design, develop and maintain standards within ASC X12.</Description><Stakeholder><Name></Name><Description></Description></Stakeholder></Organization><Vision><Description></Description><Identifier>_272fe8b4-b984-11e0-9719-c71e7a64ea2a</Identifier></Vision><Mission><Description>Designs, develop and maintain standards for existing and new business requirements relating to supply chain excluding transportation and finance.</Description><Identifier>_272fe968-b984-11e0-9719-c71e7a64ea2a</Identifier></Mission><Value><Name></Name><Description></Description></Value><Goal><Name>Supply Chain Standards</Name><Description>Develop and maintain standards relating to supply chain.</Description><Identifier>_272fe9ea-b984-11e0-9719-c71e7a64ea2a</Identifier><SequenceIndicator>1</SequenceIndicator><Stakeholder><Name></Name><Description></Description></Stakeholder><OtherInformation></OtherInformation><Objective><Name>Inventory Management</Name><Description></Description><Identifier>_272fea62-b984-11e0-9719-c71e7a64ea2a</Identifier><SequenceIndicator>1.1</SequenceIndicator><Stakeholder><Name></Name><Description></Description></Stakeholder><OtherInformation></OtherInformation></Objective><Objective><Name>Materials Management</Name><Description></Description><Identifier>_272feada-b984-11e0-9719-c71e7a64ea2a</Identifier><SequenceIndicator>1.2</SequenceIndicator><Stakeholder><Name></Name><Description></Description></Stakeholder><OtherInformation></OtherInformation></Objective><Objective><Name>Procurement</Name><Description>
    </Description><Identifier>_272feb5c-b984-11e0-9719-c71e7a64ea2a</Identifier><SequenceIndicator>1.3</SequenceIndicator><Stakeholder><Name></Name><Description></Description></Stakeholder><OtherInformation></OtherInformation></Objective><Objective><Name>Planning and Coordination of Distribution</Name><Description>
</Description><Identifier>_272febde-b984-11e0-9719-c71e7a64ea2a</Identifier><SequenceIndicator>1.4</SequenceIndicator><Stakeholder><Name></Name><Description></Description></Stakeholder><OtherInformation></OtherInformation></Objective><Objective><Name>Product Data</Name><Description>
    </Description><Identifier>_272fec60-b984-11e0-9719-c71e7a64ea2a</Identifier><SequenceIndicator>1.5</SequenceIndicator><Stakeholder><Name></Name><Description></Description></Stakeholder><OtherInformation></OtherInformation></Objective><Objective><Name>Sourcing</Name><Description>
    </Description><Identifier>_272fed50-b984-11e0-9719-c71e7a64ea2a</Identifier><SequenceIndicator>1.6</SequenceIndicator><Stakeholder><Name></Name><Description></Description></Stakeholder><OtherInformation></OtherInformation></Objective><Objective><Name>Warehousing</Name><Description>
    </Description><Identifier>_272fede6-b984-11e0-9719-c71e7a64ea2a</Identifier><SequenceIndicator>1.7</SequenceIndicator><Stakeholder><Name></Name><Description></Description></Stakeholder><OtherInformation></OtherInformation></Objective></Goal><Goal><Name>Integration and Coordination</Name><Description>Pursue integration and coordination with other areas including, but not limited to finance, transportation and insurance (property and casualty; life and annuity; healthcare), or any other functional areas. </Description><Identifier>_272fee7c-b984-11e0-9719-c71e7a64ea2a</Identifier><SequenceIndicator>2</SequenceIndicator><Stakeholder><Name></Name><Description></Description></Stakeholder><OtherInformation></OtherInformation><Objective><Name></Name><Description></Description><Identifier>_272fef12-b984-11e0-9719-c71e7a64ea2a</Identifier><SequenceIndicator></SequenceIndicator><Stakeholder><Name></Name><Description></Description></Stakeholder><OtherInformation></OtherInformation></Objective></Goal></StrategicPlanCore><AdministrativeInformation><StartDate></StartDate><EndDate></EndDate><PublicationDate>2011-07-28</PublicationDate><Source>http://www.x12.org/x12org/subcommittees/sc_home.cfm?strSC=M</Source><Submitter><FirstName>Owen</FirstName><LastName>Ambur</LastName><PhoneNumber></PhoneNumber><EmailAddress>Owen.Ambur@verizon.net</EmailAddress></Submitter></AdministrativeInformation></StrategicPlan>