<?xml version="1.0" encoding="UTF-8"?>
<StrategicPlan xmlns="urn:ISO:std:iso:17469:tech:xsd:stratml_core" xmlns:xsi="http://www.w3.org/2001/XMLSchema-instance" xsi:schemaLocation="urn:ISO:std:iso:17469:tech:xsd:stratml_core http://xml.govwebs.net/stratml/references/StrategicPlanISOVersion20140401.xsd"><Name>ASTM INTERNATIONAL MISSION AND STRATEGIC OBJECTIVES</Name><Description>This document provides the strategic basis, as set forth by the ASTM International Board of Directors, for the current policies and programs of the Society. The mission and strategies lay the foundation for ASTM's short- and long-term business planning. Measurable implementation goals are identified each year in the Society's operating and capital budgets, which are approved and monitored by the ASTM officers and directors, as well as through annual business planning reports. Responsibility for this document is with the ASTM International Board.</Description><OtherInformation></OtherInformation><StrategicPlanCore><Organization><Name>ASTM International</Name><Acronym>ASTM</Acronym><Identifier>_7a26c2d0-2a91-11e1-be34-94207a64ea2a</Identifier><Description>ASTM International, formerly known as the American Society for Testing and Materials (ASTM), is a globally recognized leader in the development and delivery of international voluntary consensus standards. Today, some 12,000 ASTM standards are used around the world to improve product quality, enhance safety, facilitate market access and trade, and build consumer confidence.</Description><Stakeholder><Name></Name><Description></Description></Stakeholder></Organization><Vision><Description></Description><Identifier>_7a26c596-2a91-11e1-be34-94207a64ea2a</Identifier></Vision><Mission><Description>To be recognized globally as the premier developer and provider of voluntary consensus standards, related technical information, and services that promote public health and safety, support the protection and sustainability of the environment, and the overall quality of life; contribute to the reliability of materials, products, systems and services; and  facilitate international, regional, and national commerce.
</Description><Identifier>_7a26c686-2a91-11e1-be34-94207a64ea2a</Identifier></Mission><Value><Name></Name><Description></Description></Value><Goal><Name>Environment and Support</Name><Description>To provide the optimum environment and support for technical committees to develop needed standards and related information.</Description><Identifier>_7a26c73a-2a91-11e1-be34-94207a64ea2a</Identifier><SequenceIndicator>1</SequenceIndicator><Stakeholder><Name></Name><Description></Description></Stakeholder><OtherInformation></OtherInformation><Objective><Name></Name><Description></Description><Identifier>_7a26c7c6-2a91-11e1-be34-94207a64ea2a</Identifier><SequenceIndicator></SequenceIndicator><Stakeholder><Name></Name><Description></Description></Stakeholder><OtherInformation></OtherInformation></Objective></Goal><Goal><Name>Products and Services</Name><Description>To ensure ASTM International products and services are provided in a timely manner and meet current needs.</Description><Identifier>_7a26c866-2a91-11e1-be34-94207a64ea2a</Identifier><SequenceIndicator>2</SequenceIndicator><Stakeholder><Name></Name><Description></Description></Stakeholder><OtherInformation></OtherInformation><Objective><Name></Name><Description></Description><Identifier>_7a26c910-2a91-11e1-be34-94207a64ea2a</Identifier><SequenceIndicator></SequenceIndicator><Stakeholder><Name></Name><Description></Description></Stakeholder><OtherInformation></OtherInformation></Objective></Goal><Goal><Name>Awareness</Name><Description>To increase the awareness of the ASTM International consensus process, the benefits of participation, and the value of ASTM standards and services in the global marketplace.</Description><Identifier>_7a26c9b0-2a91-11e1-be34-94207a64ea2a</Identifier><SequenceIndicator>3</SequenceIndicator><Stakeholder><Name></Name><Description></Description></Stakeholder><OtherInformation></OtherInformation><Objective><Name></Name><Description></Description><Identifier>_7a26ca64-2a91-11e1-be34-94207a64ea2a</Identifier><SequenceIndicator></SequenceIndicator><Stakeholder><Name></Name><Description></Description></Stakeholder><OtherInformation></OtherInformation></Objective></Goal><Goal><Name>Acceptance and Use</Name><Description>To advance the international, regional and national acceptance and use of ASTM products and services.</Description><Identifier>_7a26cb18-2a91-11e1-be34-94207a64ea2a</Identifier><SequenceIndicator>4</SequenceIndicator><Stakeholder><Name></Name><Description></Description></Stakeholder><OtherInformation></OtherInformation><Objective><Name></Name><Description></Description><Identifier>_7a26cbc2-2a91-11e1-be34-94207a64ea2a</Identifier><SequenceIndicator></SequenceIndicator><Stakeholder><Name></Name><Description></Description></Stakeholder><OtherInformation></OtherInformation></Objective></Goal><Goal><Name>Processes, Resources, skills, and Infastructure</Name><Description>To facilitate the use of ASTM International processes, resources, skills, and infastructure by the marketplace to accommodate its changing needs.</Description><Identifier>_7a26cca8-2a91-11e1-be34-94207a64ea2a</Identifier><SequenceIndicator>5</SequenceIndicator><Stakeholder><Name></Name><Description></Description></Stakeholder><OtherInformation></OtherInformation><Objective><Name></Name><Description></Description><Identifier>_7a26cd66-2a91-11e1-be34-94207a64ea2a</Identifier><SequenceIndicator></SequenceIndicator><Stakeholder><Name></Name><Description></Description></Stakeholder><OtherInformation></OtherInformation></Objective></Goal><Goal><Name>Representation and Participation</Name><Description>To ensure the fair representation and participation of key stakeholders in ASTM International activities to help assure the development of technically sound, market relevant standards.</Description><Identifier>_7a26ce24-2a91-11e1-be34-94207a64ea2a</Identifier><SequenceIndicator>6</SequenceIndicator><Stakeholder><Name></Name><Description></Description></Stakeholder><OtherInformation></OtherInformation><Objective><Name></Name><Description></Description><Identifier>_7a26ceec-2a91-11e1-be34-94207a64ea2a</Identifier><SequenceIndicator></SequenceIndicator><Stakeholder><Name></Name><Description></Description></Stakeholder><OtherInformation></OtherInformation></Objective></Goal><Goal><Name>Fiscal Stability</Name><Description>To maintain ASTM's fiscal stability in order to fulfill the Society's mission.</Description><Identifier>_7a26cfbe-2a91-11e1-be34-94207a64ea2a</Identifier><SequenceIndicator>7</SequenceIndicator><Stakeholder><Name></Name><Description></Description></Stakeholder><OtherInformation></OtherInformation><Objective><Name></Name><Description></Description><Identifier>_7a26d09a-2a91-11e1-be34-94207a64ea2a</Identifier><SequenceIndicator></SequenceIndicator><Stakeholder><Name></Name><Description></Description></Stakeholder><OtherInformation></OtherInformation></Objective></Goal></StrategicPlanCore><AdministrativeInformation><StartDate></StartDate><EndDate></EndDate><PublicationDate>2011-12-19</PublicationDate><Source>http://www.astm.org/NEWS/Mission2.html</Source><Submitter><FirstName>Owen</FirstName><LastName>Ambur</LastName><PhoneNumber></PhoneNumber><EmailAddress>Owen.Ambur@verizon.net</EmailAddress></Submitter></AdministrativeInformation></StrategicPlan>