<?xml version="1.0" encoding="UTF-8"?>
<StrategicPlan xmlns="urn:ISO:std:iso:17469:tech:xsd:stratml_core" xmlns:xsi="http://www.w3.org/2001/XMLSchema-instance" xsi:schemaLocation="urn:ISO:std:iso:17469:tech:xsd:stratml_core http://xml.govwebs.net/stratml/references/StrategicPlanISOVersion20140401.xsd"><Name>AboutUs.com FAQ</Name><Description>AboutUs is a free to use website where anyone can add information about almost anything. </Description><OtherInformation/><StrategicPlanCore><Organization><Name>AboutUs.com</Name><Acronym>AUC</Acronym><Identifier>_ea05d546-1c59-11e6-9c89-085add5b5aaa</Identifier><Description/><Stakeholder StakeholderTypeType="Generic_Group"><Name>Businesses</Name><Description>Originally intended for domain names and the businesses running them; we are now allowing pages for people, places, things, and more.</Description></Stakeholder><Stakeholder StakeholderTypeType="Generic_Group"><Name>Anyone</Name><Description>Please feel free to add you own constructive thoughts, facts, and opinions to any page on the site.</Description></Stakeholder></Organization><Vision><Description/><Identifier>_ea05d686-1c59-11e6-9c89-085add5b5aaa</Identifier></Vision><Mission><Description>To provide information about people, places, things, and more.</Description><Identifier>_ea05d76c-1c59-11e6-9c89-085add5b5aaa</Identifier></Mission><Value><Name/><Description/></Value><Goal><Name>Information</Name><Description>Enable anyone to provide information about almost anything</Description><Identifier>_ea05d7f8-1c59-11e6-9c89-085add5b5aaa</Identifier><SequenceIndicator/><Stakeholder><Name/><Description/></Stakeholder><OtherInformation/><Objective><Name>Structure</Name><Description>Allow users to build structured pages without the need to know HTML.</Description><Identifier>_ea05d884-1c59-11e6-9c89-085add5b5aaa</Identifier><SequenceIndicator>1</SequenceIndicator><Stakeholder StakeholderTypeType="Organization"><Name>Wikimedia Foundation</Name><Description>AboutUs uses MediaWiki software, the same software that runs WikiPedia. A "wiki" is a website that allows people to add, modify, or delete content in collaboration with others. It uses a markup language called Wiki Markup. Although a bit confusing at first, it allows users to build structured pages without the need to know HTML.</Description></Stakeholder><OtherInformation/></Objective><Objective><Name>Editor</Name><Description>Provide a more user friendly editor for those that don't want to learn Wiki Markup.</Description><Identifier>_ea05d906-1c59-11e6-9c89-085add5b5aaa</Identifier><SequenceIndicator>2</SequenceIndicator><Stakeholder><Name/><Description/></Stakeholder><OtherInformation>We will be adding a more user friendly editor in the near future for those that don't want to learn Wiki Markup ...</OtherInformation></Objective></Goal></StrategicPlanCore><AdministrativeInformation><PublicationDate>2016-05-17</PublicationDate><Source>http://www.aboutus.com/help/faq</Source><Submitter><GivenName>Owen</GivenName><Surname>Ambur</Surname><PhoneNumber/><EmailAddress>Owen.Ambur@verizon.net</EmailAddress></Submitter></AdministrativeInformation></StrategicPlan>