<?xml version="1.0" encoding="UTF-8"?>
<StrategicPlan xsi:schemaLocation="http://www.stratml.net  http://xml.gov/stratml/references/StrategicPlan.xsd" xmlns:xsi="http://www.w3.org/2001/XMLSchema-instance" xmlns="http://www.stratml.net"><id/><Name>About Bark!Best</Name><Description/><OtherInformation/><StrategicPlanCore><Organization><Name>Bark!Best</Name><Acronym>B!B</Acronym><Identifier/><Description>
</Description><Stakeholder><Name>Lucas Cioffi</Name><Description>Co-Founder
</Description></Stakeholder></Organization><Vision><Description>Get[ting] noticed in your field.</Description><Identifier/></Vision><Mission><Description>[To enable users to] exchange great recommendations.</Description><Identifier/></Mission><Value><Name/><Description/></Value><Goal><Name>Notice</Name><Description>Get noticed in your field.</Description><Identifier/><SequenceIndicator>1</SequenceIndicator><Stakeholder><Name>Young Professionals</Name><Description/></Stakeholder><OtherInformation>Want to get noticed in your field?</OtherInformation><Objective><Name>Knowledge Portfolio</Name><Description>Build and display a knowledge portfolio</Description><Identifier/><SequenceIndicator>1.1</SequenceIndicator><Stakeholder><Name/><Description/></Stakeholder><OtherInformation>go beyond your standard resume</OtherInformation></Objective><Objective><Name>Learning &amp; Sharing</Name><Description>Learn from and share with peers &amp; potential mentors
</Description><Identifier/><SequenceIndicator>1.2</SequenceIndicator><Stakeholder><Name/><Description/></Stakeholder><OtherInformation/></Objective><Objective><Name>Networking</Name><Description>Grow your professional network</Description><Identifier/><SequenceIndicator>1.3</SequenceIndicator><Stakeholder><Name/><Description/></Stakeholder><OtherInformation/></Objective><Objective><Name>Exploration &amp; Discovery</Name><Description>Explore and discover new interests in your field</Description><Identifier/><SequenceIndicator>1.4</SequenceIndicator><Stakeholder><Name/><Description/></Stakeholder><OtherInformation/></Objective></Goal><Goal><Name>Recognition</Name><Description>[Be recognized as] a thought leader.</Description><Identifier/><SequenceIndicator>2</SequenceIndicator><Stakeholder><Name>Thought Leaders</Name><Description/></Stakeholder><OtherInformation>Are you a thought leader?</OtherInformation><Objective><Name>Insights</Name><Description>Stand out by sharing key insights in your field with ease</Description><Identifier/><SequenceIndicator>2.1</SequenceIndicator><Stakeholder><Name/><Description/></Stakeholder><OtherInformation/></Objective><Objective><Name>Connections</Name><Description>Connect with top talent
</Description><Identifier/><SequenceIndicator>2.2</SequenceIndicator><Stakeholder><Name/><Description/></Stakeholder><OtherInformation/></Objective><Objective><Name>Highlights</Name><Description>Highlight your firm's work</Description><Identifier/><SequenceIndicator>2.3</SequenceIndicator><Stakeholder><Name/><Description/></Stakeholder><OtherInformation/></Objective><Objective><Name>Interaction</Name><Description>Interact with thought leaders across disciplines</Description><Identifier/><SequenceIndicator>2.4</SequenceIndicator><Stakeholder><Name>Thought Leaders</Name><Description/></Stakeholder><OtherInformation/></Objective></Goal><Goal><Name>Answers</Name><Description>[Provide] answers.</Description><Identifier/><SequenceIndicator>3</SequenceIndicator><Stakeholder><Name>Organizations</Name><Description/></Stakeholder><Stakeholder><Name>Employees</Name><Description/></Stakeholder><OtherInformation>Do your employees need answers in real time?</OtherInformation><Objective><Name>Search Engine</Name><Description>Create a secure, internal search engine to get answers fast</Description><Identifier/><SequenceIndicator>3.1</SequenceIndicator><Stakeholder><Name/><Description/></Stakeholder><OtherInformation/></Objective><Objective><Name>Knowledge Retention</Name><Description>Retain knowledge of key employees before they leave the company</Description><Identifier/><SequenceIndicator>3.2</SequenceIndicator><Stakeholder><Name/><Description/></Stakeholder><OtherInformation/></Objective><Objective><Name>Learning</Name><Description>Accelerate the learning process for new hires
</Description><Identifier/><SequenceIndicator>3.3</SequenceIndicator><Stakeholder><Name>New Hires</Name><Description/></Stakeholder><OtherInformation/></Objective><Objective><Name>Mentorship</Name><Description>Foster strong mentorship within your organization</Description><Identifier/><SequenceIndicator>3.4</SequenceIndicator><Stakeholder><Name>Mentors</Name><Description/></Stakeholder><Stakeholder><Name>Mentees</Name><Description/></Stakeholder><OtherInformation/></Objective><Objective><Name>Partnerships</Name><Description>Support strategic partnerships with other organizations through knowledge sharing</Description><Identifier/><SequenceIndicator>3.5</SequenceIndicator><Stakeholder><Name/><Description/></Stakeholder><OtherInformation/></Objective></Goal></StrategicPlanCore><AdministrativeInformation><StartDate/><EndDate/><PublicationDate>2014-01-18</PublicationDate><Source>http://www.barkbest.co/#!/mainPage</Source><Submitter><FirstName>Owen</FirstName><LastName>Ambur</LastName><PhoneNumber/><EmailAddress>Owen.Ambur@verizon.net</EmailAddress></Submitter></AdministrativeInformation></StrategicPlan>