<?xml version="1.0" encoding="UTF-8"?>
<StrategicPlan xsi:schemaLocation="http://www.stratml.net  http://xml.gov/stratml/references/StrategicPlan.xsd" xmlns:xsi="http://www.w3.org/2001/XMLSchema-instance" xmlns="http://www.stratml.net"><id/><Name>Blueprint for a Responsible Budget</Name><Description>The proposals outlined in the Budget Blueprint will serve as guideposts throughout the Budget Process, and will be updated and refined as additional fiscal information becomes available.</Description><OtherInformation>The Assembly Budget Subcommittees will hold thorough public hearings on all budget proposals, including the Budget Blueprint.
The Assembly will work with the Senate and the Governor in crafting a final 2014-15 State Budget, that reflects the priorities of the Budget Blueprint.</OtherInformation><StrategicPlanCore><Organization><Name>California State Assembly Democratic Caucus</Name><Acronym>CASADC</Acronym><Identifier/><Description/><Stakeholder><Name/><Description/></Stakeholder></Organization><Vision><Description/><Identifier/></Vision><Mission><Description>To ensure stability for the budget and expand opportunity for California families</Description><Identifier/></Mission><Value><Name>Stability</Name><Description>Ensuring Stability:  Enables budget to withstand inevitable economic downturns and make sound investments.</Description></Value><Value><Name>Opportunities</Name><Description>Expanding Opportunities:  Improves lives of Californians and strengthens state's long-term economy.
</Description></Value><Goal><Name>Stability</Name><Description>Ensuring Stability

</Description><Identifier/><SequenceIndicator>1</SequenceIndicator><Stakeholder><Name/><Description/></Stakeholder><OtherInformation/><Objective><Name>Reserves</Name><Description>Build Reserves to $8 billion (including new Rainy Day Fund)</Description><Identifier/><SequenceIndicator>1.1</SequenceIndicator><Stakeholder><Name/><Description/></Stakeholder><OtherInformation>Build Reserves to $8 billion by 2016-17:

*    Meets key LAO Recommendation to protect against economic downturns, and will grow each year.
*    Reserves include projected balance of a new Rainy Day Fund, first outlined in 2013-14 Blueprint.
*    Rainy Day Fund established with a Constitutional Amendment that preserves spiking Capital Gains revenues to limit overspending in good years and mitigate devastating cuts in bad years.</OtherInformation></Objective><Objective><Name>One-Time Funds</Name><Description>Smart use of "one-time" funds</Description><Identifier/><SequenceIndicator>1.2</SequenceIndicator><Stakeholder><Name/><Description/></Stakeholder><OtherInformation>Smart Use of "One-Time" Funds:

*    Avoid past mistakes of committing one-time funds for ongoing programs and permanent tax cuts.
*    Build Reserves to $8 billion.
*    Pay Down Debts, Deferrals, and Unfunded Liabilities.
*    Fund Jobs Investments that have one-time costs (e.g. infrastructure projects and small business loan guarantees).</OtherInformation></Objective><Objective><Name>Prison Housing</Name><Description>Rein in Prison Housing Costs</Description><Identifier/><SequenceIndicator>1.3</SequenceIndicator><Stakeholder><Name/><Description/></Stakeholder><OtherInformation>Rein in Prison Housing Costs:

*    Implement findings of Select Committee on Justice Reinvestment.
*    Expand Collaborative Justice Courts (Drug Courts, Mental Health Courts, Veterans Courts, and others) proven to reduce recidivism and lowers cost.
*    Make smart budget investments that reduce long-term prison costs, (e.g. Early Education, Higher Education, Job Creation, &amp; Child Poverty Reduction).</OtherInformation></Objective></Goal><Goal><Name>Opportunity</Name><Description>Expanding Opportunity

</Description><Identifier/><SequenceIndicator>2</SequenceIndicator><Stakeholder><Name/><Description/></Stakeholder><OtherInformation/><Objective><Name>Early &amp; Higher Education</Name><Description>Invest in Early Education and Higher Education</Description><Identifier/><SequenceIndicator>2.1</SequenceIndicator><Stakeholder><Name/><Description/></Stakeholder><OtherInformation/></Objective><Objective><Name>Early Education</Name><Description/><Identifier/><SequenceIndicator>2.1.1</SequenceIndicator><Stakeholder><Name/><Description/></Stakeholder><OtherInformation>Early Education Background:
*        Increases high school graduation rates.
*        Reduces likelihood of going to prison.
*        Half of low-income children don’t have access to current preschool or head start programs.
*        Existing Child Care programs have been slashed by 100,000 slots since Great Recession.
*        Currently, middle-income families face high preschool costs.
*        Currently, Transitional Kindergarten only serves ¼ of 4 yr-olds... 
California families will benefit from improved programs and universal access to quality Early Education, which will improve academic performance, put children on the road to success, and dramatically reduce future costs in other areas of the budget. </OtherInformation></Objective><Objective><Name>Transitional Kindergarten</Name><Description>Make Transitional Kindergarten universal for all 4 year-olds, to give all children access to high quality Pre-K programs.</Description><Identifier/><SequenceIndicator>2.1.1.1</SequenceIndicator><Stakeholder><Name/><Description/></Stakeholder><OtherInformation/></Objective><Objective><Name>Early Care Programs</Name><Description>Strengthen Early Care programs serving 0-3 year-olds and wrap-around care for children over 4 years-old.
</Description><Identifier/><SequenceIndicator>2.1.1.2</SequenceIndicator><Stakeholder><Name/><Description/></Stakeholder><OtherInformation/></Objective><Objective><Name>Higher Education</Name><Description/><Identifier/><SequenceIndicator>2.1.2</SequenceIndicator><Stakeholder><Name/><Description/></Stakeholder><OtherInformation>Higher Education Background:
*        Funding for Higher Education cut dramatically during the Great Recession – which has resulted in higher fees, reduced enrollments, and program cutbacks.
*        The Middle Class Scholarship will begin to offset the increased fees, but holes remain in the otherwise strong Cal Grant program, which limit access to higher education for lower income students.
*        Planned funding increases for Higher Education are not enough to expand enrollments and restore programs.
    Blueprint’s Higher Education Proposal:</OtherInformation></Objective><Objective><Name>Funding</Name><Description>Increase funding for Community Colleges, CSU, and UC to keep fees from growing, enable enrollment increases, and improve the quality of educational programs.</Description><Identifier/><SequenceIndicator>2.1.2.1</SequenceIndicator><Stakeholder><Name/><Description/></Stakeholder><OtherInformation/></Objective><Objective><Name>Cal Grants</Name><Description>Improve Cal Grants
</Description><Identifier/><SequenceIndicator>2.1.2.2</SequenceIndicator><Stakeholder><Name/><Description/></Stakeholder><OtherInformation/></Objective><Objective><Name>Award Levels</Name><Description>Increase Award Levels, e.g. provide full award their first year and increase “Access Award” for living expenses and supplies for neediest students.</Description><Identifier/><SequenceIndicator>2.1.2.2.1</SequenceIndicator><Stakeholder><Name/><Description/></Stakeholder><OtherInformation/></Objective><Objective><Name>Access</Name><Description>Increase Access, e.g. expand the number of “Competitive Awards” for students that don’t follow traditional route of higher education soon after high school.</Description><Identifier/><SequenceIndicator>2.1.2.2.2</SequenceIndicator><Stakeholder><Name/><Description/></Stakeholder><OtherInformation/></Objective><Objective><Name>Child Poverty</Name><Description>Reduce Child Poverty</Description><Identifier/><SequenceIndicator>2.2</SequenceIndicator><Stakeholder><Name>Children in California</Name><Description/></Stakeholder><OtherInformation>Child Poverty Background:
*        Roughly ¼ California children (2.3 million) live in poverty, the highest child poverty rate in the country.
*        Children growing up in poverty experience life-long consequences.
*        The physiological brain impacts of poverty harm the academic outcomes of children living in poverty.
*        The economic impacts of the Great Recession and draconian budget cuts – at both the state and federal level – have worsened child poverty and its consequences in California.</OtherInformation></Objective><Objective><Name>Economic Condition</Name><Description>Improve economic condition of millions of children currently in poverty by lifting hundreds of thousands out of poverty, and others from the depths of poverty</Description><Identifier/><SequenceIndicator>2.2.1</SequenceIndicator><Stakeholder><Name/><Description/></Stakeholder><OtherInformation/></Objective><Objective><Name>EITC &amp; CalWORKs</Name><Description>Expand Earned Income Tax Credit and increase CalWORKs “Earned Income Disregard” to strengthen impact of paychecks.</Description><Identifier/><SequenceIndicator>2.2.1.1</SequenceIndicator><Stakeholder><Name/><Description/></Stakeholder><OtherInformation/></Objective><Objective><Name>Job Training</Name><Description>Improve county Job Training programs to get CalWORKs recipients back to work as quickly as possible.</Description><Identifier/><SequenceIndicator>2.2.1.2</SequenceIndicator><Stakeholder><Name>CalWORKs Recipients</Name><Description/></Stakeholder><OtherInformation/></Objective><Objective><Name>CalFresh</Name><Description>Create CalFresh “add-on” to provide an additional food benefit for California’s poorest children enrolled in CalWORKs.
</Description><Identifier/><SequenceIndicator>2.2.1.3</SequenceIndicator><Stakeholder><Name>California's Poorest Children</Name><Description/></Stakeholder><OtherInformation/></Objective><Objective><Name>CalWORKs Grants</Name><Description>Provide modest CalWORKs grant increase.</Description><Identifier/><SequenceIndicator>2.2.1.4</SequenceIndicator><Stakeholder><Name/><Description/></Stakeholder><OtherInformation/></Objective><Objective><Name>Health Care</Name><Description>Improve Access to Health Care</Description><Identifier/><SequenceIndicator>2.3</SequenceIndicator><Stakeholder><Name/><Description/></Stakeholder><OtherInformation>Health Access Background:
*        California is successfully implementing the Affordable Care Act.
*        Medi-Cal reimbursement rate cuts during the Great Recession may limit the access to health care that the ACA is intended to improve.
*        Critical Public Health programs also were cut during the Great Recession, harming public health particularly in low-income communities.</OtherInformation></Objective><Objective><Name>Medi-Cal</Name><Description>Phase in Medi-Cal rate increases to restore reimbursement rates to ensure adequate health providers for the expanded Medi-Cal population.
</Description><Identifier/><SequenceIndicator>2.3.1</SequenceIndicator><Stakeholder><Name>Medi-Cal Population</Name><Description/></Stakeholder><Stakeholder><Name>Health Providers</Name><Description/></Stakeholder><OtherInformation/></Objective><Objective><Name>Public Health Programs</Name><Description>Restore Public Health programs – such as: the Early Mental Health Initiative; Asthma Public Health Initiative; and Black Infant Health – to improve public health and to avoid more expensive health costs down the road.</Description><Identifier/><SequenceIndicator>2.3.2</SequenceIndicator><Stakeholder><Name/><Description/></Stakeholder><OtherInformation/></Objective><Objective><Name>Jobs</Name><Description>Fund Jobs Investments</Description><Identifier/><SequenceIndicator>2.4</SequenceIndicator><Stakeholder><Name/><Description/></Stakeholder><OtherInformation>Jobs Background:
*        California continues to create jobs as the state emerges from the Great Recession.
*        However, the state’s unemployment rate remains high: 8.7% (but down from 12.4% in the depths of the great recession).
*        Specific public investments and policies can accelerate job growth, and ensure more Californians are benefiting from the rebounding economy.</OtherInformation></Objective><Objective><Name>Infrastructure Investments</Name><Description/><Identifier/><SequenceIndicator>2.4.1</SequenceIndicator><Stakeholder><Name/><Description/></Stakeholder><OtherInformation/></Objective><Objective><Name>One-Time Funds</Name><Description>Put “one-time” funds to use for such things as clean energy, parks and schools and other one time investments.</Description><Identifier/><SequenceIndicator>2.4.1.1</SequenceIndicator><Stakeholder><Name/><Description/></Stakeholder><OtherInformation/></Objective><Objective><Name>Drinking Water Funds</Name><Description>Cut the “red tape” and get $500 million in federal drinking water funds out the door that will greatly benefit the struggling areas of the state, including the Central Valley.</Description><Identifier/><SequenceIndicator>2.4.1.2</SequenceIndicator><Stakeholder><Name>Central Valley</Name><Description/></Stakeholder><OtherInformation/></Objective><Objective><Name>Infrastructure Bank</Name><Description>Expand the Infrastructure Bank to build a robust revolving loan fund to benefit local governments fund projects.</Description><Identifier/><SequenceIndicator>2.4.1.3</SequenceIndicator><Stakeholder><Name>Infrastructure Bank</Name><Description/></Stakeholder><OtherInformation/></Objective><Objective><Name>Cap &amp; Trade Revenues</Name><Description>Allocate Cap and Trade revenues to reinvest into our communities.</Description><Identifier/><SequenceIndicator>2.4.1.4</SequenceIndicator><Stakeholder><Name/><Description/></Stakeholder><OtherInformation/></Objective><Objective><Name>Work</Name><Description>Help Struggling Families get back to work</Description><Identifier/><SequenceIndicator>2.4.2</SequenceIndicator><Stakeholder><Name>Struggling Families</Name><Description/></Stakeholder><OtherInformation/></Objective><Objective><Name>Child Care &amp; CalWORKs</Name><Description>Expand Child Care slots and CalWORKs Job Training programs.</Description><Identifier/><SequenceIndicator>2.4.2.1</SequenceIndicator><Stakeholder><Name/><Description/></Stakeholder><OtherInformation/></Objective><Objective><Name>Community Colleges</Name><Description>Increase Community College Workforce Development.</Description><Identifier/><SequenceIndicator>2.4.2.2</SequenceIndicator><Stakeholder><Name>Community Colleges</Name><Description/></Stakeholder><OtherInformation/></Objective><Objective><Name>Ameri-Corps</Name><Description>Establish California component of Ameri-Corps to assist entry into the workforce.</Description><Identifier/><SequenceIndicator>2.4.2.3</SequenceIndicator><Stakeholder><Name>Ameri-Corps</Name><Description/></Stakeholder><OtherInformation/></Objective><Objective><Name>Veterans</Name><Description>Assist Veterans find employment through such efforts as fixing bureaucratic problems with state’s Veterans’ Employment Services, funding Work for Warriors, and expanding Conservation Corps slots for veterans.</Description><Identifier/><SequenceIndicator>2.4.2.4</SequenceIndicator><Stakeholder><Name>Veterans</Name><Description/></Stakeholder><OtherInformation/></Objective><Objective><Name>Business Resources</Name><Description>Improve Business Resources</Description><Identifier/><SequenceIndicator>2.4.3</SequenceIndicator><Stakeholder><Name/><Description/></Stakeholder><OtherInformation/></Objective><Objective><Name>Small Business Loan Guarantees</Name><Description>Expand Small Business Loan Guarantee program to generate hundreds of millions in new small business loans.
</Description><Identifier/><SequenceIndicator>2.4.3.1</SequenceIndicator><Stakeholder><Name>Small Businesses</Name><Description/></Stakeholder><OtherInformation/></Objective><Objective><Name>California New Markets Tax Credit</Name><Description>Establish a California New Markets Tax Credit program that aligns with the federal program to generate investments in underserved, low income communities.</Description><Identifier/><SequenceIndicator>2.4.3.2</SequenceIndicator><Stakeholder><Name>Underserved, Low Income Communities</Name><Description/></Stakeholder><OtherInformation/></Objective></Goal></StrategicPlanCore><AdministrativeInformation><StartDate/><EndDate/><PublicationDate>2013-12-18</PublicationDate><Source>http://asmdc.org/issues/budget-blueprint/</Source><Submitter><FirstName>Owen</FirstName><LastName>Ambur</LastName><PhoneNumber/><EmailAddress>Owen.Ambur@verizon.net</EmailAddress></Submitter></AdministrativeInformation></StrategicPlan>