<?xml version="1.0" encoding="UTF-8"?>
<StrategicPlan xmlns="urn:ISO:std:iso:17469:tech:xsd:stratml_core" xmlns:xsi="http://www.w3.org/2001/XMLSchema-instance" xsi:schemaLocation="urn:ISO:std:iso:17469:tech:xsd:stratml_core http://xml.govwebs.net/stratml/references/StrategicPlanISOVersion20140401.xsd"><Name>About Us</Name><Description>FOR THE BETTER.
We believe blockchain technology should be used to benefit all of humankind, not just large corporations with superior resources, so we’re dedicating our resources to catalyze tremendous economic and social change.</Description><OtherInformation>FROM ITS HEART.
Blockchains is a movement. Passionate, driven, like-minded people dedicated to conceptualizing and incubating blockchain-powered ideas, ventures and businesses that will positively impact humankind for generations to come.</OtherInformation><StrategicPlanCore><Organization><Name>Blockchains, LLC</Name><Acronym>BCLLC</Acronym><Identifier>_be5a2f62-dfc2-11e8-95b8-b1a4c7cc2f93</Identifier><Description/><Stakeholder StakeholderTypeType="Person"><Name>Jeffrey Berns</Name><Description>CEO &amp; Founder</Description></Stakeholder><Stakeholder StakeholderTypeType="Person"><Name>David Berns</Name><Description>President</Description></Stakeholder><Stakeholder StakeholderTypeType="Generic_Group"><Name>BCLLC Partners</Name><Description>The blockchain won’t just redefine industries – it will create new industries all together. In our sandbox, we’ll explore the entire spectrum of opportunities and invite all partners who share our vision – whether you are an existing blockchain company or simply have a blockchain-related idea – to reach out and start a conversation.</Description></Stakeholder></Organization><Vision><Description>Humankind is positively impacted for generations to come</Description><Identifier>_be5a3066-dfc2-11e8-95b8-b1a4c7cc2f93</Identifier></Vision><Mission><Description>To conceptualize and incubate blockchain-powered ideas, ventures and businesses</Description><Identifier>_be5a30fc-dfc2-11e8-95b8-b1a4c7cc2f93</Identifier></Mission><Value><Name/><Description/></Value><Goal><Name>Concepts, Partnerships &amp; Businesses</Name><Description>Develop and cultivate concepts, partnerships and businesses powered by blockchain technology</Description><Identifier>_be5a3188-dfc2-11e8-95b8-b1a4c7cc2f93</Identifier><SequenceIndicator/><Stakeholder StakeholderTypeType="Generic_Group"><Name>Blockchain Developers</Name><Description>Developers are the lifeblood of everything we do within the blockchain ecosystem and we are always looking for an infusion of new talent. Opportunities on our team include our decentralized identity, digital asset storage custody and energy projects, and much more. And of course, inquiries from developers with new projects to incubate are always welcome.</Description></Stakeholder><Stakeholder StakeholderTypeType="Generic_Group"><Name>Blockchain Thought-Leaders</Name><Description/></Stakeholder><Stakeholder StakeholderTypeType="Generic_Group"><Name>Blockchain Investors</Name><Description>Without investors, the dreams of our developers will remain just that – dreams. But our mission is to take those dreams and make them real so that all of humankind can benefit. Our vision knows no bounds, and we are looking for investors with a similar passion for redefining the impact that technology can have on the world.</Description></Stakeholder><OtherInformation>Blockchains develops and cultivates concepts, partnerships and businesses powered by blockchain technology.
Bringing together these brilliant minds − developers, thought-leaders, investors and partners from around the world − helps us to realize a shared vision.</OtherInformation><Objective><Name>Identity</Name><Description>Conceptualize and develop decentralized identity</Description><Identifier>_be5a320a-dfc2-11e8-95b8-b1a4c7cc2f93</Identifier><SequenceIndicator>1</SequenceIndicator><Stakeholder StakeholderTypeType="Generic_Group"><Name/><Description/></Stakeholder><OtherInformation/></Objective><Objective><Name>Digital Assets</Name><Description>Conceptualize and develop digital asset storage custody</Description><Identifier>_be5a32a0-dfc2-11e8-95b8-b1a4c7cc2f93</Identifier><SequenceIndicator>2</SequenceIndicator><Stakeholder StakeholderTypeType="Generic_Group"><Name/><Description/></Stakeholder><OtherInformation/></Objective><Objective><Name>Energy</Name><Description>Conceptualize and develop energy projects</Description><Identifier>_be5a3336-dfc2-11e8-95b8-b1a4c7cc2f93</Identifier><SequenceIndicator>3</SequenceIndicator><Stakeholder StakeholderTypeType="Generic_Group"><Name/><Description/></Stakeholder><OtherInformation/></Objective></Goal></StrategicPlanCore><AdministrativeInformation><PublicationDate>2018-11-03</PublicationDate><Source>https://blockchains.com/</Source><Submitter><GivenName>Owen</GivenName><Surname>Ambur</Surname><PhoneNumber/><EmailAddress>Owen.Ambur@verizon.net</EmailAddress></Submitter></AdministrativeInformation></StrategicPlan>