<?xml version="1.0" encoding="UTF-8"?>
<StrategicPlan xmlns="urn:ISO:std:iso:17469:tech:xsd:stratml_core" xmlns:xsi="http://www.w3.org/2001/XMLSchema-instance" xsi:schemaLocation="urn:ISO:std:iso:17469:tech:xsd:stratml_core http://xml.govwebs.net/stratml/references/StrategicPlanISOVersion20140401.xsd"><Name>About BCRDC</Name><Description/><OtherInformation/><StrategicPlanCore><Organization><Name>Brown County Redevelopment Commission</Name><Acronym>BCRDC</Acronym><Identifier>_19024776-f4c6-11e7-a536-e844ca516356</Identifier><Description>The Brown County Redevelopment Commission is a five-member board appointed by the Brown County Commissioners under the authority of Indiana Code 36-7-14.</Description><Stakeholder StakeholderTypeType="Generic_Group"><Name>Brown County Commissioners</Name><Description/></Stakeholder><Stakeholder StakeholderTypeType="Organization"><Name>State of Indiana</Name><Description/></Stakeholder><Stakeholder StakeholderTypeType="Generic_Group"><Name>BCRDC Members</Name><Description>Members include:</Description></Stakeholder><Stakeholder StakeholderTypeType="Person"><Name>Dave Redding</Name><Description>President</Description></Stakeholder><Stakeholder StakeholderTypeType="Person"><Name>Jim Schultz</Name><Description>Vice President</Description></Stakeholder><Stakeholder StakeholderTypeType="Person"><Name>Tina Bedey</Name><Description>Secretary</Description></Stakeholder><Stakeholder StakeholderTypeType="Person"><Name>Jim Kemp</Name><Description/></Stakeholder><Stakeholder StakeholderTypeType="Person"><Name>Tim Clark</Name><Description/></Stakeholder><Stakeholder StakeholderTypeType="Person"><Name>Judy Hardwick</Name><Description>School Board Representative</Description></Stakeholder><Stakeholder StakeholderTypeType="Organization"><Name>Brown County </Name><Description/></Stakeholder><Stakeholder StakeholderTypeType="Generic_Group"><Name>Brown County Residents</Name><Description/></Stakeholder><Stakeholder StakeholderTypeType="Generic_Group"><Name>Brown County Government</Name><Description/></Stakeholder><Stakeholder StakeholderTypeType="Generic_Group"><Name>Brown County Not for Profit Institutions</Name><Description/></Stakeholder><Stakeholder StakeholderTypeType="Generic_Group"><Name>Brown County Schools</Name><Description/></Stakeholder><Stakeholder StakeholderTypeType="Generic_Group"><Name>Brown County Businesses</Name><Description/></Stakeholder><Stakeholder StakeholderTypeType="Organization"><Name>Indiana Office of Community and Rural Affairs</Name><Description>The Indiana Office of Community and Rural Affairs believes healthy communities share certain characteristics, a compilation called Community Vitality (CVI), which are used as benchmarks to gauge a community's vibrancy.</Description></Stakeholder></Organization><Vision><Description>A Better Place, to Live, Work, or Play.</Description><Identifier>_190248b6-f4c6-11e7-a536-e844ca516356</Identifier></Vision><Mission><Description>To expand the tax base through residential and business growth by engaging residents, government, not for profit institutions, schools, businesses, and others that support our vision for Brown County</Description><Identifier>_19024942-f4c6-11e7-a536-e844ca516356</Identifier></Mission><Value><Name/><Description/></Value><Goal><Name>Residences &amp; Businesses</Name><Description>Attract and support the development of new residences and businesses</Description><Identifier>_190249ba-f4c6-11e7-a536-e844ca516356</Identifier><SequenceIndicator>1</SequenceIndicator><Stakeholder><Name/><Description/></Stakeholder><OtherInformation>We envision that through a collaborative process and building upon past planning initiatives, such as the Community Report "Brown County 2020: A Vision for the Future" and "Leading Brown County: A Strategic Renewal of "Brown County 2020 -- A Vision for the Future," we will be able to attract and support the development of new residences and businesses that align with the Comprehensive Plan for Brown County.</OtherInformation><Objective><Name/><Description/><Identifier>_19024a32-f4c6-11e7-a536-e844ca516356</Identifier><SequenceIndicator/><Stakeholder><Name/><Description/></Stakeholder><OtherInformation/></Objective></Goal><Goal><Name>Benchmarks</Name><Description>Use CVI benchmarks to help raise awareness, assess progress and reinforce the need for growth.</Description><Identifier>_19024aaa-f4c6-11e7-a536-e844ca516356</Identifier><SequenceIndicator>2</SequenceIndicator><Stakeholder><Name/><Description/></Stakeholder><OtherInformation>The RDC has developed the CVIs for Brown County and will use these benchmarks to help raise awareness, assess progress and reinforce the need for growth. OCRA encourages communities to use the characteristics to guide and encourage discussions between citizens and officials. The CVI categories (provided by OCRA) include:</OtherInformation><Objective><Name>Assessed Values</Name><Description>Track the value of real property, improvements and personal property subject to taxation.</Description><Identifier>_19024b22-f4c6-11e7-a536-e844ca516356</Identifier><SequenceIndicator>2.1</SequenceIndicator><Stakeholder><Name/><Description/></Stakeholder><OtherInformation>Assessed Value, which is the total dollar value assigned to all real property, improvements and personal property subject to taxation.</OtherInformation></Objective><Objective><Name>Income</Name><Description>Track the mean income of residents.</Description><Identifier>_19024ba4-f4c6-11e7-a536-e844ca516356</Identifier><SequenceIndicator>2.2</SequenceIndicator><Stakeholder StakeholderTypeType="Generic_Group"><Name>Brown County Residents</Name><Description/></Stakeholder><OtherInformation>Per Capita Income, which is the mean money income received in the past 12 months computed for every man, woman, and child in a geographic area. This is calculated by dividing the total income of all people 15 years and older by the total population in a given area.</OtherInformation></Objective><Objective><Name>Population</Name><Description>Track changes in population.</Description><Identifier>_19024c26-f4c6-11e7-a536-e844ca516356</Identifier><SequenceIndicator>2.3</SequenceIndicator><Stakeholder StakeholderTypeType="Organization"><Name>Brown County</Name><Description/></Stakeholder><OtherInformation>Population Growth refers to the change in population, which includes the surplus or deficit of births over deaths, balanced with the number of people entering or leaving a specific area.</OtherInformation></Objective><Objective><Name>Educational Attainment</Name><Description>Track the change in the educational status of each community.</Description><Identifier>_19024c9e-f4c6-11e7-a536-e844ca516356</Identifier><SequenceIndicator>2.4</SequenceIndicator><Stakeholder StakeholderTypeType="Generic_Group"><Name>Brown County Communities</Name><Description/></Stakeholder><OtherInformation>Educational Attainment Rate is the change in the educational status of each community by age and level of education completed.</OtherInformation></Objective><Objective><Name>School Enrollment</Name><Description>Track the number of students in grades kindergarten to 12 in public schools in the county.</Description><Identifier>_19024d2a-f4c6-11e7-a536-e844ca516356</Identifier><SequenceIndicator>2.5</SequenceIndicator><Stakeholder StakeholderTypeType="Generic_Group"><Name>Brown County Schools</Name><Description/></Stakeholder><OtherInformation>Public School Enrollment includes the number of students in grades kindergarten to 12 in public schools in the county.</OtherInformation></Objective></Goal></StrategicPlanCore><AdministrativeInformation><PublicationDate>2018-01-08</PublicationDate><Source>http://www.choosebrowncounty.com/about-us/</Source><Submitter><GivenName>Owen</GivenName><Surname>Ambur</Surname><PhoneNumber/><EmailAddress>Owen.Ambur@verizon.net</EmailAddress></Submitter></AdministrativeInformation></StrategicPlan>