<?xml version="1.0" encoding="UTF-8"?>
<StrategicPlan xmlns="urn:ISO:std:iso:17469:tech:xsd:stratml_core" xmlns:xsi="http://www.w3.org/2001/XMLSchema-instance" xsi:schemaLocation="urn:ISO:std:iso:17469:tech:xsd:stratml_core http://xml.govwebs.net/stratml/references/StrategicPlanISOVersion20140401.xsd"><Name>We the People: Prescription for Growth -- Health, Inspire, Revive</Name><Description>My flat tax plan will increase our current, anemic economic growth rate of 2.2 percent by more than half. I am confident this would generate an additional 1.6 percent of growth annually. As a result, our economy would be growing at an annual rate of almost 4 percent.  My flat tax will fuel economic growth well beyond the historic 3.24 percent annual average from 1947 to 2015.  Over the first 10 years of my plan, this surge in growth will increase our real gross domestic product by more than 16 percent.  This expanded growth translates into more than five million additional jobs over 10 years, with a nearly 11 percent increase in wages.</Description><OtherInformation>There is no magic here: these are the predictable results of a simple, transparent and fair flat tax system that
unleashes the economic potential of every American worker and business. Individual savings will be
encouraged, not penalized. Moreover, U.S. investment and production capabilities will expand, helping to create
millions of new American jobs.  Ease of compliance and enforcement alone will unlock up to an estimated $2 trillion in reportable income that has been kept back or deliberately concealed.  This alone will enable the United States to recoup as much as $300 billion in tax revenue that is now lost because of an appallingly inefficient tax system that invites abuse.</OtherInformation><StrategicPlanCore><Organization><Name>Ben Carson</Name><Acronym>BC</Acronym><Identifier>_ec8ce6f8-bd89-11e5-986b-a6c017d502d3</Identifier><Description>Neurosurgeon and candidate for President of the United States of America</Description><Stakeholder><Name/><Description/></Stakeholder></Organization><Vision><Description>Everybody Gains, America Prospers and We Return to Our Ideals</Description><Identifier>_ec8ce86a-bd89-11e5-986b-a6c017d502d3</Identifier></Vision><Mission><Description>To implement a tax policy that simply raises revenue -- not redistribute wealth, micromanage free citizens or intrude on privacy. </Description><Identifier>_ec8ce93c-bd89-11e5-986b-a6c017d502d3</Identifier></Mission><Value><Name>General Welfare</Name><Description>A flat tax may be the only tax that treats everyone fairly and thus promotes the general welfare. Under a flat tax, each citizen pays the same percentage, and there is no danger of the government favoring one group over another.</Description></Value><Value><Name>Hard Work</Name><Description>When I was little, my mother worked two or three jobs at a time. She left at five in the morning and sometimes did not return home until midnight. We knew we lived
in poverty, but my mother believed if you got a good education, worked hard and followed the rules, you could achieve the American Dream.</Description></Value><Value><Name>Education</Name><Description/></Value><Value><Name>Rules</Name><Description/></Value><Value><Name>Saving</Name><Description>Today, millions of American families are struggling to provide for everyday needs, invest in their children's futures, ensure adequate health care and save for retirement. Sadly, it has become increasingly difficult for them to realize
the American Dream.   Our burdensome tax system is a major reason why. </Description></Value><Value><Name>Simplicity</Name><Description>Hardworking Americans spend countless hours and immense resources to comply with our lengthy tax code.  Since it was created in 1913, our web of tax laws and regulations has grown to an absurd size of 10 million words.
Not only is our tax code excessively long, it is complex and incomprehensible. The Internal Revenue Service (IRS) itself concedes that "the most serious problem facing taxpayers is the complexity of the Internal Revenue Code."  Just last year, Americans spent more than $230 billion and 6 billion hours in our attempts to comply.  All that wasted time, money and effort will be eliminated
by my flat tax plan. </Description></Value><Value><Name>Fairness</Name><Description>Currently, the complexity of our tax code allows some to game the system, creating unfair results. On the one hand, those who can afford high-priced tax lawyers and accountants exploit the loopholes that plague our tax code. On the other hand, 45 percent of the households of this country pay no federal income tax at all.
We need to move to a flat tax system where everyone pays the same percentage.  Even those who earn little income will pay taxes, no matter how small their contribution might be. Instead of catering to special interests with convoluted tax breaks and preferential treatment, we need to adopt a genuine flat tax that treats all taxpayers fairly.</Description></Value><Value><Name>Entrepreneurship</Name><Description>But that is not enough. We also need to reform our tax system to remove hindrances to American businesses and our famous spirit of entrepreneurship. Some of America's best known companies have already moved operations
abroad to escape our crushing 35 percent federal corporate tax rate -- the highest in the developed world.  Double taxation and irrational tax rules give these companies every incentive to keep their profits overseas rather than
repatriate gains back home.  Consequently, corporations build and expand their businesses outside the United States, which results in fewer jobs for American citizens.  My plan will create an environment that encourages corporations to bring their businesses back to America, invest money into our communities and create new jobs. </Description></Value><Value><Name>Common Sense</Name><Description>Both the American people and companies built in the United States deserve a tax system that reflects our highest values and unleashes our greatest potential; we deserve common-sense tax reforms and a plan based on simplicity,
transparency and fairness. 
My proposal stands alone among all candidates' plans as a true 14.9 percent flat tax -- with no deductions, no tax shelters and no loopholes.  Under my plan, two people who earn the same amount of income will pay the same amount of taxes. And, someone who earns 10 times as much as his neighbor will pay 10 times as much in taxes. </Description></Value><Value><Name>Transparency</Name><Description>Meets the Tests of Simplicity, Transparency and Fairness -- My flat tax plan offers much-needed common-sense reform. 
Unlike proposals advanced by other candidates, my tax plan does not compromise with special interests on deductions or waffle on tax shelters and loopholes.  Nor does it falsely claim to be a flat tax while still deriving the bulk of its revenues through higher business flat taxes that amount to a European-style value-added tax (VAT).  Adding a VAT on top of the income tax would not only
impose an immense tax increase on the American people, but also become a burdensome drag on the U.S. economy.  By applying one single rate to every form of income at its source, my plan does not allow income to escape taxation
or be hidden from view. Americans will no longer be pitted against one another or stratified into increasingly punitive tax brackets.</Description></Value><Value><Name>Honesty</Name><Description>Simplicity is a virtue. It serves as the hallmark of honesty and fairness. Through my flat tax plan, we will improve transparency and restore equal treatment in the collection of taxes.</Description></Value><Value><Name>Life</Name><Description>My Pledge: A Simple, Transparent and Fair Tax System for All Americans -- America was founded on the ideals of life, liberty and the pursuit of happiness. For many Americans, our current tax system is adverse to those ideals: it stifles their ability to pursue their personal and business ambitions, and it burdens society with an incomprehensible tax code that makes compliance expensive and nearly impossible.  My flat tax plan has the power to rekindle our nation's founding ideals by eliminating the needless complexity and treating every American, rich and poor, with or without lobbyists or lawyers, equal in their ability to achieve the American Dream.
Simple, transparent and fair: that is the promise of my tax plan, and I believe it delivers on every count.</Description></Value><Value><Name>Liberty</Name><Description/></Value><Value><Name>Happiness</Name><Description/></Value><Goal><Name>Tax Rate</Name><Description>Tax income at a uniform 14.9 percent rate. </Description><Identifier>_ec8cea7c-bd89-11e5-986b-a6c017d502d3</Identifier><SequenceIndicator>1</SequenceIndicator><Stakeholder><Name/><Description/></Stakeholder><OtherInformation/><Objective><Name/><Description/><Identifier>_ec8ceb4e-bd89-11e5-986b-a6c017d502d3</Identifier><SequenceIndicator/><Stakeholder><Name/><Description/></Stakeholder><OtherInformation/></Objective></Goal><Goal><Name>Poor People</Name><Description>Protect those rising from poverty ...</Description><Identifier>_ec8cec0c-bd89-11e5-986b-a6c017d502d3</Identifier><SequenceIndicator>2</SequenceIndicator><Stakeholder StakeholderTypeType="Generic_Group"><Name>Poor People</Name><Description/></Stakeholder><OtherInformation>... the flat tax applies only to income above 150 percent of the Federal Poverty
Level (FPL). For example, a family of four will not pay the 14.9 percent tax on their first $36,375 of income. </OtherInformation><Objective><Name/><Description/><Identifier>_ec8cece8-bd89-11e5-986b-a6c017d502d3</Identifier><SequenceIndicator/><Stakeholder><Name/><Description/></Stakeholder><OtherInformation/></Objective></Goal><Goal><Name>Citizen Ownership</Name><Description>Treat everyone in America as citizen-owners ...</Description><Identifier>_ec8cedc4-bd89-11e5-986b-a6c017d502d3</Identifier><SequenceIndicator>3</SequenceIndicator><Stakeholder StakeholderTypeType="Generic_Group"><Name>American Citizens</Name><Description/></Stakeholder><OtherInformation>... those whose income is at or below 150 percent of the FPL will be responsible for a de minimis tax payment annually. </OtherInformation><Objective><Name/><Description/><Identifier>_ec8ceea0-bd89-11e5-986b-a6c017d502d3</Identifier><SequenceIndicator/><Stakeholder><Name/><Description/></Stakeholder><OtherInformation/></Objective></Goal><Goal><Name>Personal &amp; Corporate Income</Name><Description>Tax personal and corporate income at the same level. </Description><Identifier>_ec8cef72-bd89-11e5-986b-a6c017d502d3</Identifier><SequenceIndicator>4</SequenceIndicator><Stakeholder StakeholderTypeType="Generic_Group"><Name>American Taxpayers</Name><Description/></Stakeholder><Stakeholder StakeholderTypeType="Generic_Group"><Name>Businesses</Name><Description/></Stakeholder><Stakeholder StakeholderTypeType="Generic_Group"><Name>Partnerships</Name><Description/></Stakeholder><Stakeholder StakeholderTypeType="Generic_Group"><Name>Sole Proprietors</Name><Description/></Stakeholder><OtherInformation>Personal and corporate income are taxed at the same level, as is all business income including that of partnerships and sole proprietorships. </OtherInformation><Objective><Name/><Description/><Identifier>_ec8cf058-bd89-11e5-986b-a6c017d502d3</Identifier><SequenceIndicator/><Stakeholder><Name/><Description/></Stakeholder><OtherInformation/></Objective></Goal><Goal><Name>Double Taxation</Name><Description>Eliminate double taxation.</Description><Identifier>_ec8cf120-bd89-11e5-986b-a6c017d502d3</Identifier><SequenceIndicator>5</SequenceIndicator><Stakeholder StakeholderTypeType="Generic_Group"><Name>Savers</Name><Description/></Stakeholder><Stakeholder StakeholderTypeType="Generic_Group"><Name>Investors</Name><Description/></Stakeholder><OtherInformation>Income is taxed only once: my plan eliminates double taxation by doing away with the taxation of capital gains, dividends and interest income at the personal level.</OtherInformation><Objective><Name/><Description/><Identifier>_ec8cf1de-bd89-11e5-986b-a6c017d502d3</Identifier><SequenceIndicator/><Stakeholder><Name/><Description/></Stakeholder><OtherInformation/></Objective></Goal><Goal><Name>Capital Investments</Name><Description>Replace the hodgepodge of depreciation schedules with an immediate 100 percent write-off of all capital investments.</Description><Identifier>_ec8cf292-bd89-11e5-986b-a6c017d502d3</Identifier><SequenceIndicator>6</SequenceIndicator><Stakeholder><Name/><Description/></Stakeholder><OtherInformation>The hodgepodge of depreciation schedules is replaced with an immediate 100 percent write-off of all capital investments. This creates a powerful, effective incentive for businesses to invest in expansion and job creation.</OtherInformation><Objective><Name/><Description/><Identifier>_ec8cf33c-bd89-11e5-986b-a6c017d502d3</Identifier><SequenceIndicator/><Stakeholder><Name/><Description/></Stakeholder><OtherInformation/></Objective></Goal><Goal><Name>Deductions</Name><Description>Eliminate deductions for mortgage interest, charitable giving and state and local taxes.</Description><Identifier>_ec8cf3fa-bd89-11e5-986b-a6c017d502d3</Identifier><SequenceIndicator>7</SequenceIndicator><Stakeholder><Name/><Description/></Stakeholder><OtherInformation>Deductions for mortgage interest, charitable giving and state and local taxes are eliminated. The overwhelming majority of Americans do not benefit from these itemized deductions. </OtherInformation><Objective><Name/><Description/><Identifier>_ec8cf4ae-bd89-11e5-986b-a6c017d502d3</Identifier><SequenceIndicator/><Stakeholder><Name/><Description/></Stakeholder><OtherInformation/></Objective></Goal><Goal><Name>AMT</Name><Description>Eliminate the Alternative Minimum Tax (AMT).</Description><Identifier>_ec8cf558-bd89-11e5-986b-a6c017d502d3</Identifier><SequenceIndicator>8</SequenceIndicator><Stakeholder><Name/><Description/></Stakeholder><OtherInformation>The Alternative Minimum Tax (AMT) is eliminated.  Under the current tax system, the AMT forces middle-class Americans to calculate their tax liability twice -- once under the normal rules and again under special AMT provisions.  Americans are then punished by the government, which requires them to pay the larger tax bill.</OtherInformation><Objective><Name/><Description/><Identifier>_ec8cf652-bd89-11e5-986b-a6c017d502d3</Identifier><SequenceIndicator/><Stakeholder><Name/><Description/></Stakeholder><OtherInformation/></Objective></Goal><Goal><Name>Death Tax</Name><Description>Abolish the death tax</Description><Identifier>_ec8cf706-bd89-11e5-986b-a6c017d502d3</Identifier><SequenceIndicator>9</SequenceIndicator><Stakeholder><Name/><Description/></Stakeholder><OtherInformation>The death tax is abolished in its entirety.</OtherInformation><Objective><Name/><Description/><Identifier>_ec8cf7ba-bd89-11e5-986b-a6c017d502d3</Identifier><SequenceIndicator/><Stakeholder><Name/><Description/></Stakeholder><OtherInformation/></Objective></Goal></StrategicPlanCore><AdministrativeInformation><PublicationDate>2016-01-17</PublicationDate><Source>https://www.bencarson.com/hubfs/issues/20160103_Prescription_for_Growth.pdf?t=1452892974647</Source><Submitter><GivenName>Owen</GivenName><Surname>Ambur</Surname><PhoneNumber/><EmailAddress>Owen.Ambur@verizon.net</EmailAddress></Submitter></AdministrativeInformation></StrategicPlan>