<?xml version="1.0" encoding="UTF-8"?>
<StrategicPlan xmlns="urn:ISO:std:iso:17469:tech:xsd:stratml_core" xmlns:xsi="http://www.w3.org/2001/XMLSchema-instance" xsi:schemaLocation="urn:ISO:std:iso:17469:tech:xsd:stratml_core http://xml.govwebs.net/stratml/references/StrategicPlanISOVersion20140401.xsd"><Name>Strategic Plan</Name><Description/><OtherInformation/><StrategicPlanCore><Organization><Name>Business Forms Management Association, Inc.</Name><Acronym>BFMA</Acronym><Identifier>_8caec4b4-55cd-11e0-97db-dc237a64ea2a</Identifier><Description>SLOGAN
We capture the information that makes business run.</Description><Stakeholder><Name>Members</Name><Description>Members of the Business Forms Management Association
are responsible for the capture and distribution of
critical information for their employers. They may be engaged
in the analysis, design or procurement of the form
through which the information is captured. Or they may
be involved in the analysis, understanding, or management
of the workflow processes through which this information
is communicated. They may be involved in the
assessment, procurement, sale or management of the
documents or other media which captures, retains or
transmits this critical information during its active worklife
in the organization.</Description></Stakeholder></Organization><Vision><Description>VISION 21
BFMA – Establish the vital role that the effective capture
and process flow of information plays in a successful
business enterprise.
As we enter the 21st Century, we will:
• Be the voice of the forms profession.
• Be the Association of members armed with the skills to
reengineer processes, implementing the best practices for
their organizations.
• Be the Association of ideas, earning recognition for the vital
role of form professionals in making their organizations
more competitive, functional, and economically successful.
• Enhance the public perception of form and form systems
professionals.
• Be known internationally as an essential communication
network for form systems professionals.
• Expand our network of organized chapters.</Description><Identifier>_8caec806-55cd-11e0-97db-dc237a64ea2a</Identifier></Vision><Mission><Description>We will provide essential education, develop communication networks, and work to establish an understanding of, and recognition for, the vital role of form systems professionals in the business enterprise.</Description><Identifier>_8caec950-55cd-11e0-97db-dc237a64ea2a</Identifier></Mission><Value><Name>Members</Name><Description>Our members are the single most important element of our
success. It is through their dedication, commitment, talent,
creativity, pride, and personal responsibility that the Association’s
mission is accomplished. BFMA is structured to help coordinate
and direct activities of common interest to all individuals and
chapters, as well as to organize and promote the development and
growth of new chapters.</Description></Value><Value><Name>Integrity</Name><Description>BFMA encourages the highest ethical standards by its members
in the conduct of their business. The organization will not participate
in or give consideration to any activity, plan, understanding,
or arrangement which would restrict or interfere with the exercise
of free and independent judgment by the members in the management
or operation of their respective organizations.</Description></Value><Value><Name>Education</Name><Description>BFMA provides educational seminars and symposia for the dissemination
of ideas regarding forms and information systems,
sponsors training courses, and supports the research and development
of materials that enhance these educational efforts.</Description></Value><Value><Name>Professionalism</Name><Description>BFMA will increase the professional competence of its members by
providing them with the skills and strategies necessary to be identified
as an essential form systems consulting source. We promote
the use of forms management practices in all organizations.</Description></Value><Value><Name>Communication</Name><Description>We will publish valued technical information, news articles, and
ideas. We provide materials to facilitate the use, development, and
growth of the communication network of our members.</Description></Value><Value><Name>Public Image</Name><Description>We will continue our efforts to be the preferred source of educational
programs and consultative services in the application and
integration of the form systems discipline and to earn recognition
as quality form systems educators.</Description></Value><Value><Name>Environment</Name><Description>We will demonstrate environmental leadership through the proper
use and management of products under our control. We support
the reuse and recycling of materials.</Description></Value><Goal><Name>Symposium</Name><Description>To make Symposium our premier educational and networking program for form systems professionals.</Description><Identifier>_8caeca54-55cd-11e0-97db-dc237a64ea2a</Identifier><SequenceIndicator>1</SequenceIndicator><Stakeholder><Name/><Description/></Stakeholder><OtherInformation>We will make Symposium our premier educational and networking program for form systems professionals.</OtherInformation><Objective><Name>Attendance and Recognition</Name><Description>Increase attendance and public recognition.</Description><Identifier>_8caecb30-55cd-11e0-97db-dc237a64ea2a</Identifier><SequenceIndicator>1.A</SequenceIndicator><Stakeholder><Name/><Description/></Stakeholder><OtherInformation/></Objective><Objective><Name>Content and Structure</Name><Description> Improve program content and structure.</Description><Identifier>_8caecc02-55cd-11e0-97db-dc237a64ea2a</Identifier><SequenceIndicator>1.B</SequenceIndicator><Stakeholder><Name/><Description/></Stakeholder><OtherInformation/></Objective><Objective><Name>Curriculum</Name><Description>Ensure a broad-based curriculum that reflects current technologies and basic form systems knowledge.</Description><Identifier>_8caeccd4-55cd-11e0-97db-dc237a64ea2a</Identifier><SequenceIndicator>1.C</SequenceIndicator><Stakeholder><Name/><Description/></Stakeholder><OtherInformation/></Objective><Objective><Name>Vendor Relations and Involvement</Name><Description>Improve and enhance vendor relations and involvement..</Description><Identifier>_8caecdba-55cd-11e0-97db-dc237a64ea2a</Identifier><SequenceIndicator>1.D</SequenceIndicator><Stakeholder><Name/><Description/></Stakeholder><OtherInformation/></Objective><Objective><Name>Ideas, Issues, and Solutions</Name><Description>Provide maximum opportunity for members to exchange ideas, issues, and solutions.</Description><Identifier>_8caece96-55cd-11e0-97db-dc237a64ea2a</Identifier><SequenceIndicator>1.E</SequenceIndicator><Stakeholder><Name/><Description/></Stakeholder><OtherInformation/></Objective></Goal><Goal><Name>Membership</Name><Description>To increase our membership base.</Description><Identifier>_8caecf86-55cd-11e0-97db-dc237a64ea2a</Identifier><SequenceIndicator>2</SequenceIndicator><Stakeholder><Name/><Description/></Stakeholder><OtherInformation>We will continue to increase our membership base.</OtherInformation><Objective><Name>Membership Drive</Name><Description>Conduct an annual membership drive.</Description><Identifier>_8caed06c-55cd-11e0-97db-dc237a64ea2a</Identifier><SequenceIndicator>2.A</SequenceIndicator><Stakeholder><Name/><Description/></Stakeholder><OtherInformation/></Objective><Objective><Name>Recruitment and Retention</Name><Description>Implement an ongoing membership recruitment and retention program.</Description><Identifier>_8caed15c-55cd-11e0-97db-dc237a64ea2a</Identifier><SequenceIndicator>2.B</SequenceIndicator><Stakeholder><Name/><Description/></Stakeholder><OtherInformation/></Objective><Objective><Name>Chapters</Name><Description>Encourage formation of Chapters.</Description><Identifier>_8caed256-55cd-11e0-97db-dc237a64ea2a</Identifier><SequenceIndicator>2.C</SequenceIndicator><Stakeholder><Name/><Description/></Stakeholder><OtherInformation/></Objective><Objective><Name>Target Markets</Name><Description>Identify target markets and methods to reach those markets.</Description><Identifier>_8caed350-55cd-11e0-97db-dc237a64ea2a</Identifier><SequenceIndicator>2.D</SequenceIndicator><Stakeholder><Name/><Description/></Stakeholder><OtherInformation/></Objective><Objective><Name>Education</Name><Description>Educate management about the benefits derived from BFMA membership.</Description><Identifier>_8caed454-55cd-11e0-97db-dc237a64ea2a</Identifier><SequenceIndicator>2.E</SequenceIndicator><Stakeholder><Name/><Description/></Stakeholder><OtherInformation/></Objective></Goal><Goal><Name>Member Competency and Professionalism</Name><Description>To enhance individual member competency and professionalism.</Description><Identifier>_8caed558-55cd-11e0-97db-dc237a64ea2a</Identifier><SequenceIndicator>3</SequenceIndicator><Stakeholder><Name/><Description/></Stakeholder><OtherInformation>We will enhance individual competency and professionalism.</OtherInformation><Objective><Name>Certification Marketing</Name><Description>Continue to market the Certified Form Systems Professional program.</Description><Identifier>_8caed666-55cd-11e0-97db-dc237a64ea2a</Identifier><SequenceIndicator>3.A</SequenceIndicator><Stakeholder><Name/><Description/></Stakeholder><OtherInformation/></Objective><Objective><Name>Member Services</Name><Description>Continue to provide valued member services; i.e. Membership Directory, publications, etc.</Description><Identifier>_8caed77e-55cd-11e0-97db-dc237a64ea2a</Identifier><SequenceIndicator>3.B</SequenceIndicator><Stakeholder><Name/><Description/></Stakeholder><OtherInformation/></Objective><Objective><Name>Member Needs</Name><Description>Identify new methods or programs to meet member needs.</Description><Identifier>_8caed896-55cd-11e0-97db-dc237a64ea2a</Identifier><SequenceIndicator>3.C</SequenceIndicator><Stakeholder><Name/><Description/></Stakeholder><OtherInformation/></Objective><Objective><Name>Training</Name><Description>Provide training in business management techniques via BFMA leadership roles.</Description><Identifier>_8caed9b8-55cd-11e0-97db-dc237a64ea2a</Identifier><SequenceIndicator>3.D</SequenceIndicator><Stakeholder><Name/><Description/></Stakeholder><OtherInformation/></Objective><Objective><Name>Leadership Positions</Name><Description>Encourage greater member involvement in Association leadership positions.</Description><Identifier>_8caedb16-55cd-11e0-97db-dc237a64ea2a</Identifier><SequenceIndicator>3.E</SequenceIndicator><Stakeholder><Name/><Description/></Stakeholder><OtherInformation/></Objective></Goal><Goal><Name>Education</Name><Description>To provide education for our members, enabling them to achieve the knowledge and ability to help their organizations become more competitive, functional, and economically successful.</Description><Identifier>_8caedc56-55cd-11e0-97db-dc237a64ea2a</Identifier><SequenceIndicator>4</SequenceIndicator><Stakeholder><Name/><Description/></Stakeholder><OtherInformation>We will provide education for our members, enabling them to
achieve the knowledge and ability to help their organizations
become more competitive, functional and economically successful.
We will develop and identify resources to help members enhance
their skills in the Fields of Knowledge defined by the certification
program (CFSP).</OtherInformation><Objective><Name>Training and Education</Name><Description>Utilize Symposium to provide leading-edge training and education.</Description><Identifier>_8caeddaa-55cd-11e0-97db-dc237a64ea2a</Identifier><SequenceIndicator>4.A</SequenceIndicator><Stakeholder><Name/><Description/></Stakeholder><OtherInformation/></Objective><Objective><Name>Regional Seminars</Name><Description>Provide an ongoing series of regional educational seminars.</Description><Identifier>_8caedefe-55cd-11e0-97db-dc237a64ea2a</Identifier><SequenceIndicator>4.B</SequenceIndicator><Stakeholder><Name/><Description/></Stakeholder><OtherInformation/></Objective><Objective><Name>Alternative Training Methods</Name><Description>Identify and utilize alternative training methods such as audio/video tapes and local study groups.</Description><Identifier>_8caee05c-55cd-11e0-97db-dc237a64ea2a</Identifier><SequenceIndicator>4.C</SequenceIndicator><Stakeholder><Name/><Description/></Stakeholder><OtherInformation/></Objective><Objective><Name>Educational Offerings and Materials</Name><Description>Review and evaluate educational offerings and materials.</Description><Identifier>_8caee1c4-55cd-11e0-97db-dc237a64ea2a</Identifier><SequenceIndicator>4.D</SequenceIndicator><Stakeholder><Name/><Description/></Stakeholder><OtherInformation/></Objective><Objective><Name>Local Educational Programs</Name><Description>Provide Chapters with assistance in developing local educational programs.</Description><Identifier>_8caee322-55cd-11e0-97db-dc237a64ea2a</Identifier><SequenceIndicator>4.E</SequenceIndicator><Stakeholder><Name/><Description/></Stakeholder><OtherInformation/></Objective></Goal><Goal><Name>Public Image</Name><Description>To raise awareness and recognition of the form systems profession.</Description><Identifier>_8caee480-55cd-11e0-97db-dc237a64ea2a</Identifier><SequenceIndicator>6</SequenceIndicator><Stakeholder><Name/><Description/></Stakeholder><OtherInformation>We will raise awareness and recognition of the form systems
profession. We will promote the Certified Form Systems Professional
program. We will develop our Internet home page as a
valuable form systems information resource.</OtherInformation><Objective><Name>Internet</Name><Description>Use the Internet to expand awareness of BFMA and its activities.</Description><Identifier>_8caee5fc-55cd-11e0-97db-dc237a64ea2a</Identifier><SequenceIndicator>6.A</SequenceIndicator><Stakeholder><Name/><Description/></Stakeholder><OtherInformation/></Objective><Objective><Name>Marketing / Media Plan</Name><Description>Develop external marketing/media plan.</Description><Identifier>_8caee778-55cd-11e0-97db-dc237a64ea2a</Identifier><SequenceIndicator>6.B</SequenceIndicator><Stakeholder><Name/><Description/></Stakeholder><OtherInformation/></Objective><Objective><Name>Community Recognition</Name><Description>Encourage members to become identified in their communities as a knowledgeable information resource; e.g. college instructor, speakers bureau, volunteer groups, etc.</Description><Identifier>_8caee8ea-55cd-11e0-97db-dc237a64ea2a</Identifier><SequenceIndicator>6.C</SequenceIndicator><Stakeholder><Name/><Description/></Stakeholder><OtherInformation/></Objective></Goal><Goal><Name>Fiscal Fitness</Name><Description>To improve our fiscal fitness.</Description><Identifier>_8caeea66-55cd-11e0-97db-dc237a64ea2a</Identifier><SequenceIndicator>7</SequenceIndicator><Stakeholder><Name/><Description/></Stakeholder><OtherInformation>We will continue to improve our fiscal fitness.
We will establish an Education Foundation.</OtherInformation><Objective><Name>Sources of Revenue</Name><Description>Research and evaluate new sources of revenue; e.g. grants, trade shows, advertising revenues, vendor partnerships.</Description><Identifier>_8caeebec-55cd-11e0-97db-dc237a64ea2a</Identifier><SequenceIndicator>7.A</SequenceIndicator><Stakeholder><Name/><Description/></Stakeholder><OtherInformation/></Objective><Objective><Name>Operating Reserve</Name><Description>Build an operating reserve of at least 50 percent of our annual operating budget.</Description><Identifier>_8caeede0-55cd-11e0-97db-dc237a64ea2a</Identifier><SequenceIndicator>7.B</SequenceIndicator><Stakeholder><Name/><Description/></Stakeholder><OtherInformation/></Objective><Objective><Name>Education Foundation</Name><Description>Establish an Education Foundation to promote form systems knowledge.</Description><Identifier>_8caeef5c-55cd-11e0-97db-dc237a64ea2a</Identifier><SequenceIndicator>7.C</SequenceIndicator><Stakeholder><Name/><Description/></Stakeholder><OtherInformation/></Objective></Goal></StrategicPlanCore><AdministrativeInformation><PublicationDate>2011-03-23</PublicationDate><Source>http://xml.fido.gov/stratml/carmel/iso/BFMA.xml</Source><Submitter><GivenName>Owen</GivenName><Surname>Ambur</Surname><PhoneNumber/><EmailAddress>Owen.Ambur@verizon.net</EmailAddress></Submitter></AdministrativeInformation></StrategicPlan>