<?xml version="1.0" encoding="UTF-8"?>
<StrategicPlan xsi:schemaLocation="http://www.stratml.net  http://xml.gov/stratml/references/StrategicPlan.xsd" xmlns:xsi="http://www.w3.org/2001/XMLSchema-instance" xmlns="http://www.stratml.net"><id/><Name>About BreakingGov.com</Name><Description/><OtherInformation/><StrategicPlanCore><Organization><Name>BreakingGov.com</Name><Acronym>BGC</Acronym><Identifier/><Description>BreakingGov is produced by Breaking Media.</Description><Stakeholder><Name>Federal Government</Name><Description/></Stakeholder><Stakeholder><Name>Government Leaders</Name><Description/></Stakeholder><Stakeholder><Name>Public Sector</Name><Description/></Stakeholder><Stakeholder><Name>Breaking Media</Name><Description>Breaking Media is a network of websites, e-newsletters, events and social media channels for influential, affluent business communities. This site aims to answer any questions you might have about the company or our brands -- Above the Law, Dealbreaker, Fashionista, Breaking Defense, Breaking Energy, and Breaking Gov -- and the ways we can help you connect with the communities around these brands. It's also a place where we share some thoughts on the rapidly changing media and marketing landscape.</Description></Stakeholder><Stakeholder><Name>Breaking Media Editors</Name><Description>David Lat, Elie Mystal, Staci Zaretsky, Joe Patrice, Bess Levin, Lauren Indvik, Stephanie Trong, Dhani Mau, Nora Crotty, Colin Clark, Sydney Freedberg, Jared Anderson, Conway Irwin</Description></Stakeholder><Stakeholder><Name>David Lat</Name><Description/></Stakeholder><Stakeholder><Name>Elie Mystal</Name><Description/></Stakeholder><Stakeholder><Name>Staci Zaretsky</Name><Description/></Stakeholder><Stakeholder><Name>Joe Patrice</Name><Description/></Stakeholder><Stakeholder><Name>Bess Levin</Name><Description/></Stakeholder><Stakeholder><Name>Lauren Indvik</Name><Description/></Stakeholder><Stakeholder><Name>Stephanie Trong</Name><Description/></Stakeholder><Stakeholder><Name>Dhani Mau</Name><Description/></Stakeholder><Stakeholder><Name>Nora Crotty</Name><Description/></Stakeholder><Stakeholder><Name>Colin Clark</Name><Description/></Stakeholder><Stakeholder><Name>Sydney Freedberg</Name><Description/></Stakeholder><Stakeholder><Name>Jared Anderson</Name><Description/></Stakeholder><Stakeholder><Name>Conway Irwin</Name><Description/></Stakeholder></Organization><Vision><Description/><Identifier/></Vision><Mission><Description>To bring government leaders a new blend of analysis, discussion and debate about the innovative ideas at work in the public sector today.</Description><Identifier/></Mission><Value><Name/><Description/></Value><Goal><Name>Insights</Name><Description>Deliver fresh insights on the changing business practices and profession – not the politics – of the Federal Government.</Description><Identifier/><SequenceIndicator/><Stakeholder><Name>Federal Government</Name><Description/></Stakeholder><OtherInformation>Through a combination of original reports, insightful commentary from a wide range of experts, and access to the central hub of this community, BreakingGov delivers fresh insights on the changing business practices and profession – not the politics – of the Federal Government, America’s largest employer and services provider.</OtherInformation><Objective><Name>Reports</Name><Description>[Publish] original reports</Description><Identifier/><SequenceIndicator>1</SequenceIndicator><Stakeholder><Name/><Description/></Stakeholder><OtherInformation/></Objective><Objective><Name>Commentary</Name><Description>[Provide] insightful commentary from a wide range of experts,</Description><Identifier/><SequenceIndicator>2</SequenceIndicator><Stakeholder><Name>Experts</Name><Description/></Stakeholder><OtherInformation/></Objective><Objective><Name>Access</Name><Description>[Provide] access to the central hub of this [expert] community</Description><Identifier/><SequenceIndicator>3</SequenceIndicator><Stakeholder><Name/><Description/></Stakeholder><OtherInformation/></Objective></Goal></StrategicPlanCore><AdministrativeInformation><StartDate/><EndDate/><PublicationDate>2013-12-08</PublicationDate><Source>http://breakinggov.com/about/</Source><Submitter><FirstName>Owen</FirstName><LastName>Ambur</LastName><PhoneNumber/><EmailAddress>Owen.Ambur@verizon.net</EmailAddress></Submitter></AdministrativeInformation></StrategicPlan>