<?xml version="1.0" encoding="UTF-8"?>
<?xml-stylesheet type="text/xsl" href="/forms/part2stratml.xsl"?>
<PerformancePlanOrReport xmlns="urn:ISO:std:iso:17469:tech:xsd:PerformancePlanOrReport" xmlns:xsi="http://www.w3.org/2001/XMLSchema-instance"
 xsi:schemaLocation="urn:ISO:std:iso:17469:tech:xsd:PerformancePlanOrReport http://stratml.us/references/PerformancePlanOrReport20160216.xsd" Type="Strategic_Plan"><Name>Barry Ginn's Plan for Hilton Head</Name><Description>Real estate agent Barry Ginn said he wanted to see stark improvements in pedestrian and bicyclist safety. He said, “I’m tired of watching people get run over and killed on this island” when it comes to unsafe intersections. Ginn also said he supports Riley, and that he “needs a mayor behind him that can stand with him.”</Description><OtherInformation/><StrategicPlanCore><Organization><Name>Barry Ginn</Name><Acronym>BG</Acronym><Identifier>_5bc79808-b2fe-11e8-9081-ce6ff4f4b879</Identifier><Description/><Stakeholder><Name>[To be named]</Name><Description/><Role><Name>[To be named]</Name><Description/></Role></Stakeholder></Organization><Vision><Description/><Identifier>_5bc798b2-b2fe-11e8-9081-ce6ff4f4b879</Identifier></Vision><Mission><Description/><Identifier>_5bc79970-b2fe-11e8-9081-ce6ff4f4b879</Identifier></Mission><Value><Name/><Description/></Value><Goal><Name>Safety</Name><Description>Improve pedestrian and bicyclist safety</Description><Identifier>_5bc799fc-b2fe-11e8-9081-ce6ff4f4b879</Identifier><SequenceIndicator>1</SequenceIndicator><Stakeholder StakeholderTypeType="Generic_Group"><Name>Pedestrians</Name><Description/><Role><Name>Safety</Name><Description/><RoleType>Performer</RoleType><RoleType>Beneficiary</RoleType></Role></Stakeholder><Stakeholder StakeholderTypeType="Generic_Group"><Name>Bicyclists</Name><Description/><Role><Name>Safety</Name><Description/><RoleType>Performer</RoleType><RoleType>Beneficiary</RoleType></Role></Stakeholder><OtherInformation/><Objective><Name/><Description/><Identifier>_5bc79a7e-b2fe-11e8-9081-ce6ff4f4b879</Identifier><SequenceIndicator/><Stakeholder><Name>[To be named]</Name><Description/><Role><Name>[To be named]</Name><Description/></Role></Stakeholder><OtherInformation/><PerformanceIndicator ><SequenceIndicator/><MeasurementDimension/><UnitOfMeasurement/><Identifier>_557f23bc-b461-11e8-a08a-b2b35fbabdf6</Identifier><Relationship><Identifier>_9cdf6358-b460-11e8-af0d-d6745fbabdf6</Identifier><ReferentIdentifier/><Name/><Description/></Relationship><MeasurementInstance><TargetResult><Description>[To be described]</Description><Descriptor><DescriptorName/><DescriptorValue/></Descriptor><StartDate/><EndDate/></TargetResult><ActualResult><Description>[To be determined]</Description><Descriptor><DescriptorName/><DescriptorValue/></Descriptor><StartDate/><EndDate/></ActualResult></MeasurementInstance><OtherInformation/></PerformanceIndicator></Objective></Goal></StrategicPlanCore><AdministrativeInformation><Identifier>_557f24f2-b461-11e8-a08a-b2b35fbabdf6</Identifier><StartDate>2018-08-28</StartDate><EndDate/><PublicationDate>2018-09-09</PublicationDate><Source>https://www.islandpacket.com/news/politics-government/election/article217467935.html</Source></AdministrativeInformation><Submitter><Identifier>_557f25ba-b461-11e8-a08a-b2b35fbabdf6</Identifier><GivenName>Owen</GivenName><Surname>Ambur</Surname><PhoneNumber/><EmailAddress>Owen.Ambur@verizon.net</EmailAddress></Submitter></PerformancePlanOrReport>