<?xml version="1.0" encoding="UTF-8"?>
<StrategicPlan xsi:schemaLocation="http://www.stratml.net  http://xml.gov/stratml/references/StrategicPlan.xsd" xmlns:xsi="http://www.w3.org/2001/XMLSchema-instance" xmlns="http://www.stratml.net"><Name>About Us</Name><Description></Description><OtherInformation></OtherInformation><StrategicPlanCore><Organization><Name>Beyster Institute</Name><Acronym>BI</Acronym><Identifier>_f66c28e6-275a-11e2-8053-bc12496f2952</Identifier><Description>The Beyster Institute at UC San Diego&#8217;s Rady School of Management works to advance the understanding and practice of employee ownership as an effective and responsible business model.</Description><Stakeholder><Name>Dr. J. Robert Beyster</Name><Description>The work of the Beyster Institute began in 1986 when, as part of the Foundation for Enterprise Development, it took on the commission to spread the visionary ideas of Dr. J. Robert Beyster, the founder of SAIC. These ideas have led to the development of many highly successful enterprises based on the potent combination of employee ownership and entrepreneurial spirit.

</Description></Stakeholder><Stakeholder><Name>Rady School of Management</Name><Description>In 2004, the Beyster Institute joined the Rady School of Management at the University of California, San Diego, a leading professional school within one of the top-ranked institutions in the U.S. for higher education and research.</Description></Stakeholder><Stakeholder><Name>University of California, San Diego</Name><Description></Description></Stakeholder><Stakeholder><Name>Anthony Mathews</Name><Description>Consultant</Description></Stakeholder><Stakeholder><Name>Martin Staubus </Name><Description>Consultant</Description></Stakeholder><Stakeholder><Name>James Colligan 	</Name><Description>Consultant</Description></Stakeholder><Stakeholder><Name>Hilde Stephan 	</Name><Description>Associate</Description></Stakeholder><Stakeholder><Name>Ron Zollars 	</Name><Description>Associate</Description></Stakeholder></Organization><Vision><Description></Description><Identifier>_f66c2aa8-275a-11e2-8053-bc12496f2952</Identifier></Vision><Mission><Description> To advance the understanding and practice of employee ownership</Description><Identifier>_f66c2b52-275a-11e2-8053-bc12496f2952</Identifier></Mission><Value><Name></Name><Description></Description></Value><Goal><Name>Promotion</Name><Description>Promote employee ownership and the creation of effective ownership cultures.</Description><Identifier>_f66c2bde-275a-11e2-8053-bc12496f2952</Identifier><SequenceIndicator></SequenceIndicator><Stakeholder><Name></Name><Description></Description></Stakeholder><OtherInformation></OtherInformation><Objective><Name>Education</Name><Description></Description><Identifier>_f66c2c6a-275a-11e2-8053-bc12496f2952</Identifier><SequenceIndicator>1</SequenceIndicator><Stakeholder><Name></Name><Description></Description></Stakeholder><OtherInformation></OtherInformation></Objective><Objective><Name>Research</Name><Description></Description><Identifier>_f66c2cec-275a-11e2-8053-bc12496f2952</Identifier><SequenceIndicator>2</SequenceIndicator><Stakeholder><Name></Name><Description></Description></Stakeholder><OtherInformation></OtherInformation></Objective><Objective><Name>Consulting</Name><Description></Description><Identifier>_f66c2d82-275a-11e2-8053-bc12496f2952</Identifier><SequenceIndicator>3</SequenceIndicator><Stakeholder><Name></Name><Description></Description></Stakeholder><OtherInformation></OtherInformation></Objective></Goal></StrategicPlanCore><AdministrativeInformation><StartDate></StartDate><EndDate></EndDate><PublicationDate>2012-11-05</PublicationDate><Source>http://rady.ucsd.edu/beyster/about/</Source><Submitter><FirstName>Owen</FirstName><LastName>Ambur</LastName><PhoneNumber></PhoneNumber><EmailAddress>Owen.Ambur@verizon.net</EmailAddress></Submitter></AdministrativeInformation></StrategicPlan>