<?xml version="1.0" encoding="UTF-8"?>
<StrategicPlan xmlns="urn:ISO:std:iso:17469:tech:xsd:stratml_core" xmlns:xsi="http://www.w3.org/2001/XMLSchema-instance" xsi:schemaLocation="urn:ISO:std:iso:17469:tech:xsd:stratml_core http://xml.govwebs.net/stratml/references/StrategicPlanISOVersion20140401.xsd"><Name>About B Lab</Name><Description/><OtherInformation/><StrategicPlanCore><Organization><Name>B Lab</Name><Acronym>BL</Acronym><Identifier>_239d15e4-b1b9-11e7-a3ef-0b01d8594c73</Identifier><Description>B Lab is a nonprofit organization that serves a global movement of people using business as a force for goodTM.</Description><Stakeholder StakeholderTypeType="Generic_Group"><Name>Companies</Name><Description/></Stakeholder><Stakeholder StakeholderTypeType="Generic_Group"><Name>B Corps</Name><Description>B Corps are for-profit companies certified by the nonprofit B Lab to meet rigorous standards of social and environmental performance, accountability, and transparency.</Description></Stakeholder><Stakeholder StakeholderTypeType="Generic_Group"><Name>B Lab Team</Name><Description>The Co-Founders of B Lab, Jay Coen Gilbert, Bart Houlahan, and Andrew Kassoy, share passion for creating a better world through business and have been friends for over 20 years. Prior to B Lab, Jay and Bart were Co-Founder and President respectively, of AND1, a $250 million basketball footwear and apparel business. Andrew spent his career as a private equity investor; most recently as a Partner at MSD Real Estate Capital, a $1 billion real estate fund controlled by MSD Capital, the investment vehicle for the assets of Michael Dell and the Michael and Susan Dell Foundation.

Our team members stem from a wide variety of backgrounds in the public and private sectors across the globe.</Description></Stakeholder><Stakeholder StakeholderTypeType="Generic_Group"><Name>B Lab Board of Directors</Name><Description>B Lab is governed by a dynamic process of broad, transparent multi-stakeholder engagement. The Board of Directors will establish several Advisory Councils to ensure continuous incorporation of best thinking and practices into B Lab's mission and activities. The Board will have ultimate decision-making authority on recommendations coming from the Advisory Councils.

Members of the Board of Directors Will:
* Oversee strategy, budget and operations
of B Lab, including oversight of management, compensation, and development
* Play a Leadership Role in forming the Advisory Councils,
provide oversight of their activities, and amend/approve their recommendations
* Assist in identifying and cultivating potential philanthropic donors/investors
to ensure funding of B Lab's operations prior to sustainability via licensing income</Description></Stakeholder><Stakeholder StakeholderTypeType="Generic_Group"><Name>B Lab Standards Advisory Council</Name><Description>Oversight of the B Impact Assessment is the responsibility of B Lab's Standards Advisory Council, an independent committee of 20-22 members, each respected in the field for their wisdom and with deep industry or stakeholder expertise. The Standards Advisory Council is divided into two subgroups -- one to oversee the content and weightings for the version of the B Impact Ratings System that is appropriate for companies and funds in developed markets; the other for the version that is appropriate for companies and funds in emerging markets.</Description></Stakeholder><Stakeholder StakeholderTypeType="Generic_Group"><Name>B Lab Developed Markets Council</Name><Description/></Stakeholder><Stakeholder StakeholderTypeType="Person"><Name>Bart Houlahan</Name><Description>Co-Founder, B Lab</Description></Stakeholder><Stakeholder StakeholderTypeType="Person"><Name>Hewson Baltzell</Name><Description>President and Chief Operating officer of Helios Exchange</Description></Stakeholder><Stakeholder StakeholderTypeType="Person"><Name>Clara Barby</Name><Description>Partner, Head of ImPACT+, Bridges Ventures</Description></Stakeholder><Stakeholder StakeholderTypeType="Person"><Name>Cathy Clark</Name><Description>Adjunct Asst. Professor, Duke University, CASE</Description></Stakeholder><Stakeholder StakeholderTypeType="Person"><Name>Debra Dunn</Name><Description>Director, Skoll Foundation; former SVP Corporate Affairs and Global Citizenship Hewlett Packard</Description></Stakeholder><Stakeholder StakeholderTypeType="Person"><Name>Bonny Moellenbrock</Name><Description>Executive Director, SJF Institute</Description></Stakeholder><Stakeholder StakeholderTypeType="Person"><Name>Stephanie Nieman</Name><Description>Associate, SJF Ventures</Description></Stakeholder><Stakeholder StakeholderTypeType="Person"><Name>Richard Pike</Name><Description>Technical Director, Cook Trading Ltd.</Description></Stakeholder><Stakeholder StakeholderTypeType="Person"><Name>Beth Sirull</Name><Description>Former President, Pacific Community Ventures</Description></Stakeholder><Stakeholder StakeholderTypeType="Person"><Name>Bob Willard</Name><Description>Author and Speaker, Sustainability Advantage</Description></Stakeholder><Stakeholder StakeholderTypeType="Person"><Name>Jamie Robertson</Name><Description>Managing Director, 361 Degrees</Description></Stakeholder><Stakeholder StakeholderTypeType="Person"><Name>Thomas van Craen</Name><Description>Managing Director, Triodos Bank Belgium</Description></Stakeholder><Stakeholder StakeholderTypeType="Generic_Group"><Name>B Lab Emerging Markets Council</Name><Description/></Stakeholder><Stakeholder StakeholderTypeType="Person"><Name>Flory Wilson</Name><Description>Director, B Analytics &amp; GIIRS</Description></Stakeholder><Stakeholder StakeholderTypeType="Person"><Name>Carlos Eduardo Lessa Brandão</Name><Description>Board Member, Instituto Ethos</Description></Stakeholder><Stakeholder StakeholderTypeType="Person"><Name>Chid Liberty</Name><Description>CEO and Co-Founder, Liberty &amp; Justice</Description></Stakeholder><Stakeholder StakeholderTypeType="Person"><Name>Veronica Chau</Name><Description>Project Manager, Dalberg Global Advisors</Description></Stakeholder><Stakeholder StakeholderTypeType="Person"><Name>Sam Duncan</Name><Description>Head of Impact, Leapfrog Investments</Description></Stakeholder><Stakeholder StakeholderTypeType="Person"><Name>Genevieve Edens</Name><Description>Impact Assessment Manager, Aspen Network of Development Entrepreneurs (ANDE)</Description></Stakeholder><Stakeholder StakeholderTypeType="Person"><Name>Darin Kingston</Name><Description>Portfolio Manager, Global Development Incubator</Description></Stakeholder><Stakeholder StakeholderTypeType="Person"><Name>Kelly McCarthy</Name><Description>Senior Manager, IRIS, Global Impact Investing Network</Description></Stakeholder><Stakeholder StakeholderTypeType="Person"><Name>Watanan Petersik</Name><Description>Director, Lien Centre for Social Innovation; Chair, Ashoka Singapore Advisory Council</Description></Stakeholder><Stakeholder StakeholderTypeType="Person"><Name>Rob Schneider</Name><Description>Senior Alliance Manager, U.S. Agency for International Development (USAID)</Description></Stakeholder><Stakeholder StakeholderTypeType="Person"><Name>Joseph Wozniak</Name><Description>Program Manager - Trade for Sustainable Development, The International Trade Center (ITC) - WTO/UNCTAD</Description></Stakeholder><Stakeholder StakeholderTypeType="Generic_Group"><Name>B Lab Advisors</Name><Description/></Stakeholder><Stakeholder StakeholderTypeType="Person"><Name>Sabrena Silver</Name><Description>Partner, White &amp; Case LLP</Description></Stakeholder><Stakeholder StakeholderTypeType="Person"><Name>Jon Gray</Name><Description>Partner, Linklaters</Description></Stakeholder><Stakeholder StakeholderTypeType="Person"><Name>Allyson Hewitt</Name><Description>Director, Social Entrepreneurship, SiG@MaRS</Description></Stakeholder><Stakeholder StakeholderTypeType="Person"><Name>Kerri Golden</Name><Description>Advisor, MaRS Advisory Services</Description></Stakeholder></Organization><Vision><Description>One day all companies compete not only to be the best in the world, but the Best for the World® and as a result society will enjoy a more shared and durable prosperity.</Description><Identifier>_239d16b6-b1b9-11e7-a3ef-0b01d8594c73</Identifier></Vision><Mission><Description>To serve a global movement of people using business as a force for good.</Description><Identifier>_239d1756-b1b9-11e7-a3ef-0b01d8594c73</Identifier></Mission><Value><Name/><Description/></Value><Goal><Name>Community</Name><Description>Build a global community of Certified B CorporationsTM who meet the highest standards of verified, overall social and environmental performance, public transparency, and legal accountability</Description><Identifier>_239d1850-b1b9-11e7-a3ef-0b01d8594c73</Identifier><SequenceIndicator>1</SequenceIndicator><Stakeholder><Name/><Description/></Stakeholder><OtherInformation/><Objective><Name/><Description/><Identifier>_239d18dc-b1b9-11e7-a3ef-0b01d8594c73</Identifier><SequenceIndicator/><Stakeholder><Name/><Description/></Stakeholder><OtherInformation/></Objective></Goal><Goal><Name>Mission Alignment</Name><Description>Promote Mission Alignment using innovative corporate structures like the benefit corporation to align the interests of business with those of society and to help high impact businesses be built to last</Description><Identifier>_239d1972-b1b9-11e7-a3ef-0b01d8594c73</Identifier><SequenceIndicator>2</SequenceIndicator><Stakeholder><Name/><Description/></Stakeholder><OtherInformation/><Objective><Name/><Description/><Identifier>_239d1a3a-b1b9-11e7-a3ef-0b01d8594c73</Identifier><SequenceIndicator/><Stakeholder><Name/><Description/></Stakeholder><OtherInformation/></Objective></Goal><Goal><Name>Metrics</Name><Description>Help businesses, investors, and institutions Measure What Matters, by using the B Impact Assessment and B Analytics to manage their impact -- and the impact of the businesses with whom they work -- with as much rigor as their profits</Description><Identifier>_239d1c88-b1b9-11e7-a3ef-0b01d8594c73</Identifier><SequenceIndicator>3</SequenceIndicator><Stakeholder StakeholderTypeType="Generic_Group"><Name>Businesses</Name><Description/></Stakeholder><Stakeholder StakeholderTypeType="Generic_Group"><Name>Investors</Name><Description/></Stakeholder><Stakeholder StakeholderTypeType="Generic_Group"><Name>Institutions</Name><Description/></Stakeholder><OtherInformation/><Objective><Name/><Description/><Identifier>_239d1d28-b1b9-11e7-a3ef-0b01d8594c73</Identifier><SequenceIndicator/><Stakeholder><Name/><Description/></Stakeholder><OtherInformation/></Objective></Goal><Goal><Name>Story Telling</Name><Description>Inspire millions to join the movement through story-telling on bthechange.com.</Description><Identifier>_239d1dc8-b1b9-11e7-a3ef-0b01d8594c73</Identifier><SequenceIndicator>4</SequenceIndicator><Stakeholder StakeholderTypeType="Generic_Group"><Name/><Description/></Stakeholder><OtherInformation/><Objective><Name/><Description/><Identifier>_239d1e68-b1b9-11e7-a3ef-0b01d8594c73</Identifier><SequenceIndicator/><Stakeholder><Name/><Description/></Stakeholder><OtherInformation/></Objective></Goal></StrategicPlanCore><AdministrativeInformation><PublicationDate>2017-10-15</PublicationDate><Source>https://www.bcorporation.net/what-are-b-corps/about-b-lab</Source><Submitter><GivenName>Owen</GivenName><Surname>Ambur</Surname><PhoneNumber/><EmailAddress>Owen.Ambur@verizon.net</EmailAddress></Submitter></AdministrativeInformation></StrategicPlan>