<?xml version="1.0" encoding="UTF-8"?>
<StrategicPlan xmlns:xsi="http://www.w3.org/2001/XMLSchema-instance" xmlns:stratml="urn:ISO:std:iso:17469:tech:xsd:stratml_core"><Name>Business Model Canvas</Name><Description>The Business Model Canvas is a strategic management and lean startup template for developing new or documenting existing business models. It is a visual chart with elements describing a firm's or product's value proposition, infrastructure, customers, and finances.  It assists firms in aligning their activities by illustrating potential trade-offs.</Description><OtherInformation>Formal descriptions of the business become the building blocks for its activities. Many different business conceptualizations exist; Osterwalder's work and thesis (2010, 2004) propose a single reference model based on the similarities of a wide range of business model conceptualizations. With his business model design template, an enterprise can easily describe their business model...

The Business Model Canvas can be printed out on a large surface so groups of people can jointly start sketching and discussing business model elements with post-it note notes or board markers. It is a hands-on tool that fosters understanding, discussion, creativity, and analysis. 
The Business Model Canvas is also available in web-based software format.</OtherInformation><StrategicPlanCore><Organization><Name>Wikipedia</Name><Acronym>W</Acronym><Identifier>_8d04575a-4621-11e5-9bfc-71edc7444285</Identifier><Description/><Stakeholder StakeholderTypeType="Person"><Name>Alexander Osterwalder</Name><Description>The Business Model Canvas was initially proposed by Alexander Osterwalder based on his earlier work on Business Model Ontology.  Since the release of Osterwalder's work in 2008, new canvases for specific niches have appeared, such as the Lean Canvas.</Description></Stakeholder><Stakeholder StakeholderTypeType="Person"><Name>Yves Pigneur</Name><Description/></Stakeholder><Stakeholder StakeholderTypeType="Person"><Name>Alan Smith</Name><Description/></Stakeholder></Organization><Vision><Description/><Identifier>_8d04596c-4621-11e5-9bfc-71edc7444285</Identifier></Vision><Mission><Description>To enable documentation of business models.</Description><Identifier>_8d045a20-4621-11e5-9bfc-71edc7444285</Identifier></Mission><Value><Name/><Description/></Value><Goal><Name>Infrastructure</Name><Description>Describe required business infrastructure.</Description><Identifier>_8d045ab6-4621-11e5-9bfc-71edc7444285</Identifier><SequenceIndicator>1</SequenceIndicator><Stakeholder StakeholderTypeType=""><Name/><Description/></Stakeholder><OtherInformation/><Objective><Name>Key Activities</Name><Description>Identify the most important activities in executing a company's value proposition.</Description><Identifier>_8d045b7e-4621-11e5-9bfc-71edc7444285</Identifier><SequenceIndicator>1.1</SequenceIndicator><Stakeholder StakeholderTypeType=""><Name/><Description/></Stakeholder><OtherInformation>An example for Bic would be creating an efficient supply chain to drive down costs.</OtherInformation></Objective><Objective><Name>Key Resources</Name><Description>Identify the resources necessary to create value for the customer.</Description><Identifier>_8d045c14-4621-11e5-9bfc-71edc7444285</Identifier><SequenceIndicator>1.2</SequenceIndicator><Stakeholder StakeholderTypeType=""><Name/><Description/></Stakeholder><OtherInformation>They are considered an asset to a company, which are needed in order to sustain and support the business. These resources could be human, financial, physical and intellectual.</OtherInformation></Objective><Objective><Name>Partner Network</Name><Description>Cultivate buyer-supplier relationships and focus on core activities.</Description><Identifier>_8d045ca0-4621-11e5-9bfc-71edc7444285</Identifier><SequenceIndicator>1.3</SequenceIndicator><Stakeholder StakeholderTypeType=""><Name/><Description/></Stakeholder><OtherInformation>In order to optimize operations and reduce risks of a business model, organization usually cultivate buyer-supplier relationships so they can focus on their core activity.  Complementary business alliances also can be considered through joint ventures, strategic alliances between competitors or non-competitors.</OtherInformation></Objective></Goal><Goal><Name>Offering</Name><Description>Describe business offerings.</Description><Identifier>_8d045d40-4621-11e5-9bfc-71edc7444285</Identifier><SequenceIndicator>2</SequenceIndicator><Stakeholder StakeholderTypeType=""><Name/><Description/></Stakeholder><OtherInformation/><Objective><Name>Value Propositions</Name><Description>Determine the collection of products and services required to meet the needs of customers.</Description><Identifier>_8d045dd6-4621-11e5-9bfc-71edc7444285</Identifier><SequenceIndicator>2.1</SequenceIndicator><Stakeholder StakeholderTypeType=""><Name/><Description/></Stakeholder><OtherInformation>According to Osterwalder, (2004), a company's value proposition is what distinguishes itself from its competitors. The value proposition provides value through various elements such as newness, performance, customization, "getting the job done", design, brand/status, price, cost reduction, risk reduction, accessibility, and convenience/usability.
The value propositions may be:
Quantitative - price and efficiency [or]
Qualitative - overall customer experience and outcome</OtherInformation></Objective></Goal><Goal><Name>Customers</Name><Description>Describe customers, delivery channels, and relationships.</Description><Identifier>_8d045e6c-4621-11e5-9bfc-71edc7444285</Identifier><SequenceIndicator>3</SequenceIndicator><Stakeholder StakeholderTypeType=""><Name/><Description/></Stakeholder><OtherInformation/><Objective><Name>Customer Segments</Name><Description>Identify and segment prospective customers based on the different needs and attributes.</Description><Identifier>_8d045f0c-4621-11e5-9bfc-71edc7444285</Identifier><SequenceIndicator>3.1</SequenceIndicator><Stakeholder StakeholderTypeType=""><Name/><Description/></Stakeholder><OtherInformation>To build an effective business model, a company must identify which customers it tries to serve. Various sets of customers can be segmented based on the different needs and attributes to ensure appropriate implementation of corporate strategy meets the characteristics of selected group of clients. The different types of customer segments include:</OtherInformation></Objective><Objective><Name>Mass Market</Name><Description>Serve a wide range of potential clients.</Description><Identifier>_8d046092-4621-11e5-9bfc-71edc7444285</Identifier><SequenceIndicator>3.1.1</SequenceIndicator><Stakeholder StakeholderTypeType=""><Name/><Description/></Stakeholder><OtherInformation>There is no specific segmentation for a company that follows the Mass Market element as the organization displays a wide view of potential clients. e.g. Car.</OtherInformation></Objective><Objective><Name>Niche Markets</Name><Description>Apply segmentation based on specialized needs and characteristics of clients.</Description><Identifier>_8d046150-4621-11e5-9bfc-71edc7444285</Identifier><SequenceIndicator>3.1.2</SequenceIndicator><Stakeholder StakeholderTypeType=""><Name/><Description/></Stakeholder><OtherInformation>Customer segmentation based on specialized needs and characteristics of its clients. e.g. Rolex.</OtherInformation></Objective><Objective><Name>Segmented Markets</Name><Description>Apply additional segmentation within existing customer segments.</Description><Identifier>_8d04622c-4621-11e5-9bfc-71edc7444285</Identifier><SequenceIndicator>3.1.3</SequenceIndicator><Stakeholder StakeholderTypeType=""><Name/><Description/></Stakeholder><OtherInformation>A company applies additional segmentation within existing customer segment. In the segmented situation, the business may further distinguish its clients based on gender, age, and/or income.</OtherInformation></Objective><Objective><Name>Diversified Markets</Name><Description>Serve multiple customer segments with different needs and characteristics.</Description><Identifier>_8d0462f4-4621-11e5-9bfc-71edc7444285</Identifier><SequenceIndicator>3.1.4</SequenceIndicator><Stakeholder StakeholderTypeType=""><Name/><Description/></Stakeholder><OtherInformation>A business serves multiple customer segments with different needs and characteristics.</OtherInformation></Objective><Objective><Name>Multi-Sided Platforms / Markets</Name><Description>Serve mutually dependent customer segment.</Description><Identifier>_8d046394-4621-11e5-9bfc-71edc7444285</Identifier><SequenceIndicator>3.1.5</SequenceIndicator><Stakeholder StakeholderTypeType=""><Name/><Description/></Stakeholder><OtherInformation>For a smooth day-to-day business operation, some companies will serve mutually dependent customer segment. A credit card company will provide services to credit card holders while simultaneously assisting merchants who accept those credit cards.</OtherInformation></Objective><Objective><Name>Channels</Name><Description>Deliver value to targeted customers through efficient and effective channels.</Description><Identifier>_8d04643e-4621-11e5-9bfc-71edc7444285</Identifier><SequenceIndicator>3.2</SequenceIndicator><Stakeholder StakeholderTypeType=""><Name/><Description/></Stakeholder><OtherInformation>A company can deliver its value proposition to its targeted customers through different channels. Effective channels will distribute a company's value proposition in ways that are fast, efficient and cost effective. An organization can reach its clients either through its own channels (store front), partner channels (major distributors), or a combination of both.</OtherInformation></Objective><Objective><Name>Customer Relationships</Name><Description>Identify and create relationships customers.</Description><Identifier>_8d0464f2-4621-11e5-9bfc-71edc7444285</Identifier><SequenceIndicator>3.3</SequenceIndicator><Stakeholder StakeholderTypeType=""><Name/><Description/></Stakeholder><OtherInformation>To ensure the survival and success of any businesses, companies must identify the type of relationship they want to create with their customer segments. Various forms of customer relationships include:</OtherInformation></Objective><Objective><Name>Personal Assistance</Name><Description>Offer assistance in a form of employee-customer interaction.</Description><Identifier>_8d046592-4621-11e5-9bfc-71edc7444285</Identifier><SequenceIndicator>3.3.1</SequenceIndicator><Stakeholder StakeholderTypeType=""><Name/><Description/></Stakeholder><OtherInformation>Assistance in a form of employee-customer interaction. Such assistance is performed either during sales, after sales, and/or both.</OtherInformation></Objective><Objective><Name>Dedicated Personal Assistance</Name><Description>Assign sales representatives to handle all the needs and questions of sets of clients.</Description><Identifier>_8d046650-4621-11e5-9bfc-71edc7444285</Identifier><SequenceIndicator>3.3.2</SequenceIndicator><Stakeholder StakeholderTypeType=""><Name/><Description/></Stakeholder><OtherInformation>The most intimate and hands on personal assistance where a sales representative is assigned to handle all the needs and questions of a special set of clients.</OtherInformation></Objective><Objective><Name>Self Service</Name><Description>Provides tools for customers to serve themselves.</Description><Identifier>_8d046704-4621-11e5-9bfc-71edc7444285</Identifier><SequenceIndicator>3.3.3</SequenceIndicator><Stakeholder StakeholderTypeType=""><Name/><Description/></Stakeholder><OtherInformation>The type of relationship that translates from the indirect interaction between the company and the clients. Here, an organization provides the tools needed for the customers to serve themselves easily and effectively.</OtherInformation></Objective><Objective><Name>Automated Services</Name><Description>Identify individual customers and their preferences.</Description><Identifier>_8d0467ae-4621-11e5-9bfc-71edc7444285</Identifier><SequenceIndicator>3.3.4</SequenceIndicator><Stakeholder StakeholderTypeType=""><Name/><Description/></Stakeholder><OtherInformation>A system similar to self-service but more personalized as it has the ability to identify individual customers and his/her preferences. An example of this would be Amazon.com making book suggestion based on the characteristics of the previous book purchased.</OtherInformation></Objective><Objective><Name>Communities</Name><Description>Enable clients to share knowledge and solve problems together.</Description><Identifier>_8d046876-4621-11e5-9bfc-71edc7444285</Identifier><SequenceIndicator>3.3.5</SequenceIndicator><Stakeholder StakeholderTypeType=""><Name/><Description/></Stakeholder><OtherInformation>Creating a community allows for a direct interaction among different clients and the company. The community platform produces a scenario where knowledge can be shared and problems are solved between different clients.</OtherInformation></Objective><Objective><Name>Co-Creation</Name><Description>Engage customers directly in providing input to products/services.</Description><Identifier>_8d046934-4621-11e5-9bfc-71edc7444285</Identifier><SequenceIndicator>3.3.6</SequenceIndicator><Stakeholder StakeholderTypeType=""><Name/><Description/></Stakeholder><OtherInformation>A personal relationship is created through the customer's direct input in the final outcome of the companys products/services.</OtherInformation></Objective></Goal><Goal><Name>Finances</Name><Description>Address the financial aspects of businesses.</Description><Identifier>_8d0469e8-4621-11e5-9bfc-71edc7444285</Identifier><SequenceIndicator>4</SequenceIndicator><Stakeholder StakeholderTypeType=""><Name/><Description/></Stakeholder><OtherInformation/><Objective><Name>Cost Structure</Name><Description>Determine costs.</Description><Identifier>_8d046aa6-4621-11e5-9bfc-71edc7444285</Identifier><SequenceIndicator>4.1</SequenceIndicator><Stakeholder StakeholderTypeType=""><Name/><Description/></Stakeholder><OtherInformation>This describes the most important monetary consequences while operating under different business models. A company's DOC.</OtherInformation></Objective><Objective><Name>Classes</Name><Description>Understand the Classes of Business Structures.</Description><Identifier>_8d046b64-4621-11e5-9bfc-71edc7444285</Identifier><SequenceIndicator>4.1.1</SequenceIndicator><Stakeholder StakeholderTypeType=""><Name/><Description/></Stakeholder><OtherInformation>Cost-Driven - This business model focuses on minimizing all costs and having no frills. e.g. SouthWest
Value-Driven - Less concerned with cost, this business model focuses on creating value for their products and services. e.g. Louis Vuitton, Rolex.</OtherInformation></Objective><Objective><Name>Characteristics</Name><Description>Understand the Characteristics of Cost Structures.</Description><Identifier>_8d046c18-4621-11e5-9bfc-71edc7444285</Identifier><SequenceIndicator>4.1.2</SequenceIndicator><Stakeholder StakeholderTypeType=""><Name/><Description/></Stakeholder><OtherInformation>Fixed Costs - Costs are unchanged across different applications. e.g. salary, rent.
Variable Costs - These costs vary depending on the amount of production of goods or services. e.g. music festivals.
Economies of Scale - Costs go down as the amount of good are ordered or produced.
Economies of Scope - Costs go down due to incorporating other businesses which have a direct relation to the original product.</OtherInformation></Objective><Objective><Name>Revenue Streams</Name><Description>Generate revenue.</Description><Identifier>_8d046cea-4621-11e5-9bfc-71edc7444285</Identifier><SequenceIndicator>4.2</SequenceIndicator><Stakeholder StakeholderTypeType=""><Name/><Description/></Stakeholder><OtherInformation>The way a company makes income from each customer segment. Several ways to generate a revenue stream:</OtherInformation></Objective><Objective><Name>Asset Sales</Name><Description>Sell ownership rights to physical goods.</Description><Identifier>_8d046da8-4621-11e5-9bfc-71edc7444285</Identifier><SequenceIndicator>4.2.1</SequenceIndicator><Stakeholder StakeholderTypeType=""><Name/><Description/></Stakeholder><OtherInformation>(the most common type) Selling ownership rights to a physical good. e.g. Wal-Mart.</OtherInformation></Objective><Objective><Name>Usage Fee</Name><Description>Sell particular services.</Description><Identifier>_8d046e66-4621-11e5-9bfc-71edc7444285</Identifier><SequenceIndicator>4.2.2</SequenceIndicator><Stakeholder StakeholderTypeType=""><Name/><Description/></Stakeholder><OtherInformation>Money generated from the use of a particular service, e.g. UPS.</OtherInformation></Objective><Objective><Name>Subscription Fees</Name><Description>Sell continuous services.</Description><Identifier>_8d046f6a-4621-11e5-9bfc-71edc7444285</Identifier><SequenceIndicator>4.2.3</SequenceIndicator><Stakeholder StakeholderTypeType=""><Name/><Description/></Stakeholder><OtherInformation>Revenue generated by selling a continuous service. e.g. Netflix.</OtherInformation></Objective><Objective><Name>Lending/Leasing/Renting</Name><Description>Charge for exclusive rights to assets for a particular periods of time.</Description><Identifier>_8d04703c-4621-11e5-9bfc-71edc7444285</Identifier><SequenceIndicator>4.2.4</SequenceIndicator><Stakeholder StakeholderTypeType=""><Name/><Description/></Stakeholder><OtherInformation>Giving exclusive right to an asset for a particular period of time. e.g. Leasing a Car.</OtherInformation></Objective><Objective><Name>Licensing</Name><Description>Charge for the use of a protected intellectual property.</Description><Identifier>_8d0470fa-4621-11e5-9bfc-71edc7444285</Identifier><SequenceIndicator>4.2.5</SequenceIndicator><Stakeholder StakeholderTypeType=""><Name/><Description/></Stakeholder><OtherInformation>Revenue generated from charging for the use of a protected intellectual property.</OtherInformation></Objective><Objective><Name>Brokerage Fees</Name><Description>Generate revenue from intermediate services.</Description><Identifier>_8d0471d6-4621-11e5-9bfc-71edc7444285</Identifier><SequenceIndicator>4.2.6</SequenceIndicator><Stakeholder StakeholderTypeType=""><Name/><Description/></Stakeholder><OtherInformation>Revenue generated from an intermediate service between 2 parties. e.g. Broker selling a house for commission.</OtherInformation></Objective><Objective><Name>Advertising </Name><Description>Collect fees for advertising.</Description><Identifier>_8d04729e-4621-11e5-9bfc-71edc7444285</Identifier><SequenceIndicator>4.2.7</SequenceIndicator><Stakeholder StakeholderTypeType=""><Name/><Description/></Stakeholder><OtherInformation>Revenue generated from charging fees for product advertising.</OtherInformation></Objective></Goal></StrategicPlanCore><AdministrativeInformation><PublicationDate>2015-08-18</PublicationDate><Source>https://en.wikipedia.org/wiki/Business_Model_Canvas</Source><Submitter><GivenName>Owen</GivenName><Surname>Ambur</Surname><PhoneNumber/><EmailAddress>Owen.Ambur@verizon.net</EmailAddress></Submitter></AdministrativeInformation></StrategicPlan>