<?xml version="1.0" encoding="UTF-8"?>
<StrategicPlan xmlns="urn:ISO:std:iso:17469:tech:xsd:stratml_core" xmlns:xsi="http://www.w3.org/2001/XMLSchema-instance" xsi:schemaLocation="urn:ISO:std:iso:17469:tech:xsd:stratml_core http://xml.govwebs.net/stratml/references/StrategicPlanISOVersion20140401.xsd"><Name>About BITNATION</Name><Description>GOVERNANCE 2.0 --
BORDERLESS | DECENTRALIZED | VOLUNTARY</Description><OtherInformation>BITNATION is powered by Bitcoin 2.0 blockchain technology -- a cryptographically secured public ledger distributed amongst all of its users. As we like to say -- BITNATION: Blockchains, Not Borders.</OtherInformation><StrategicPlanCore><Organization><Name>BITNATION</Name><Acronym>BN</Acronym><Identifier>_bf7d047a-b421-11e5-a76e-66e9ca82de10</Identifier><Description/><Stakeholder><Name/><Description/></Stakeholder></Organization><Vision><Description/><Identifier>_bf7d06be-b421-11e5-a76e-66e9ca82de10</Identifier></Vision><Mission><Description>To provide the same services traditional governments provides, from dispute resolution and insurance to security and much more -- but in a geographically unbound, decentralized, and voluntary way.</Description><Identifier>_bf7d07a4-b421-11e5-a76e-66e9ca82de10</Identifier></Mission><Value><Name>Borderlessness</Name><Description/></Value><Value><Name>Decentralization</Name><Description/></Value><Value><Name>Volunteerism</Name><Description/></Value><Goal><Name>Public Notary</Name><Description>Record marriage contracts, wills, birth certificates, among many other records.</Description><Identifier>_bf7d0876-b421-11e5-a76e-66e9ca82de10</Identifier><SequenceIndicator>1</SequenceIndicator><Stakeholder StakeholderTypeType="Organization"><Name>Republic of Estonia</Name><Description/></Stakeholder><OtherInformation>BITNATION PUBLIC NOTARY (BPN) -- 
Blockchain notarization is an effective way to record marriage contracts, wills, birth certificates, among many other records...
Use the public notary to sign and permanently record your legal documents on the ​blockchain -- a public ledger distributed amongst hundreds of thousands of computers around the world. The process of ‘filing’ the document in the blockchain is called time-stamping -- it proves your record existed at a given time, eliminating any possibility of forgery.

The record is secured through the one-time use of digital keys. We recommend you use the keys from your BITNATION World Citizenship ID or the number of your Estonian e-Residency ID, for additional security.

Blockchain notarization is an effective way to record marriage contracts, wills, birth certificates, child care contracts, land titles and business deals, among many other records. The security of the blockchain protects the document permanently, ensures its easy access, and proves its authenticity and ownership anytime you need it.

After you've signed and timestamped the contract, the notary will generate a time-stamped certificate.</OtherInformation><Objective><Name/><Description/><Identifier>_bf7d093e-b421-11e5-a76e-66e9ca82de10</Identifier><SequenceIndicator/><Stakeholder><Name/><Description/></Stakeholder><OtherInformation/></Objective></Goal><Goal><Name>IDs</Name><Description>Time-stamp personal identities and start a Web-of-Trust on the​ blockchain.</Description><Identifier>_bf7d0a06-b421-11e5-a76e-66e9ca82de10</Identifier><SequenceIndicator>2</SequenceIndicator><Stakeholder><Name/><Description/></Stakeholder><OtherInformation>BITNATION WORLD CITIZEN ID (BID) -- 
Become an official World Citizen through time-stamping your Identity, and start of a 'Web-of-Trust' on the​ blockchain:​ an immutable public ledger distributed across hundreds of thousands of computers around the world. The forthcoming version will include interoperability with our and other platforms services, an identi.fi powered reputation system, NFC cards and many other features.
</OtherInformation><Objective><Name/><Description/><Identifier>_bf7d0ace-b421-11e5-a76e-66e9ca82de10</Identifier><SequenceIndicator/><Stakeholder><Name/><Description/></Stakeholder><OtherInformation/></Objective></Goal><Goal><Name>Debit Cards</Name><Description/><Identifier>_bf7d0ba0-b421-11e5-a76e-66e9ca82de10</Identifier><SequenceIndicator>3</SequenceIndicator><Stakeholder StakeholderTypeType="Organization"><Name>E-coin</Name><Description>The cards are provided by E-coin, a leader in providing Bitcoin Visa Debit Cards. You can learn more about the terms and conditions and other benefits through their website.</Description></Stakeholder><OtherInformation>BITNATION BITCOIN VISA CARD (BBVC) -- 
In partnership with E-coin, the leader in Bitcoin Visa Debit Cards...
</OtherInformation><Objective><Name/><Description/><Identifier>_bf7d0c7c-b421-11e5-a76e-66e9ca82de10</Identifier><SequenceIndicator/><Stakeholder><Name/><Description/></Stakeholder><OtherInformation/></Objective></Goal><Goal><Name>Ambassador Network</Name><Description>Formalize a social compact</Description><Identifier>_bf7d0d4e-b421-11e5-a76e-66e9ca82de10</Identifier><SequenceIndicator>4</SequenceIndicator><Stakeholder StakeholderTypeType="Generic_Group"><Name>BITNATION Diplomatic Ambassadors</Name><Description>DIPLOMATIC AMBASSADOR (DA)* -- 
Formal Official positions for those who are educated and familiar with The 1961 Vienna Convention on Diplomatic Relations to perform duties as Officers working with existing Nations, as well as new virtual Nations. Full rights of Diplomatic immunity, travel, etc. will necessarily be vested within you.*</Description></Stakeholder><Stakeholder StakeholderTypeType="Generic_Group"><Name>BITNATION Diplomatic Consuls</Name><Description>DIPLOMATIC CONSULS (DC)* -- 
Formal Official position. Serves primarily in a 'support role' to both our Ambassadors and to Nation/State embassies and consulates dealing with our 'citizens' in foreign nations touristing/working or living as expatriates in the location of the Embassy/Consulate. The 1961 Vienna Convention on Consular Relations. Full rights of Consular immunity, travel, etc. will necessarily be vested within you.*</Description></Stakeholder><Stakeholder StakeholderTypeType="Generic_Group"><Name>BITNATION Goodwill Ambassadors</Name><Description>GOODWILL AMBASSADOR (GA) -- 
Informal Official representative for BITNATION during Events like DEVCON and even UN Events. Generally promotes and support BITNATION and our services. Serve Refugees, the Stateless, people in frontier and emerging markets, assist using technology to facilitate meeting real-world basic needs to eradicate poverty, and opportunities to share the BITNATION vision in social or professional settings.</Description></Stakeholder><OtherInformation>BITNATION AMBASSADOR NETWORK (BAN) -- 
You decide your own level of involvement. All you need is a desire, and we will provide as much support as we can...
Self-Determination in international law is so fundamental that not even nation-states can deviate from it; it is the raison d'etre -- the reason for existence – and without this principle, there is no will, thus there is no 'nation'. BITNATION members have that will, and we are indeed exercising self-determination. See: The Principle of Equal Rights and Self-determination of Peoples &amp; Vienna Convention on the Law of Treaties 1969, Preamble &amp; Art 53.

Free will, or the freedom to choose, is the basis to form any variation of social association. Just as a contract expresses the will of an Individual, a Compact or Charter expresses the collective will of a People, or a Nation, and even a State. BITNATION is a Nation.

BITNATION Pangea is the world's first blockchain powered virtual nation, and as such, we too are formalizing a social compact as part of the process of exercising self-determination. Our Ambassador Network, currently Goodwill in nature, must transition to authorized Diplomatic and Community Support positions to foster peaceful relations with other Nations, as well as providing more tangible services to the BITNATION community.

When BITNATION was established, we had a distinct group called "Ambassadors" which were various type of Contributors from Application developers, to writers, and more. As BITNATION moves to a Decentralized Autonomous Organization (DAO) model, all barriers to entry will be removed so everyone can be a Contributor. However, new definitions of Ambassadors are necessary, and certain education will be required for these new roles, defined as follows:</OtherInformation><Objective><Name>Self-Governance</Name><Description>Develop educational courses so any member of BITNATION can take on greater responsibility to advance global Peace and promote Blockchain technology as infrastructure for self-governance</Description><Identifier>_bf7d0e2a-b421-11e5-a76e-66e9ca82de10</Identifier><SequenceIndicator>4.1</SequenceIndicator><Stakeholder><Name/><Description/></Stakeholder><OtherInformation>DECENTRALIZED AUTONOMOUS ORGANIZATION (DAO) -- 
We are working towards development of self-paced educational courses so any member of BITNATION who is interested can take on greater responsibility to advance true global Peace, and promote the legitimacy of Blockchain technology as Our infrastructure for self-governance. You decide your own level of involvement. All you need is a desire, and we will provide as much support as we can.

Needless to say, the net is vast and infinite, and with these opportunities comes equal rights and responsibilities. Please do not feel daunted by the old, lofty perceptions of whatever an Ambassador may hold for you, because we need everyone to essentially be Ambassadors. If you are interested in participating, creatively solving problems, and promoting true Peace to leave behind the obsolete Westphalian domination called ‘peace’, and help BITNATION to reshape the sociopolitical environment with blockchains beyond borders or boundaries, then YOU ARE THE ONE, and We have been looking for you.

Please contact an Ambassador in your region on the BITNATION Ambassador Network listed on the team directory or #BITNATION</OtherInformation></Objective></Goal><Goal><Name>Education Network</Name><Description>Host immersive learning experiences in technology, science, and startups</Description><Identifier>_bf7d0f1a-b421-11e5-a76e-66e9ca82de10</Identifier><SequenceIndicator>5</SequenceIndicator><Stakeholder StakeholderTypeType="Organization"><Name>Exosphere</Name><Description>Exosphere runs the Hydra Startup Lab in Viña del Mar, Chile. It is an 8-week-long, intensive, immersive dive into emerging technologies with some of the brightest minds around -- which earlier this year included a favourite of the BitNation team, Venkatesh Rao.</Description></Stakeholder><OtherInformation>BITNATION EDUCATION NETWORK (BEN) -- 
In partnership with Exosphere, a problem-solving community that hosts immersive learning experiences...
</OtherInformation><Objective><Name/><Description/><Identifier>_bf7d1000-b421-11e5-a76e-66e9ca82de10</Identifier><SequenceIndicator/><Stakeholder><Name/><Description/></Stakeholder><OtherInformation/></Objective></Goal><Goal><Name>Space Agency</Name><Description>To open source and decentralize space-travel</Description><Identifier>_bf7d10f0-b421-11e5-a76e-66e9ca82de10</Identifier><SequenceIndicator>6</SequenceIndicator><Stakeholder StakeholderTypeType="Person"><Name>Iman Mirbioki</Name><Description>Head of SpaceChain Space Program, 
Chief Operating Officer, Bitnation Space Agency</Description></Stakeholder><Stakeholder StakeholderTypeType="Person"><Name>Susanne Tarkowski Tempelhof</Name><Description>BITNATION Chief Unicorn</Description></Stakeholder><OtherInformation>BITNATION SPACE AGENCY (BSA) -- 
We at BITNATION Space Agency welcome you to a new era of human adventure...
Since prehistoric times, when the first humans gazed at the stars, the dream of the wonders of heaven have been a central ingredient of mankind’s mythology, religion and in the modern age, the driving force to reach beyond the boundaries of human voyage.
Early Argonauts used the stars to navigate the seas and oceans. Explorers used it to plot their course through unknown territory. Ancient civilizations gave name to constellations after their gods and beliefs, laying the ground of today’s religions.
As our civilization matured with the industrial and scientific revolution, the heavens constantly changed, challenged and shaped the perception of our place in the universe.

It is only merely a few hundred years ago when we thought that our planet was the center of the universe. Modern science proved our sun to be one of trillions among the infinite stars in the universe and with the new discoveries in the field of quantum mechanics and theories of multiverse, giving us a hint that our universe might just as well be just one of many others.

Since the beginning of the space age, which began with Sputnik in 1957, space-science has given us countless new technologies, from the simple Teflon in our frying pans to innumerable scientific discoveries ranging from new drugs for curing deadly diseases to inventions that laid the ground of the information technology, Internet, and global communication and positioning using satellites orbiting the planet, and yet we are still in the beginning of what lays ahead of us.
With this in mind, it is quite obvious that space-science is essential for us as species to evolve further, to invent new technologies and make new discoveries.

There will also be a day when our planet no longer can sustain the need of resources for the growing population and it will be necessary for humans to colonize other celestial bodies and planets. The resources of our planet are shrinking at an increasing speed, and it is needless to say that resources have been one of the two main reasons of countless wars through our history, the other meaningless reason being religion. The day that we have to leave the cradle crawls closer and closer for every minute. It is therefore a necessity of survival of our species to develop space-travel at a large scale available to everyone at any time.

That is where the BITNATION Space Agency comes in play with the SpaceChain space program. The very special essence of this idea is open source and decentralize space-travel; a space agency that is not bound to any nation or state, free for everyone to participate regardless of nationality, geographic habitation or current political situation.

We at BITNATION Space Agency welcome you to a new era of human adventure. To seek and find new ways of making our lives better and to make new discoveries and create new technologies that will ensure the survival of our species.</OtherInformation><Objective><Name/><Description/><Identifier>_bf7d11e0-b421-11e5-a76e-66e9ca82de10</Identifier><SequenceIndicator/><Stakeholder><Name/><Description/></Stakeholder><OtherInformation/></Objective></Goal><Goal><Name>Emergency Services and Humanitarian Aid</Name><Description>Facilitate and provide Emergency Services and Humanitarian Aid to refugees</Description><Identifier>_bf7d12da-b421-11e5-a76e-66e9ca82de10</Identifier><SequenceIndicator>7</SequenceIndicator><Stakeholder StakeholderTypeType="Generic_Group"><Name>Refugees</Name><Description/></Stakeholder><OtherInformation>BITNATION REFUGEE EMERGENCY RESPONSE (BRER) -- 
A Humanitarian Aid Project of BITNATION to facilitate and provide Emergency Services and Humanitarian Aid to refugees...

Bitnation Refugee Emergency Response (BRER) is a Humanitarian Aid Project of Bitnation to facilitate and provide Emergency Services and Humanitarian Aid to refugees during the European Refugee Crisis of September 2015. Our objective is to utilize Blockchain technology to authenticate and validate identification through a Blockchain Emergency ID (BE-ID), provide dispute resolution as needed, and otherwise provide and locate needed services to refugees, including but not limited to, Bitnation Bitcoin Visa Debit Cards (BVDC).

Bitnation seeks to ease the burden of Receiving States during this crisis by assisting in providing secure transactions and transitional tools required to meet the current needs of refugees, and provide economic and political solutions to refugees within the Receiving State with secure, established Open Source Blockchain technology.

Bitnation seeks peaceful, diplomatic co-operation with Receiving States to help avert this crisis by extending Humanitarian Aid to the Stateless and refugees within Receiving States in harmony with the principles enshrined in the UN Charter, the 1951 Refugee Convention, the 1954 Convention relating to the Status of Stateless Persons, the 1961 Convention on the Reduction of Statelessness, and the Universal Declaration of Human Rights of 1948.  It has also sought to establish relations with the UNHCR, OHCHR and UNPO to determine methods of collaborative co-operation and to assist in maintaining the Public International Order and to protect refugees as our capacity allows.</OtherInformation><Objective><Name>Emergency ID</Name><Description>Authenticate and validate identification through a Blockchain Emergency ID (BE-ID)</Description><Identifier>_bf7d14f6-b421-11e5-a76e-66e9ca82de10</Identifier><SequenceIndicator>7.1</SequenceIndicator><Stakeholder><Name/><Description/></Stakeholder><OtherInformation/></Objective><Objective><Name>Dispute Resolution</Name><Description>Provide dispute resolution as needed</Description><Identifier>_bf7d1604-b421-11e5-a76e-66e9ca82de10</Identifier><SequenceIndicator>7.2</SequenceIndicator><Stakeholder><Name/><Description/></Stakeholder><OtherInformation/></Objective><Objective><Name>Refugee Services</Name><Description>Provide and locate needed services to refugees, including but not limited to, Bitnation Bitcoin Visa Debit Cards (BVDC).</Description><Identifier>_bf7d1708-b421-11e5-a76e-66e9ca82de10</Identifier><SequenceIndicator>7.3</SequenceIndicator><Stakeholder><Name/><Description/></Stakeholder><OtherInformation/></Objective></Goal></StrategicPlanCore><AdministrativeInformation><PublicationDate>2016-01-05</PublicationDate><Source>https://bitnation.co/main/</Source><Submitter><GivenName>Owen</GivenName><Surname>Ambur</Surname><PhoneNumber/><EmailAddress>Owen.Ambur@verizon.net</EmailAddress></Submitter></AdministrativeInformation></StrategicPlan>