<?xml version="1.0" encoding="UTF-8"?>
<StrategicPlan xsi:schemaLocation="http://www.stratml.net  http://xml.gov/stratml/references/StrategicPlan.xsd" xmlns:xsi="http://www.w3.org/2001/XMLSchema-instance" xmlns="http://www.stratml.net"><id/><Name>Description of BNL Facilities</Name><Description/><OtherInformation/><StrategicPlanCore><Organization><Name>Brookhaven National Laboratory</Name><Acronym>BNL</Acronym><Identifier>_5c8cbf82-3898-11e4-980b-2ef37966db69</Identifier><Description/><Stakeholder><Name>U.S. Department of Energy</Name><Description/></Stakeholder></Organization><Vision><Description/><Identifier>_5c8cc946-3898-11e4-980b-2ef37966db69</Identifier></Vision><Mission><Description/><Identifier>_5c8cca90-3898-11e4-980b-2ef37966db69</Identifier></Mission><Value><Name/><Description/></Value><Goal><Name>Nanomaterials</Name><Description>Understand the chemical and physical response of nanomaterials.</Description><Identifier>_5c8ccb6c-3898-11e4-980b-2ef37966db69</Identifier><SequenceIndicator>1</SequenceIndicator><Stakeholder><Name>Center for Functional Nanomaterials (CFN)</Name><Description>The CFN at Brookhaven National Laboratory focuses on understanding the chemical and physical response of nanomaterials to make functional materials such as sensors, activators, and energy-conversion devices. The facility uses existing facilities such as the National Synchrotron Light Source and the Laser Electron Accelerator facility. It also provides clean rooms, general laboratories, and wet and dry laboratories for sample preparation, fabrication, and analysis. Equipment includes that needed for laboratory and fabrication facilities for e-beam lithography, transmission electron microscopy, scanning probes and surface characterization, material synthesis and fabrication, and spectroscopy.</Description></Stakeholder><Stakeholder><Name/><Description/></Stakeholder><OtherInformation/><Objective><Name/><Description/><Identifier>_5c8ccdba-3898-11e4-980b-2ef37966db69</Identifier><SequenceIndicator/><Stakeholder><Name/><Description/></Stakeholder><OtherInformation/></Objective></Goal><Goal><Name>Atomic Structures</Name><Description>Determine the atomic structure of materials.</Description><Identifier>_5c8ccf5e-3898-11e4-980b-2ef37966db69</Identifier><SequenceIndicator>2</SequenceIndicator><Stakeholder><Name>National Synchrotron Light Source (NSLS)</Name><Description>The NSLS at Brookhaven National Laboratory, commissioned in 1982, consists of two distinct electron storage rings. The x-ray storage ring is 170 meters in circumference and can accommodate 60 beamlines or experimental stations, and the vacuum-ultraviolet (VUV) storage ring can provide 25 additional beamlines around its circumference of 51 meters. Synchrotron light from the x-ray ring is used to determine the atomic structure of materials using diffraction, absorption, and imaging techniques. Experiments at the VUV ring help solve the atomic and electronic structure as well as the magnetic properties of a wide array of materials. These data are fundamentally important to virtually all of the physical and life sciences as well as providing immensely useful information for practical applications. NSLS will be replaced by a new light source, NSLS-II, which is currently under construction. NSLS-II will be optimized to deliver ultra-high brightness and flux and exceptional beam stability, enabling the study of material properties and functions down to a spatial resolution of 1 nm and energy resolution of 0.1 meV, with sensitivity sufficient to perform spectroscopy on a single atom.</Description></Stakeholder><OtherInformation/><Objective><Name/><Description/><Identifier>_5c8cd058-3898-11e4-980b-2ef37966db69</Identifier><SequenceIndicator/><Stakeholder><Name/><Description/></Stakeholder><OtherInformation/></Objective></Goal><Goal><Name>ACER</Name><Description>[Support] energy research.</Description><Identifier>_5c8cd15c-3898-11e4-980b-2ef37966db69</Identifier><SequenceIndicator>3</SequenceIndicator><Stakeholder><Name>Accelerator Center for Energy Research (ACER)</Name><Description/></Stakeholder><OtherInformation/><Objective><Name/><Description/><Identifier>_5c8cd242-3898-11e4-980b-2ef37966db69</Identifier><SequenceIndicator/><Stakeholder><Name/><Description/></Stakeholder><OtherInformation/></Objective></Goal><Goal><Name>Universe</Name><Description>Study what the universe may have looked like in the first few moments after its creation.</Description><Identifier>_5c8cd508-3898-11e4-980b-2ef37966db69</Identifier><SequenceIndicator>4</SequenceIndicator><Stakeholder><Name>Relativistic Heavy Ion Collider (RHIC)</Name><Description>RHIC at Brookhaven National Laboratory is a world-class scientific research facility that began operation in 2000, following 10 years of development and construction. Hundreds of physicists from around the world use RHIC to study what the universe may have looked like in the first few moments after its creation. RHIC drives two intersecting beams of gold ions head-on, in a subatomic collision. What physicists learn from these collisions may help us understand more about why the physical world works the way it does, from the smallest subatomic particles, to the largest stars.</Description></Stakeholder><OtherInformation/><Objective><Name/><Description/><Identifier>_5c8cd620-3898-11e4-980b-2ef37966db69</Identifier><SequenceIndicator/><Stakeholder><Name/><Description/></Stakeholder><OtherInformation/></Objective></Goal><Goal><Name>Ion Beams</Name><Description>Provide researchers with beams of more than 40 different types of ions.</Description><Identifier>_5c8cd706-3898-11e4-980b-2ef37966db69</Identifier><SequenceIndicator>5</SequenceIndicator><Stakeholder><Name>Tandem Van de Graaff Facility</Name><Description>Completed in 1970, the Tandem Van de Graaff facility was for many years the world's largest electrostatic accelerator facility. It can provide researchers with beams of more than 40 different types of ions -- atoms that have been stripped of their electrons. Ions ranging from hydrogen to uranium are available. The facility consists of two 15-million-volt electrostatic accelerators, each about 24 meters long, aligned end-to-end.</Description></Stakeholder><Stakeholder><Name/><Description/></Stakeholder><OtherInformation/><Objective><Name/><Description/><Identifier>_5c8cd8aa-3898-11e4-980b-2ef37966db69</Identifier><SequenceIndicator/><Stakeholder><Name/><Description/></Stakeholder><OtherInformation/></Objective></Goal><Goal><Name>Physical &amp; Chemical Behaviors</Name><Description>Understand the microscopic origin of the physical and chemical behavior of materials.</Description><Identifier>_5c8ce264-3898-11e4-980b-2ef37966db69</Identifier><SequenceIndicator>6</SequenceIndicator><Stakeholder><Name>Electron Microscopy Facility</Name><Description>This facility consists of four top-of-the line transmission electron microscopes, two of which are highly specialized instruments capable of extreme levels of resolution, achieved through spherical aberration correction. The facility is also equipped with extensive sample-preparation capabilities. The scientific interests of the staff focus on understanding the microscopic origin of the physical and chemical behavior of materials, with specific emphasis on in-situ studies of materials in native, functional environments.</Description></Stakeholder><OtherInformation/><Objective><Name/><Description/><Identifier>_5c8ce372-3898-11e4-980b-2ef37966db69</Identifier><SequenceIndicator/><Stakeholder><Name/><Description/></Stakeholder><OtherInformation/></Objective></Goal><Goal><Name>Space Radiation</Name><Description>Simulate space radiation and study its effects on biological specimens and industrial materials.</Description><Identifier>_5c8ce53e-3898-11e4-980b-2ef37966db69</Identifier><SequenceIndicator>7</SequenceIndicator><Stakeholder><Name>NASA Space Radiation Laboratory</Name><Description>The NASA Space Radiation Laboratory (NSRL) uses beams of heavy ions from the accelerators that feed RHIC to simulate space radiation and study its effects on biological specimens -- such as cells, tissues, and DNA -- and industrial materials. The National Aeronautic and Space Administration (NASA) and the DOE Office of Science partnered to build NSRL to identify materials and methods that reduce the risks astronauts will face on future long-term space missions.</Description></Stakeholder><Stakeholder><Name>National Aeronautic and Space Administration</Name><Description/></Stakeholder><Stakeholder><Name>DOE Office of Science</Name><Description/></Stakeholder><OtherInformation/><Objective><Name/><Description/><Identifier>_5c8ce53f-3898-11e4-980b-2ef37966db69</Identifier><SequenceIndicator/><Stakeholder><Name/><Description/></Stakeholder><OtherInformation/></Objective></Goal><Goal><Name>Particle Accelerators</Name><Description>Study complex properties of modern particle accelerators and new methods of accelerating electrons and ions.</Description><Identifier>_5c8ce6f6-3898-11e4-980b-2ef37966db69</Identifier><SequenceIndicator>8</SequenceIndicator><Stakeholder><Name>Accelerator Test Facility</Name><Description>The Brookhaven Accelerator Test Facility (ATF) pioneered the concept of a user facility for studying complex properties of modern particle accelerators and new methods of accelerating electrons and ions.</Description></Stakeholder><OtherInformation/><Objective><Name/><Description/><Identifier>_5c8ce7f0-3898-11e4-980b-2ef37966db69</Identifier><SequenceIndicator/><Stakeholder><Name/><Description/></Stakeholder><OtherInformation/></Objective></Goal><Goal><Name>RCIBI</Name><Description>Host tools for Radiotracer Chemistry, Instrumentation and Biological Imaging (RCIBI).</Description><Identifier>_5c8ce9a8-3898-11e4-980b-2ef37966db69</Identifier><SequenceIndicator>9</SequenceIndicator><Stakeholder><Name>Radiotracer Chemistry, Instrumentation and Biological Imaging</Name><Description>The lab hosts a suite of tools for Radiotracer Chemistry, Instrumentation and Biological Imaging(RCIBI), including small and clinical scale positron emission tomography (PET) and magnetic resonance imaging (MRI) scanners, as well as facilities that produce radioisotopes and incorporate them into molecules and nanomaterials. These radiotracers and tools are designed to image specific biochemical transformations and the movement of molecules, including environmental toxins. They have enabled advances in neuroimaging, drug development, and studies of plant metabolism that improve carbon sequestration and biofuel crop growth.</Description></Stakeholder><OtherInformation/><Objective><Name/><Description/><Identifier>_5c8cea8e-3898-11e4-980b-2ef37966db69</Identifier><SequenceIndicator/><Stakeholder><Name/><Description/></Stakeholder><OtherInformation/></Objective></Goal><Goal><Name>Isotopes</Name><Description>Produce isotopes.</Description><Identifier>_5c8ceb7e-3898-11e4-980b-2ef37966db69</Identifier><SequenceIndicator>10</SequenceIndicator><Stakeholder><Name>Brookhaven Linac Isotope Producer</Name><Description/></Stakeholder><OtherInformation/><Objective><Name/><Description/><Identifier>_5c8cec96-3898-11e4-980b-2ef37966db69</Identifier><SequenceIndicator/><Stakeholder><Name/><Description/></Stakeholder><OtherInformation/></Objective></Goal><Goal><Name>ATLAS</Name><Description>Play key roles in the design, construction, and operation of ATLAS.</Description><Identifier>_5c8cee26-3898-11e4-980b-2ef37966db69</Identifier><SequenceIndicator>11</SequenceIndicator><Stakeholder><Name>ATLAS</Name><Description>ATLAS is a particle physics experiment at the Large Hadron Collider at CERN, the European Organization for Nuclear Research. Scientists from Brookhaven have played and continue to play key roles in the design, construction, and operation of ATLAS in its search for new discoveries about the particles and forces that shape our universe. Brookhaven is the host laboratory for U.S. collaborators on ATLAS, and our computing facility stores, processes, and distributes ATLAS data to collaborators at universities and laboratories throughout the nation. Some research at ATLAS is complementary to studies at RHIC, but a large portion of the collisions at the LHC are aimed at very different questions.</Description></Stakeholder><Stakeholder><Name>CERN</Name><Description/></Stakeholder><OtherInformation/><Objective><Name/><Description/><Identifier>_5c8cef0c-3898-11e4-980b-2ef37966db69</Identifier><SequenceIndicator/><Stakeholder><Name/><Description/></Stakeholder><OtherInformation/></Objective></Goal><Goal><Name>High Performance Computing</Name><Description>Assists industry in the utilization of high performance computing.</Description><Identifier>_5c8cf164-3898-11e4-980b-2ef37966db69</Identifier><SequenceIndicator>12</SequenceIndicator><Stakeholder><Name>New York Center for Computational Sciences</Name><Description>The New York Center for Computational Sciences (NYCCS) assists industry in the Long Island region, New York City and New York State in the utilization of high performance computing to gain a competitive edge in product development and data management that translates into job creation, cost savings and job retention.
</Description></Stakeholder><Stakeholder><Name>Long Island Region</Name><Description/></Stakeholder><Stakeholder><Name>New York City</Name><Description/></Stakeholder><Stakeholder><Name>New York State</Name><Description/></Stakeholder><OtherInformation/><Objective><Name/><Description/><Identifier>_5c8cf286-3898-11e4-980b-2ef37966db69</Identifier><SequenceIndicator/><Stakeholder><Name/><Description/></Stakeholder><OtherInformation/></Objective></Goal><Goal><Name>Solar Energy</Name><Description>Provide utility-scale testing of smart grid-ready technologies.</Description><Identifier>_5c8cf3a8-3898-11e4-980b-2ef37966db69</Identifier><SequenceIndicator>13</SequenceIndicator><Stakeholder><Name>Northeast Solar Energy Research Center</Name><Description>Integrated into the BNL electricity distribution system, this facility provides utility-scale testing of smart grid-ready technologies including advanced solar inverters, electrical energy storage systems, and advanced sensors. The heart of the facility is a reconfigurable 700kW solar test array.</Description></Stakeholder><OtherInformation/><Objective><Name/><Description/><Identifier>_5c8cf4e8-3898-11e4-980b-2ef37966db69</Identifier><SequenceIndicator/><Stakeholder><Name/><Description/></Stakeholder><OtherInformation/></Objective></Goal><Goal><Name>Nuclear Physics Data</Name><Description>Collect, evaluate, archive and disseminate nuclear physics data.</Description><Identifier>_5c8cf5f6-3898-11e4-980b-2ef37966db69</Identifier><SequenceIndicator>14</SequenceIndicator><Stakeholder><Name>National Nuclear Data Center</Name><Description>The National Nuclear Data Center (NNDC) collects, evaluates, archives and disseminates nuclear physics data for basic nuclear research and for applied nuclear technologies. The Center collects experimental information on nuclear structure and nuclear reactions, evaluates them employing nuclear physics theory and expertise in evaluating experimental techniques to provide recommended results, maintains nuclear databases and using modern information technology disseminates the results. The data are kept in dedicated libraries, which are periodically updated. The information is the product of the NNDC-coordinated US Nuclear Data Program that involves several National Laboratories and Universities, as well as, cooperating data centers and other interested groups worldwide. There are two other major data banks operated by international organizations, one in Paris and another in Vienna.</Description></Stakeholder><OtherInformation/><Objective><Name/><Description/><Identifier>_5c8cf6e6-3898-11e4-980b-2ef37966db69</Identifier><SequenceIndicator/><Stakeholder><Name/><Description/></Stakeholder><OtherInformation/></Objective></Goal><Goal><Name>Supercomputer</Name><Description>Maintain a supercomputer facility used cooperatively by the Laboratory and Stony Brook University.</Description><Identifier>_5c8cf916-3898-11e4-980b-2ef37966db69</Identifier><SequenceIndicator>15</SequenceIndicator><Stakeholder><Name>New York Blue</Name><Description>New York Blue is used cooperatively by the Laboratory and Stony Brook University as part of the New York Center for Computation Sciences. Ranked as the 28th fastest supercomputer by Top 500, it consists of New York Blue/P is a Blue Gene/P, the second generation of the Blue Gene series of supercomputers. It is a one rack (2048 compute nodes) Blue Gene/P. Threaded programs can be run on its compute nodes. Each of its compute chips contains four PowerPC 450 processor cores, running at 850 MHz.; and Blue Gene/Q a 1 rack IBM Blue Gene/Q (DD2 revision hardware and software) massively parallel supercomputer.</Description></Stakeholder><Stakeholder><Name>Stony Brook University</Name><Description/></Stakeholder><Stakeholder><Name>New York Center for Computation Sciences</Name><Description/></Stakeholder><OtherInformation/><Objective><Name/><Description/><Identifier>_5c8cfa24-3898-11e4-980b-2ef37966db69</Identifier><SequenceIndicator/><Stakeholder><Name/><Description/></Stakeholder><OtherInformation/></Objective></Goal></StrategicPlanCore><AdministrativeInformation><StartDate/><EndDate/><PublicationDate>2014-09-09</PublicationDate><Source>https://www.data.gov/app/uploads/2014/06/DOE-Inventory.csv</Source><Submitter><FirstName>Owen</FirstName><LastName>Ambur</LastName><PhoneNumber/><EmailAddress>Owen.Ambur@verizon.net</EmailAddress></Submitter></AdministrativeInformation></StrategicPlan>