<?xml version="1.0" encoding="UTF-8"?>
<StrategicPlan xsi:schemaLocation="http://www.stratml.net  http://xml.gov/stratml/references/StrategicPlan.xsd" xmlns:xsi="http://www.w3.org/2001/XMLSchema-instance" xmlns="http://www.stratml.net"><Name>Strategic Plan Fiscal Years 2009 - 2014</Name><Description></Description><OtherInformation></OtherInformation><StrategicPlanCore><Organization><Name>Bureau of the Public Debt</Name><Acronym>BPD</Acronym><Identifier>_3a909774-3cae-11e2-b487-5cf273e3672e</Identifier><Description>Officially, the Bureau of the Public Debt was formed on June 30, 1940. However, this does not begin to tell our whole story. We trace our ancestry from the time of the American Revolution, when our country&#8217;s need to borrow money and account for the resulting debt began. For much of our nation&#8217;s history, these functions were performed within Treasury by the Office of the Register, the Treasurer, and the Division of Loans and Currency. It was not until 1919 that the first Commissioner of the Public Debt
was appointed to direct most of the borrowing and debt accounting operations. In 1940, Public Debt was established as a separate Treasury bureau, bringing together the borrowing and debt accounting operations into one organization.</Description><Stakeholder><Name>Van Zeck</Name><Description>Commissioner of the Public Debt</Description></Stakeholder><Stakeholder><Name>Department of the Treasury</Name><Description></Description></Stakeholder><Stakeholder><Name>Bureau of Public Debt Programs</Name><Description>Over the last twenty years, Public Debt has assumed several additional responsibilities, including administering government securities regulations, handling all of Treasury operations involving federal investments and borrowings, and providing various shared services to other federal agencies.
Today, Public Debt&#8217;s responsibilities are carried out under five distinct programs. Each of these programs is described in more detail under the Program Directions section of this plan. Here we briefly orient you to our businesses:</Description></Stakeholder><Stakeholder><Name>Wholesale Securities Services Program</Name><Description>Involves auctioning of Treasury marketable securities (Treasury bills, notes, bonds, and Treasury
Inflation-Protected Securities, known as TIPS); oversight of operations for holding and servicing
most of these securities and for supporting transfers of securities in the secondary market; and
administration of government securities regulations.</Description></Stakeholder><Stakeholder><Name>Government Agency Investment Services Program</Name><Description>Supports federal, state, and local government agency investments in special purpose,
nonmarketable Treasury securities, as well as federal agencies&#8217; borrowings from Treasury.</Description></Stakeholder><Stakeholder><Name>Retail Securities Services Program</Name><Description>Serves more than 55 million retail customers who have invested in Treasury marketable and savings securities directly with Treasury.</Description></Stakeholder><Stakeholder><Name>Summary Debt Accounting Program</Name><Description>Accounts for and reports on the outstanding public debt of the United States and related interest expenses.</Description></Stakeholder><Stakeholder><Name>Franchise Services Program</Name><Description>Provides competitively priced administrative and information technology services to other federal agencies, as part of Treasury&#8217;s Franchise Fund and in support of a federal initiative to gain efficiency through agencies&#8217; use of shared services.</Description></Stakeholder><Stakeholder><Name>Federal Reserve Banks</Name><Description>The Federal Reserve Banks, as our fiscal agents, are a necessary and integral element in the
accomplishment of our Wholesale and Retail program strategies. We&#8217;ll continue to make effective
use of the Federal Reserve&#8217;s capabilities and expertise to meet our responsibilities to individual and
institutional investors in Treasury securities.
While our relationship with Federal Reserve Banks is technically one of principal and agent, in
practice it is a dynamic partnership based on common goals of delivering high-quality service and
conducting efficient operations. We believe that a values-based relationship with our most significant
business partners will produce greater success in our operations. This longstanding relationship,
together with the Federal Reserve&#8217;s association with financial institutions and its unique set of
responsibilities for open market operations and payments, provides the federal government with
continuous market contact and significant operational flexibility in administering the public debt.
We&#8217;ll maintain an active, executive linkage with the Federal Reserve Board of Governors, Reserve
Bank officials, and appropriate organizations within the Federal Reserve System to assist us in
identifying policy issues, developing program direction, resolving problems, and exploring new
ideas. We&#8217;ll continue to involve the Federal Reserve at an early stage in significant issues of mutual
concern and expect them to reciprocate.
Our decisions regarding the work that we request the Federal Reserve Banks to do will continue to
be based on our assessment of where the work can best be performed. We are committed to having
the work done where it can be performed most effectively and efficiently, while maintaining
high-quality customer service. We will direct Banks to perform work for us only when such work is
appropriate under the fiscal agency relationship.
In overseeing the operations performed for us, we&#8217;ll provide Federal Reserve Banks with standards
for quality and expectations for performance; determine appropriate reporting requirements; and
monitor costs, productivity, and results achieved. In doing so, we&#8217;ll recognize the value of the
collaborative relationship, preserve the Banks&#8217; flexibility in managing day-to-day fiscal operations,
and respect their separate banking responsibilities. We&#8217;ll continue to provide the Federal Reserve
with constructive feedback concerning their operational performance and the quality of
their services.
We&#8217;re responsible for the work that the Federal Reserve Banks perform for us and are accountable
for the costs they incur on our behalf. We&#8217;ll continue to validate the accuracy and appropriate
allocation of their costs, and we&#8217;ll fully reimburse the Banks for the work they perform as our fiscal
agents. We&#8217;ll report to Congress the full costs incurred for administering the public debt, including
Federal Reserve services.</Description></Stakeholder></Organization><Vision><Description>We aspire to be an organization leading the way for responsible, effective government through
commitment to service, efficient operations, openness to change, and values- based behavior.</Description><Identifier>_3a909d0a-3cae-11e2-b487-5cf273e3672e</Identifier></Vision><Mission><Description>To borrow the money needed to operate the federal government, account for the resulting debt, and
provide reimbursable support services to federal agencies.</Description><Identifier>_3a909e90-3cae-11e2-b487-5cf273e3672e</Identifier></Mission><Value><Name>Values-Based Culture</Name><Description>We believe a values-based culture&#8212;where how we do what we do is as important as what we do&#8212;is not only what our employees deserve but also is critical to the success of our programs and services. Because of that, we aim to be an organization where values-based behavior is universally
demonstrated, expected, and cherished. We have adopted the &#8220;Five I&#8217;s&#8221;&#8212;integrity, individual respect, information sharing, inclusion, and informality&#8212;as representative of the values we embrace and seek to demonstrate in our internal and external relationships.</Description></Value><Value><Name>Integrity </Name><Description></Description></Value><Value><Name>Individual Respect </Name><Description></Description></Value><Value><Name>Information Sharing </Name><Description></Description></Value><Value><Name>Inclusion </Name><Description></Description></Value><Value><Name>Informality</Name><Description></Description></Value><Goal><Name>Financing</Name><Description>Effectively finance government operations.</Description><Identifier>_3a909fb2-3cae-11e2-b487-5cf273e3672e</Identifier><SequenceIndicator>1</SequenceIndicator><Stakeholder><Name>Wholesale Securities Services Program</Name><Description>In support of our strategic goal to effectively finance government operations, our strategies for the Wholesale Securities Services program are:
&#8226; Guarantee operational readiness to meet the federal government&#8217;s critical financing needs.
&#8226; Protect and strengthen Treasury&#8217;s borrowing capabilities.
&#8226; Preserve confidence in Treasury auctions through compliance.
&#8226; Educate and build relationships with our large investors.
&#8226; Enhance government securities regulations.</Description></Stakeholder><Stakeholder><Name>Government Agency Investment Services Program</Name><Description>The Government Agency Investment Services program includes the offering of
specialized investments for government entities at the federal, state, and local levels, as
well as borrowings by federal agencies. Because these investments and borrowings are
based on a broad array of statutes and serve a diverse customer base, our challenge is to
ensure that we meet both statutory requirements and customer needs, while providing the
most efficient operations possible. This program has three distinct components.

In support of our strategic goal to effectively finance government operations, our strategies for the Government Agency Investment Services program are:
&#8226; Strengthen and streamline controls for Government Agency Investment Services.
&#8226; Enable government agency customers to more effectively manage their investments.</Description></Stakeholder><Stakeholder><Name>Federal Investments Component</Name><Description>This component includes issuing, servicing, and redeeming
Government Account Series securities for federal agencies that have specific statutory
authority to invest in these special, nonmarketable Treasury securities. More than
230 federal funds are invested in Government Account Series securities totaling
approximately $4 trillion, or nearly half of the public debt.
The Secretary of the Treasury has been designated by statute as the managing trustee for
18 significant trust funds, including the Social Security and Unemployment trust funds.
For these funds, we perform additional services, such as accounting and reporting on all
receipts and disbursements.</Description></Stakeholder><Stakeholder><Name>Special Purpose Securities Component</Name><Description>In this component, we administer a variety of special
purpose securities, including some issued by other federal agencies for which we serve
as fiscal agent. Treasury&#8217;s State and Local Government Series securities represent the
largest portion of principal outstanding. These securities offer a flexible investment
alternative for state and local governments to refinance their outstanding, tax-exempt
debt. We issue, service, and redeem these securities. There are about 6,900 government
entities that hold investments in these securities, amounting to approximately
$290 billion.</Description></Stakeholder><Stakeholder><Name>Federal Borrowings Component</Name><Description>This is a unique element of the Government Agency Investment
Services program in that its purpose is to loan funds to federal agencies. We act on
Treasury&#8217;s behalf to make these direct loans and loan guarantees to federal agencies
operating loan programs to support, for example, education, housing, veterans, and small
businesses. Our responsibilities include ensuring that all principal and interest amounts
are accounted for appropriately, reported timely, and presented accurately. There are
approximately 80 funds administered by various federal agencies whose outstanding
borrowings total, on average, $224 billion annually.</Description></Stakeholder><Stakeholder><Name>Retail Securities Services Program</Name><Description>The Retail Securities Services program serves more than 55 million investors in Treasury securities,
most of whom are individuals. We want to make it as easy as possible for investors to learn
about our products and services, make informed decisions about buying Treasury securities, and
manage their Treasury investments efficiently. This program encompasses the issuance, servicing,
and redemption of U.S. Savings Bonds in both electronic and paper form, as well as marketable
Treasury securities sold in electronic form directly to retail investors. It also includes the servicing
and redemption of outstanding marketable securities that were issued in paper form. Operationally, this program has four distinct elements.

In support of our strategic goal to effectively finance government operations,
our strategies for the Retail Securities Services program are:
&#8226; Position Treasury to eliminate new issues of paper savings bonds.
&#8226; Replace the Legacy Treasury Direct system.
&#8226; Improve the quality and efficiency of service to retail customers.
&#8226; Encourage redemption of outstanding, matured Treasury securities.</Description></Stakeholder><Stakeholder><Name>TreasuryDirect&#174; Element</Name><Description>The centerpiece of Retail&#8217;s strategic direction is this self-service,
Internet-accessed system. Customers establish their TreasuryDirect accounts, purchase electronic
securities, direct electronic payments to their bank accounts, and manage their holdings online, at
their convenience, and in a secure environment. Owners of paper savings bonds can convert their
bonds to electronic form to hold in TreasuryDirect. Launched in 2002, TreasuryDirect initially
offered electronic savings bonds and was later expanded to include marketable Treasury securities
for individuals. More than 270,000 accounts hold over $8 billion.</Description></Stakeholder><Stakeholder><Name>Paper Savings Bonds Element </Name><Description>This element includes all Public Debt, Federal Reserve, and other agent
activity to issue, service, and redeem paper savings bonds. Some 55 million people hold almost 700
million paper savings bonds worth more than $190 billion.</Description></Stakeholder><Stakeholder><Name>Legacy Treasury Direct Element</Name><Description>Introduced in 1986 when Treasury began issuing marketable securities
exclusively in electronic form, this program element encompasses all Public Debt and Federal
Reserve activity to establish and service book-entry accounts for marketable securities in Legacy
Treasury Direct. Customers hold more than $67 billion in 348,000 accounts.</Description></Stakeholder><Stakeholder><Name>Paper Marketable Securities Element</Name><Description>Although Treasury stopped issuing marketable securities in paper
form in 1986, we still service outstanding obligations. The last issue of these definitive securities
will mature in 2016. By FY 2009, there will be less than $40 million outstanding in certificates not
yet eligible for redemption.</Description></Stakeholder><OtherInformation>The effective financing of government operations includes a number of elements. First, it involves borrowing what is necessary to meet the funding needs of the federal government. Additionally, it focuses on minimizing borrowing costs. A third element entails providing mechanisms to allow for a wide range of investors to purchase Treasury securities.</OtherInformation><Objective><Name>Operational Readiness</Name><Description>Guarantee operational readiness to meet the federal government&#8217;s critical financing needs.</Description><Identifier>_3a90a0de-3cae-11e2-b487-5cf273e3672e</Identifier><SequenceIndicator>1.1</SequenceIndicator><Stakeholder><Name>Wholesale Securities Services Program</Name><Description></Description></Stakeholder><OtherInformation>GUARANTEE OPERATIONAL READINESS
TO MEET THE FEDERAL GOVERNMENT&#8217;S CRITICAL FINANCING NEEDS.
We are responsible for conducting over 200 Treasury auctions annually, all of which
must be timely and accurate. Each and every auction is essential to the continuous
operation of the federal government and to making payments on U.S. Government
obligations. Our challenge is not only to conduct auctions timely and accurately, but
also to quickly make operational adjustments necessary to support changes in debt
management strategies. This demands a flexible, robust, and resilient auction operation.
In 2008, we implemented a new auction system and infrastructure that provide substantial
flexibility to accommodate future borrowing needs. With that, our goal is to implement
new Treasury borrowing strategies and policies within three months of receiving final
requirements. These requirements may include, for example, changes in financing
patterns or auction rules, the addition or removal of security offerings, and new
data demands.
The new auction system also provides an excellent foundation for creating a rich data
warehouse of Treasury borrowing information. To develop this capability, we will partner
with Treasury&#8217;s debt managers to determine their analytical needs for auction data and
work together to meet their needs efficiently and effectively.</OtherInformation></Objective><Objective><Name>Borrowing Capabilities</Name><Description>Protect and strengthen Treasury&#8217;s borrowing capabilities.</Description><Identifier>_3a90a336-3cae-11e2-b487-5cf273e3672e</Identifier><SequenceIndicator>1.2</SequenceIndicator><Stakeholder><Name>Wholesale Securities Services Program</Name><Description></Description></Stakeholder><OtherInformation>PROTECT AND STRENGTHEN TREASURY&#8217;S BORROWING CAPABILITIES.
Large-scale disruptions, whether from terrorism, cyberattacks, natural disasters, pandemic
illnesses, or other sources, can seriously damage federal government operations and
services and create an immediate need for emergency borrowing. Comprehensive
contingency plans and strong security controls are essential to ensuring the continual
availability of our critical operations supporting Treasury&#8217;s borrowings and the Treasury
securities market.
The contingency and security features of our new auction system and infrastructure
are extremely robust. While enhancing this system and infrastructure remains a critical
part of our contingency and security plans, it is not our only focus. We&#8217;ll continue to
ensure that our back-up auction processing sites are fully functional and that our staff
receives training and practice for contingency scenarios. Our focus will also be external.
Obtaining written commitments from our major auction participants to engage in a
number of business continuity activities with us is a priority. We&#8217;ll develop extensive
and well-rehearsed alternate communication plans to cover a wide range of disruptive
circumstances. These activities are designed to ensure that our largest market participants
maintain effective contingency plans and can demonstrate their readiness to participate in
Treasury auctions in times of crisis.
Through a close partnership with the Federal Reserve, we will ensure that the National Book-Entry
System remains a secure holding and transfer system for Treasury securities and that interest and
principal payments are made with 100 percent accuracy and timeliness. Jointly, we will review and
test contingency plans and evaluate alternatives for issuance and settlement.
Our objective is to guarantee rapid recovery and timely resumption of our critical securities
operations following unanticipated disruptions. To achieve this, we must continually focus on
protecting the confidentiality and integrity of our data through constant diligence and upgrades of
our security controls.</OtherInformation></Objective><Objective><Name>Confidence</Name><Description>Preserve confidence in Treasury auctions through compliance.</Description><Identifier>_3a90a4c6-3cae-11e2-b487-5cf273e3672e</Identifier><SequenceIndicator>1.3</SequenceIndicator><Stakeholder><Name>Wholesale Securities Services Program</Name><Description></Description></Stakeholder><OtherInformation>PRESERVE CONFIDENCE IN TREASURY AUCTIONS THROUGH COMPLIANCE.
A high level of confidence in a fair and competitive Treasury auction process is critical to attracting
widespread market participation and ensuring the lowest cost of borrowing. Continuous monitoring
and dealer visits are the cornerstones of our compliance program. The visits allow our staff to
discuss findings revealed during our daily auction monitoring, review dealer auction operations, verify that dealers are complying with Treasury auction rules, and recommend changes
to dealer internal processes and procedures to reduce the risk of auction violations.
Education and training efforts, including formal auction rule instruction, will help
Treasury securities investors better understand the auction rules and recognize the
importance of compliance. This program and its emphasis on voluntary compliance,
combined with our education efforts, have proven very effective in significantly reducing
auction violations. It will be continued and enhanced, as appropriate, to maintain the
integrity of Treasury auctions.</OtherInformation></Objective><Objective><Name>Education &amp; Relationships</Name><Description>Educate and build relationships with our large investors.</Description><Identifier>_3a90a688-3cae-11e2-b487-5cf273e3672e</Identifier><SequenceIndicator>1.4</SequenceIndicator><Stakeholder><Name>Large Investors</Name><Description></Description></Stakeholder><Stakeholder><Name>Primary Dealers</Name><Description></Description></Stakeholder><Stakeholder><Name>Institutional Investors</Name><Description></Description></Stakeholder><Stakeholder><Name>Hedge Funds </Name><Description></Description></Stakeholder><Stakeholder><Name>Foreign Central Banks</Name><Description></Description></Stakeholder><Stakeholder><Name>Wholesale Securities Services Program</Name><Description></Description></Stakeholder><OtherInformation>EDUCATE AND BUILD RELATIONSHIPS WITH OUR LARGE INVESTORS.
We will partner with Treasury&#8217;s debt managers to strengthen relationships with large
purchasers of Treasury securities: primary dealers, institutional investors, hedge funds,
and foreign central banks. The focus of this effort is to enhance their understanding of
Treasury&#8217;s debt financing policies, our securities offerings, and the auction process.
At the same time, Treasury debt managers can gain a better understanding of market
participants&#8217; interests and concerns. Our support will include identifying and arranging
opportunities for Treasury debt managers to address strategic groups of market
participants, as well as meet one-on-one with various investor organizations.
The portion of our website targeted to institutional customers is one of our most valuable
tools for educating and communicating with our major market participants. It&#8217;s important
that investors and other market participants from around the globe have rapid electronic
access to current and accurate information about Treasury marketable securities. We&#8217;ll
continue to implement changes based on feedback from our customers about ways in
which we can enhance our website to better meet their needs.</OtherInformation></Objective><Objective><Name>Securities Regulations</Name><Description>Enhance government securities regulations.</Description><Identifier>_3a90a82c-3cae-11e2-b487-5cf273e3672e</Identifier><SequenceIndicator>1.5</SequenceIndicator><Stakeholder><Name>Wholesale Securities Services Program</Name><Description></Description></Stakeholder><OtherInformation>ENHANCE GOVERNMENT SECURITIES REGULATIONS.
On Treasury&#8217;s behalf, we administer regulations involving three distinct areas: the
auctioning of Treasury securities, the secondary market for government securities, and
eligibility and valuation of collateral to protect public funds.
To add value to deliberations on formulating rule changes, we will continually educate
ourselves, Treasury policy officials, and other regulatory agencies about new products,
innovations in business practices and technology, and other market factors that may
impact any of the three regulatory areas we administer. When determinations are made
to augment or modify rules, we will act promptly to draft clear language to explain and
implement the rule changes. On an ongoing basis, we will educate those impacted by our rules, including regulators responsible for enforcing the rules, by providing formal training, individual
meetings, and extensive content on our website.
While we can&#8217;t predict the specific subject matters that we&#8217;ll need to address over the course of the
next few years, there will likely be regulatory changes needed &#8212; given the dynamic nature of the
government securities market, Treasury&#8217;s goal of conducting borrowings as efficiently as possible,
and the potential for new financial instruments to be considered for Treasury&#8217;s collateral programs.
We will be prepared to respond quickly and knowledgeably as the need for regulatory change arises.</OtherInformation></Objective><Objective><Name>Government Agency Investment Services</Name><Description>Strengthen and streamline controls for Government Agency Investment Services.</Description><Identifier>_3a90a9ee-3cae-11e2-b487-5cf273e3672e</Identifier><SequenceIndicator>1.6</SequenceIndicator><Stakeholder><Name>Government Agency Investment Services Program</Name><Description></Description></Stakeholder><OtherInformation>STRENGTHEN AND STREAMLINE CONTROLS FOR GOVERNMENT AGENCY INVESTMENT SERVICES.
To gain efficiencies and strengthen controls, core business functionality that resides in four
different systems will be consolidated into a single, commercially available, automated solution. As
part of this effort, the number of common business processes that serve federal investments, special
purpose securities, and federal borrowings will be reduced from eighteen to six. This consolidation
will give us the flexibility to respond more quickly and efficiently to changes in legislation or
policy. Ultimately, with standardized system, business, and data elements, we can
introduce stronger internal controls and reduce operational risks.
Part of this strategy will focus specifically on the additional accounting services we
provide for the managed trust funds for which the Secretary serves as trustee. We will
re-engineer and streamline these accounting business processes, taking advantage of
system functionality and internal control mechanisms already available to us. The
benefits we will gain include reduced risks through more stringent controls, greater
flexibility, and operational efficiencies.</OtherInformation></Objective><Objective><Name>Agency Investment Management</Name><Description>Enable government agency customers to more effectively manage their investments.</Description><Identifier>_3a90abf6-3cae-11e2-b487-5cf273e3672e</Identifier><SequenceIndicator>1.7</SequenceIndicator><Stakeholder><Name>Government Agencies</Name><Description></Description></Stakeholder><Stakeholder><Name>Government Agency Investment Services Program</Name><Description></Description></Stakeholder><OtherInformation>ENABLE GOVERNMENT AGENCY CUSTOMERS
TO MORE EFFECTIVELY MANAGE THEIR INVESTMENTS.
Our objective is to provide our customers with the assistance they need to manage their
investments as effectively and efficiently as possible. One of the ways this will be
accomplished is through education. We&#8217;ll conduct periodic seminars to inform customers
about issues relevant to their investments and to ensure they understand the rules and
policies that apply to these investments. We&#8217;ll enhance our orientation for new customers
to enable them to take full advantage of our systems and services. More extensive
reporting capabilities will be made available to our customers, which will give them the
ability, for example, to create customized reports that better meet their needs.
When Treasury introduces new instruments or changes to existing instruments available
for federal agency investment, we will assist our customer agencies in understanding
these changes and the implications for their investment operations. As new legislation
is enacted or business processes change, we&#8217;ll support federal agencies&#8217; implementation
of these modifications. For example, we&#8217;ll work with our customers to implement
Treasury&#8217;s major initiative to improve and streamline government-wide accounting
through the capture of all necessary financial information at the first point of reporting.
When legislation establishing investment authority for a new fund is vague or
inconsistent, we and our affected customers experience significant operational challenges
in trying to implement this new authority. We&#8217;ll support Treasury&#8217;s initiative to
standardize legislation for all new investment funds by actively promoting Treasury&#8217;s
preferred language to drafters of proposed investment legislation.
Together, these initiatives will enable our customers to optimize the management
of their investments.</OtherInformation></Objective><Objective><Name>Paper Savings Bonds</Name><Description>Position Treasury to eliminate new issues of paper savings bonds.</Description><Identifier>_3a90ade0-3cae-11e2-b487-5cf273e3672e</Identifier><SequenceIndicator>1.8</SequenceIndicator><Stakeholder><Name>Retail Securities Services Program</Name><Description></Description></Stakeholder><OtherInformation>POSITION TREASURY TO ELIMINATE NEW ISSUES OF PAPER SAVINGS BONDS.
Treasury is committed to offering savings bonds to the public, and our responsibility
is to do so as efficiently as possible. Our strategy for accomplishing this centers on
TreasuryDirect and electronic bonds, which are far more efficient to issue and service
over the long term than paper savings bonds.
Our success in encouraging customers to use TreasuryDirect to buy savings bonds will
largely depend on their willingness to do business with us via the Internet. There are
a number of steps we will take to enhance the attractiveness of TreasuryDirect and
encourage a shift away from paper bonds, some of which are described below.
To mitigate risks, both real and perceived, associated with online financial transactions,
we continually seek ways to increase security. For example, we are distributing
TreasuryDirect Access Cards to provide account holders a unique and more secure means
of identifying themselves, in addition to normal password protection, each time they wish
to access their accounts.
Given the traditional appeal of savings bonds as gifts, we&#8217;ll enhance TreasuryDirect
to simplify the gift-giving process and eliminate the donor&#8217;s need to know certain
details about the recipient&#8217;s account. Another strategic target is paper bonds issued
through payroll savings plans. The process for an employee to direct payroll dollars
to TreasuryDirect is simple and saves the employer substantial administrative costs.
Familiarity with and access to the Internet should generally not be an issue for most
employees. Together with the Federal Reserve, we&#8217;ll work to transition payroll savings
from paper to electronic securities.
While our website remains our primary means of communicating with the public
about buying and holding Treasury securities, we&#8217;ll explore new avenues to promote
TreasuryDirect. Outreach through other communication channels, such as financial
literacy programs, will target customers not yet accustomed to conducting financial
transactions online.
While there has been no date set for withdrawing paper bonds from sale, the efforts that we are
undertaking are designed to move increasing numbers of investors to TreasuryDirect as their
preferred way of buying and holding savings bonds.
We will also continue our efforts to encourage owners of outstanding paper bonds to convert their
holdings to electronic form through TreasuryDirect. This conversion feature has proven to be
quite popular and also contributes to the efficiency of the Retail program. We&#8217;ll streamline our
operations to make the conversion process even simpler for our customers.</OtherInformation></Objective><Objective><Name>Treasury Direct System</Name><Description>Replace the Legacy Treasury Direct system.</Description><Identifier>_3a90afe8-3cae-11e2-b487-5cf273e3672e</Identifier><SequenceIndicator>1.9</SequenceIndicator><Stakeholder><Name>Retail Securities Services Program</Name><Description></Description></Stakeholder><OtherInformation>REPLACE THE LEGACY TREASURY DIRECT SYSTEM.
Although enhanced over the years, the Legacy Treasury Direct system operates on outdated
technology that will become increasingly more expensive and difficult to maintain. Now that
marketable securities are available in TreasuryDirect, we have been encouraging customers in the
legacy system to transfer their holdings to TreasuryDirect.
A critical next step will be enhancing TreasuryDirect to support ownership of securities
by entities, such as estates, trusts, and organizations, so that the new system can accept
all types of investors currently in the legacy system. To increase TreasuryDirect&#8217;s appeal,
we will also simplify its current process for reinvesting the proceeds of
matured securities.
Following appropriate notice, we will bar establishment of new accounts and new
purchases in Legacy Treasury Direct. As investors in the legacy system begin to buy
securities in TreasuryDirect, most of them will likely consolidate their existing holdings
into their new TreasuryDirect accounts. But we can&#8217;t compel remaining legacy investors
to move their securities to TreasuryDirect, with its somewhat different provisions,
including the need for Internet access. To manage the residual legacy accounts, we will
build a replacement system that will also incorporate a number of other legacy securities
applications. This consolidation of applications will increase efficiency, reduce costs, and
eliminate dependency on outdated technology.</OtherInformation></Objective><Objective><Name>Retail Service</Name><Description>Improve the quality and efficiency of service to retail customers.</Description><Identifier>_3a90b236-3cae-11e2-b487-5cf273e3672e</Identifier><SequenceIndicator>1.10</SequenceIndicator><Stakeholder><Name>Retail Customers</Name><Description></Description></Stakeholder><Stakeholder><Name>Retail Securities Services Program</Name><Description></Description></Stakeholder><OtherInformation>IMPROVE THE QUALITY AND EFFICIENCY OF SERVICE TO RETAIL CUSTOMERS.
Public Debt and the Federal Reserve together serve owners of paper savings bonds
and marketable securities held in Legacy Treasury Direct. At one point, there were 38
locations providing various services to our retail customers. Since 2005, following a
series of consolidations to gain efficiencies, these same customers are served primarily by
Public Debt and two Federal Reserve sites. Public Debt currently provides most services
to TreasuryDirect account holders.
With fewer servicing sites, we are now solidly positioned to create a new customer
service environment that will support all retail customers and will increase quality,
consistency, and efficiency across the remaining three sites. This ambitious initiative,
named Treasury Retail E-Services (TRES), promises a seamless experience for our
customers while lowering costs by creating more opportunities for customer
self-service and eliminating duplicative processes. No matter where our customers live,
what securities they hold, the complexity of their transactions, or which site receives their
requests, they will receive the same high-quality service.
TRES will offer a wide range of customer communication channels&#8212;everything from
traditional means (phone, fax, mail, and e-mail) to newer means such as web chat and
instant messaging. As technology and our business evolve, we&#8217;ll continue to embrace
cost-effective, cutting-edge communication channels. TRES will encourage self-service
to the greatest extent possible, allowing customers online access to their own information,
much as TreasuryDirect does. For example, customers might check the status of a
request, review e-mail history, and extract retired bond images.
TRES will share common databases and systems, including a call center platform, among the
three service sites so that we can provide more effective service. We&#8217;ll establish a set of tools and
a standard suite of services to handle both savings bond and marketable securities transactions.
TRES will increase efficiency by making prior transaction history available to customer service
representatives, reducing the need for follow-up calls. By supporting our full range of products
in an integrated system and optimizing communication, we&#8217;ll be able to respond to customers
more quickly and thoroughly. We&#8217;ll implement TRES in phases to take advantage of new service
capabilities as quickly as possible.</OtherInformation></Objective><Objective><Name>Matured Treasury Securities</Name><Description>Encourage redemption of outstanding, matured Treasury securities.</Description><Identifier>_3a90b470-3cae-11e2-b487-5cf273e3672e</Identifier><SequenceIndicator>1.11</SequenceIndicator><Stakeholder><Name>Retail Securities Services Program</Name><Description></Description></Stakeholder><OtherInformation>ENCOURAGE REDEMPTION OF OUTSTANDING, MATURED TREASURY SECURITIES.
As of 2008, more than 39 million securities worth $16 billion had matured and had not been
redeemed. Nearly all of these are U.S. Savings Bonds. While this represents a very small
percentage of the total amount issued over many years, the numbers are substantial. We are
committed to encouraging owners to redeem these matured securities which no longer
earn interest.
Our Retail Securities Services program has a locator group dedicated to finding and contacting
owners of matured securities. We&#8217;re updating systems and workflow to make our current services
more efficient. This includes Treasury Hunt&#174;, our online service that enables individuals to query a
large and growing database to determine whether they may own any outstanding, matured
Treasury securities.
Owners of matured savings bonds typically have the securities in their possession, but, in some
cases, they don&#8217;t realize their bonds have stopped earning interest. We&#8217;ll expand our education
effort to spread the word about matured bonds. We&#8217;ll use focus groups and other market research
to help us craft more effective messages for use on our website, as well as in other communication
channels more likely to reach individuals not accustomed to using the Internet. Our partnership
with Federal Reserve Banks also offers opportunities to increase our outreach. We&#8217;ll look for
opportunities for Federal Reserve staff to provide additional locator resources and help us explore
new locator tools to make our searches more efficient.</OtherInformation></Objective></Goal><Goal><Name>Accounting</Name><Description>Effectively account for the debt of the federal government.</Description><Identifier>_3a90b6c8-3cae-11e2-b487-5cf273e3672e</Identifier><SequenceIndicator>2</SequenceIndicator><Stakeholder><Name>U.S. Pubic</Name><Description></Description></Stakeholder><Stakeholder><Name>Summary Debt Accounting Program</Name><Description>The Summary Debt Accounting program is key to meeting our responsibility to account
for the more than $9 trillion of public debt and more than $400 billion in related annual
interest expenses. This program provides the overarching control structure for dozens
of subordinate securities systems and reconciles more than $77 trillion of securities
transactions and related cash flows handled by these subsystems annually. These cash
flows represent funds received from the sale of securities and funds disbursed as interest
and principal payments.
The program produces daily reports on the balances and composition of the public debt,
the Monthly Statement of the Public Debt, and the annual, audited Schedules of Federal
Debt, which reports on the single largest liability in the annual Financial Report of the
United States Government.
We have always been committed to maintaining excellent accounting controls to ensure
the integrity of operations and the accuracy of information provided to the public. The
strength of our accounting controls is reflected in the unqualified audit opinions we have
consistently received on our Schedules of Federal Debt.
In support of our strategic goal to effectively account for the debt of the
federal government, our strategies for the Summary Debt Accounting program
are:
&#8226; Provide timely and accurate data concerning the public debt of the United
States.
&#8226; Redefine and modernize the debt accounting environment.
&#8226; Improve the clarity, usefulness, and availability of federal debt financial
information.</Description></Stakeholder><OtherInformation>Effectively accounting for the debt of the federal government involves two primary
components&#8212;accuracy and timeliness. These are key to enabling sound debt
management decisions for the federal government and ensuring public confidence in Treasury&#8217;s reporting on its borrowings.</OtherInformation><Objective><Name>Data</Name><Description>Provide timely and accurate data concerning the public debt of the United
States.</Description><Identifier>_3a90b97a-3cae-11e2-b487-5cf273e3672e</Identifier><SequenceIndicator>2.1</SequenceIndicator><Stakeholder><Name></Name><Description></Description></Stakeholder><OtherInformation>PROVIDE TIMELY AND ACCURATE DATA CONCERNING
THE PUBLIC DEBT OF THE UNITED STATES.
As our first priority for this program, we will continually demonstrate accounting
excellence by producing daily financial statements and receiving unqualified opinions on
the annual audits of the Schedules of Federal Debt.
We are uniquely positioned to support Treasury&#8217;s goal of obtaining an unqualified audit
opinion on its Financial Report of the United States Government by assisting federal agencies in the proper reporting of certain types of financial transactions. One of the reasons the Financial
Report has been unable to obtain a clean opinion is directly related to intra-governmental elimination
transactions. When financial transactions occur between federal agencies, they should offset and eliminate
each other in the consolidated Financial Report. Unfortunately, agencies involved in the same transaction
often report it differently. The resulting differences, which affect the consolidated Financial Report, can
stem from simple errors, differing interpretations or misunderstandings of accounting rules, or, for some
types of transactions, an absence of standards.
Because of our extensive dealings with many federal agencies in conducting investment and borrowing
transactions, we will apply our accounting expertise in this area to support the eliminations effort. This will
include proposing solutions to the organizations that set federal accounting policy when standards don&#8217;t
exist or are subject to differing interpretations. Leveraging the relationships developed in our Government
Agency Investment Services program, we&#8217;ll work with federal agencies through one-on-one sessions and
seminars to reinforce proper accounting and reporting of investment and borrowing transactions. This
advocacy role will bring value to the eliminations effort by minimizing differences.</OtherInformation></Objective><Objective><Name>Debt Accounting Environment</Name><Description>Redefine and modernize the debt accounting environment.
</Description><Identifier>_3a90bc04-3cae-11e2-b487-5cf273e3672e</Identifier><SequenceIndicator>2.2</SequenceIndicator><Stakeholder><Name></Name><Description></Description></Stakeholder><OtherInformation>REDEFINE AND MODERNIZE THE DEBT ACCOUNTING ENVIRONMENT.
The current system that accounts for the public debt of the United States, although sound,
presents the challenges of managing aging technology, doesn&#8217;t fit well within
Public Debt&#8217;s enterprise architecture, and doesn&#8217;t accommodate rapid change. After
determining the need to replace the current system, we have decided to seek an existing
shared-service solution to meet our accounting responsibilities, rather than developing
a proprietary system as we have in the past. This approach will offer many benefits in
terms of a faster migration and reduced operational risks and costs.
Before seeking the desired technology solution, however, we will engage in a thorough
re-engineering of the business processes to best support Summary Debt Accounting
needs in the future. We will take full advantage of this opportunity to work from a
clean slate. This effort will redefine many reporting requirements, responsibilities, and
informational needs. It will also produce more consistent processes across the board,
drive improvements in the subsidiary reporting systems, and ultimately create greater
efficiency within our debt accounting programs at the summary and subsidiary levels.</OtherInformation></Objective><Objective><Name>Federal Debt Financial Information</Name><Description>Improve the clarity, usefulness, and availability of federal debt financial
information.</Description><Identifier>_3a90be98-3cae-11e2-b487-5cf273e3672e</Identifier><SequenceIndicator>2.3</SequenceIndicator><Stakeholder><Name></Name><Description></Description></Stakeholder><OtherInformation>IMPROVE THE CLARITY, USEFULNESS, AND AVAILABILITY
OF FEDERAL DEBT FINANCIAL INFORMATION.
A diverse audience, ranging from government organizations, economists, financial
analysts, and academics to the general public, relies on our debt accounting information.
To be useful, the data must not only be accurate and timely but also understandable and
readily accessible in a useful format. Our objective is to promote a greater understanding
of the federal debt and meet the needs of those interested in learning more.
Our website will serve as the primary source of data for those seeking to analyze
trends in federal borrowings and related interest rates or needing specific point-in-time
information about the debt. We will promote awareness of the extensive amount of
data already available on our website and will continue to expand this valuable archive.
We will also reach out to current and potential users of our data to determine ways to
enhance the presentation of and access to public debt data.</OtherInformation></Objective></Goal><Goal><Name>Services</Name><Description>Provide highly competitive shared services to federal agencies.</Description><Identifier>_3a90c1e0-3cae-11e2-b487-5cf273e3672e</Identifier><SequenceIndicator>3</SequenceIndicator><Stakeholder><Name>Federal Agencies</Name><Description></Description></Stakeholder><Stakeholder><Name>Franchise Services Program</Name><Description>Our Franchise Services program provides superior reimbursable administrative and information
technology services to a wide variety of federal agencies that look to us to support their needs
reliably and cost effectively. We value the trust our customers place in us, and this drives our goals
for excellence in all aspects of our business.
We currently offer administrative services in the areas of financial accounting, travel and relocation
services, the full range of human resource services, procurement, and investment accounting.
Noteworthy in the administrative arena is our designation by the Office of Management and Budget
as a Shared Service Provider for the Financial Management Line of Business. We also have earned,
in partnership with Treasury&#8217;s HR Connect Program Office, the designation as one of five Shared
Service Providers for the Human Resource Line of Business.
In the area of information technology, we offer application development and hosting, website
development, Internet services, network maintenance, security consulting, and encryption services.
In July 2006, Treasury was certified as a Shared Service Provider for Public Key Infrastructure
(PKI) services. Since that time, this unique and technically challenging business line has grown
to the point where we now provide services to 40 percent of the federal civilian market. Many
important agencies depend on us for this critical function, including all of Treasury, the National
Aeronautics and Space Administration, the Social Security Administration, and the Department of
Homeland Security.
Across our franchise business lines, we currently serve more than 70 customer agencies, more than
two-thirds of which are non-Treasury organizations. We are committed to growing our franchise
businesses, at a pace that also allows us to maintain our high standards for delivering quality
customer service.
In support of our strategic goal to provide highly competitive shared services to federal
agencies, our strategies for the Franchise Services program are:
&#8226; Provide the best value in the federal government for administrative and information
technology services.
&#8226; Champion standardization efforts and best practices to strengthen shared services.
&#8226; Guarantee the highest level of compliance to promote customer confidence and
service reliability.</Description></Stakeholder><OtherInformation>Based on a strong core of expertise developed over the years, Public Debt offers a host of administrative and information technology services to other federal agencies. In providing these shared services, Public Debt&#8217;s Franchise Services program is an example of good government in action. Our federal agency customers receive quality, cost-effective services and are able to focus on their core businesses. The American taxpayer also benefits from the resulting lower costs for operating the federal government.</OtherInformation><Objective><Name>Administrative &amp; Information Technology Services</Name><Description>Provide the best value in the federal government for administrative and information technology services.</Description><Identifier>_3a90c4a6-3cae-11e2-b487-5cf273e3672e</Identifier><SequenceIndicator>3.1</SequenceIndicator><Stakeholder><Name>Franchise Services Program</Name><Description></Description></Stakeholder><OtherInformation>PROVIDE THE BEST VALUE IN THE FEDERAL GOVERNMENT
FOR ADMINISTRATIVE AND INFORMATION TECHNOLOGY SERVICES.
Our customers define our value to them in terms of reliability, availability, security,
quality service, and price, and we intend to exceed their expectations in every category.
Obviously, customer service and our supporting systems are the heart of this business,
and we are committed to improvements in each. With respect to our systems, we will
stabilize our infrastructure and, on behalf of our customers, advocate enhancements in
commercial applications that we use. Of particular note, we will migrate our financial
management and procurement systems to a new hosting provider. This will enable us to
expand the number of customers that we can serve, upgrade applications more quickly,
and stabilize prices.
We will improve customer service by exploring alternate methods of service delivery
and evaluating our organizational structure. A comprehensive position management
study is underway in each of our administrative business lines to identify organizational
changes that can drive improvements. In addition, we believe that our responsiveness to
customers may be enhanced and further reduction in costs achieved by adding a customer
relationship management tool. We&#8217;ll thoroughly investigate the costs and benefits of this
technology before deciding whether to proceed with it. Through these efforts, we plan to
set a new benchmark for delivering quality customer service throughout the
federal government.
Positioning the full range of Public Debt&#8217;s franchise business lines to operate as a single
program will enable us to consolidate administrative and management processes across
all business lines. This, in turn, provides opportunities for operational cost containment
and further improvement to our costing and pricing methods. Specific efforts underway
include a comprehensive review of all shared costs and development of a single pricing
methodology for all of our franchise services. Our customers will be able to rely on our
price projections as they budget for future service needs.</OtherInformation></Objective><Objective><Name>Standards &amp; Best Practices</Name><Description>Champion standardization efforts and best practices to strengthen shared services.</Description><Identifier>_3a90c780-3cae-11e2-b487-5cf273e3672e</Identifier><SequenceIndicator>3.2</SequenceIndicator><Stakeholder><Name>Franchise Services Program</Name><Description></Description></Stakeholder><OtherInformation>CHAMPION STANDARDIZATION EFFORTS
AND BEST PRACTICES TO STRENGTHEN SHARED SERVICES.
Standardization is absolutely essential to a solid, well-run Shared Service Provider.
We are committed to becoming an innovator in the franchise community by focusing
on repeatability, process excellence, cost containment, and risk management. With this
standardization and business efficiency will come greater predictability that will benefit
our customers.
As a champion for standardization, we will actively pursue opportunities to improve our business
processes and management methodologies. We&#8217;ll join forces with other federal Shared Service
Providers to leverage our strengths, share experiences, discuss improvements for applications,
and influence policies affecting Shared Service Providers. We&#8217;ll also work with governance
organizations to further facilitate standardization in the shared-services environment.
With improved business processes fully in place, we will concentrate on instituting a strong
governance and control structure. Our recently developed process commits senior management
from across all lines of business at Public Debt to participate and ensure appropriate scrutiny and
control. This proactive management attention will assure our customers that their business interests
are well served.</OtherInformation></Objective><Objective><Name>Compliance, Confidence &amp; Reliability</Name><Description>Guarantee the highest level of compliance to promote customer confidence and service reliability.</Description><Identifier>_3a90cb0e-3cae-11e2-b487-5cf273e3672e</Identifier><SequenceIndicator>3.3</SequenceIndicator><Stakeholder><Name>Franchise Services Program</Name><Description></Description></Stakeholder><OtherInformation>GUARANTEE THE HIGHEST LEVEL OF COMPLIANCE
TO PROMOTE CUSTOMER CONFIDENCE AND SERVICE RELIABILITY.
Although it is an ongoing challenge to meet the universe of ever-changing federal
mandates and compliance measures, especially in the areas of information technology
security and accounting standardization, we recognize that our customers expect us to
attend to this on their behalf. We are well prepared and firmly committed to provide
this service so our customers have the peace of mind that comes from knowing that
their information and systems are secure and that they will be compliant with external
requirements.
Our dedicated staff and robust business processes provide the foundation for our success.
These are backed up with solid controls that are tested and audited on a regular basis.
Continued adoption of standardization and best practices across our service lines makes it
easier and less costly to meet compliance requirements on behalf of our customers.
Our success in minimizing risk to customers is critical to maintaining a reputation for
excellence as a Shared Service Provider. We have enabled a number of our customers
to obtain unqualified audit opinions for the first time. Our franchise operations enjoy an
unbroken record of clean audit opinions, and we aim to maintain this track record through
diligent compliance with federally mandated accounting and security requirements.</OtherInformation></Objective></Goal></StrategicPlanCore><AdministrativeInformation><StartDate></StartDate><EndDate></EndDate><PublicationDate>2012-12-02</PublicationDate><Source>http://www.publicdebt.treas.gov/whatwedo/bpdstrategicplan09-14.pdf</Source><Submitter><FirstName>Owen</FirstName><LastName>Ambur</LastName><PhoneNumber></PhoneNumber><EmailAddress>Owen.Ambur@verizon.net</EmailAddress></Submitter></AdministrativeInformation></StrategicPlan>