<?xml version="1.0" encoding="UTF-8"?>
<StrategicPlan xsi:schemaLocation="http://www.stratml.net  http://xml.gov/stratml/references/StrategicPlan.xsd" xmlns:xsi="http://www.w3.org/2001/XMLSchema-instance" xmlns="http://www.stratml.net"><Name>Benefits Realisation Management</Name><Description>Benefits realisation management (BRM) (also benefits management or benefits realisation) is one of the many ways of managing how time and resources are invested into making changes that people want to see happen. The popularity of BRM has grown recently in the UK with the inclusion of BRM by the UK Government in their standardised approach to programmes, Managing Successful Programmes (MSP). The idea behind BRM is that an investment is only successful if the benefits stakeholders were hoping to get are actually realised (actually happen).</Description><OtherInformation>As with all project management methodologies BRM has clear roles and responsibilities, processes, principles and deliverables. BRM is used to manage the investment by organizations in procurement, projects, programmes and portfolios. BRM is also used to ensure the organization maintains a benefits focus during continuing business operations.

Outcomes are changes identified as important by stakeholders and can be strategic or non-strategic. A benefit is a measurable positive impact of change. A dis-benefit is a measurable negative impact of change. Successful BRM requires accountable people, relevant measures and proactive management.</OtherInformation><StrategicPlanCore><Organization><Name></Name><Acronym></Acronym><Identifier>_4d311684-3c9e-11e2-93ce-9a1c74e3672e</Identifier><Description></Description><Stakeholder><Name>UK Government</Name><Description></Description></Stakeholder></Organization><Vision><Description>... benefits stakeholders were hoping to get are actually realised.</Description><Identifier>_4d31197c-3c9e-11e2-93ce-9a1c74e3672e</Identifier></Vision><Mission><Description>To manage how time and resources are invested into making changes that people want to see happen.</Description><Identifier>_4d311a44-3c9e-11e2-93ce-9a1c74e3672e</Identifier></Mission><Value><Name></Name><Description></Description></Value><Goal><Name>Outcome Identification</Name><Description>Identify the investment outcomes</Description><Identifier>_4d311ad0-3c9e-11e2-93ce-9a1c74e3672e</Identifier><SequenceIndicator>1</SequenceIndicator><Stakeholder><Name></Name><Description></Description></Stakeholder><OtherInformation></OtherInformation><Objective><Name>Outcome Map</Name><Description>Create a pictorial view of the outcomes of interest on an outcome map.</Description><Identifier>_4d311b5c-3c9e-11e2-93ce-9a1c74e3672e</Identifier><SequenceIndicator>1.1</SequenceIndicator><Stakeholder><Name></Name><Description></Description></Stakeholder><OtherInformation>A technique used in 'identify the investment outcomes' is the creation of a pictorial view of the outcomes of interest on an outcome map (also called a results chain, benefits dependency network or benefit map). This technique supports agreement of the outcomes sought as it shows the outcomes and relationships between them on a single page. They can be agreed upon and communicated clearly as a result.</OtherInformation></Objective></Goal><Goal><Name>Metrics</Name><Description>Define benefit measures for each outcome</Description><Identifier>_4d311bfc-3c9e-11e2-93ce-9a1c74e3672e</Identifier><SequenceIndicator>2</SequenceIndicator><Stakeholder><Name></Name><Description></Description></Stakeholder><OtherInformation></OtherInformation><Objective><Name></Name><Description></Description><Identifier>_4d311c92-3c9e-11e2-93ce-9a1c74e3672e</Identifier><SequenceIndicator></SequenceIndicator><Stakeholder><Name></Name><Description></Description></Stakeholder><OtherInformation></OtherInformation></Objective></Goal><Goal><Name>Data</Name><Description>Collect current benefit measure data to have a quantitative basis for decision making</Description><Identifier>_4d311d6e-3c9e-11e2-93ce-9a1c74e3672e</Identifier><SequenceIndicator>3</SequenceIndicator><Stakeholder><Name></Name><Description></Description></Stakeholder><OtherInformation>Data can ... be captured either separately or within a suitable modelling tool for each outcome that will include the benefit measures used for each, ownership and accountability information and information to support realisation management.</OtherInformation><Objective><Name></Name><Description></Description><Identifier>_4d311e18-3c9e-11e2-93ce-9a1c74e3672e</Identifier><SequenceIndicator></SequenceIndicator><Stakeholder><Name></Name><Description></Description></Stakeholder><OtherInformation></OtherInformation></Objective></Goal><Goal><Name>Tailoring</Name><Description>Agree a tailored BRM approach for this investment</Description><Identifier>_4d311eea-3c9e-11e2-93ce-9a1c74e3672e</Identifier><SequenceIndicator>4</SequenceIndicator><Stakeholder><Name></Name><Description></Description></Stakeholder><OtherInformation></OtherInformation><Objective><Name></Name><Description></Description><Identifier>_4d311fa8-3c9e-11e2-93ce-9a1c74e3672e</Identifier><SequenceIndicator></SequenceIndicator><Stakeholder><Name></Name><Description></Description></Stakeholder><OtherInformation></OtherInformation></Objective></Goal><Goal><Name>Capabilities Plan</Name><Description>Plan the new or changed capabilities necessary to realize the benefits</Description><Identifier>_4d31205c-3c9e-11e2-93ce-9a1c74e3672e</Identifier><SequenceIndicator>5</SequenceIndicator><Stakeholder><Name></Name><Description></Description></Stakeholder><OtherInformation></OtherInformation><Objective><Name></Name><Description></Description><Identifier>_4d31211a-3c9e-11e2-93ce-9a1c74e3672e</Identifier><SequenceIndicator></SequenceIndicator><Stakeholder><Name></Name><Description></Description></Stakeholder><OtherInformation></OtherInformation></Objective></Goal><Goal><Name>Investment Plan</Name><Description>Plan the investments needed to make the changes necessary to create or change the capabilities</Description><Identifier>_4d3121d8-3c9e-11e2-93ce-9a1c74e3672e</Identifier><SequenceIndicator>6</SequenceIndicator><Stakeholder><Name></Name><Description></Description></Stakeholder><OtherInformation></OtherInformation><Objective><Name></Name><Description></Description><Identifier>_4d3122a0-3c9e-11e2-93ce-9a1c74e3672e</Identifier><SequenceIndicator></SequenceIndicator><Stakeholder><Name></Name><Description></Description></Stakeholder><OtherInformation></OtherInformation></Objective></Goal><Goal><Name>Optimization</Name><Description>Optimize the plan to reduce waste and have acceptable levels of resource, risk, cost, quality and time</Description><Identifier>_4d312372-3c9e-11e2-93ce-9a1c74e3672e</Identifier><SequenceIndicator>7</SequenceIndicator><Stakeholder><Name></Name><Description></Description></Stakeholder><OtherInformation></OtherInformation><Objective><Name></Name><Description></Description><Identifier>_4d312444-3c9e-11e2-93ce-9a1c74e3672e</Identifier><SequenceIndicator></SequenceIndicator><Stakeholder><Name></Name><Description></Description></Stakeholder><OtherInformation></OtherInformation></Objective></Goal><Goal><Name>Implementation</Name><Description>Implement the plan</Description><Identifier>_4d312516-3c9e-11e2-93ce-9a1c74e3672e</Identifier><SequenceIndicator>8</SequenceIndicator><Stakeholder><Name></Name><Description></Description></Stakeholder><OtherInformation></OtherInformation><Objective><Name></Name><Description></Description><Identifier>_4d3125e8-3c9e-11e2-93ce-9a1c74e3672e</Identifier><SequenceIndicator></SequenceIndicator><Stakeholder><Name></Name><Description></Description></Stakeholder><OtherInformation></OtherInformation></Objective></Goal><Goal><Name>Impact Review</Name><Description>Review the impact of the plan implementation on the Benefit Measures and use insights to improve</Description><Identifier>_4d3126c4-3c9e-11e2-93ce-9a1c74e3672e</Identifier><SequenceIndicator>9</SequenceIndicator><Stakeholder><Name></Name><Description></Description></Stakeholder><OtherInformation></OtherInformation><Objective><Name></Name><Description></Description><Identifier>_4d3127a0-3c9e-11e2-93ce-9a1c74e3672e</Identifier><SequenceIndicator></SequenceIndicator><Stakeholder><Name></Name><Description></Description></Stakeholder><OtherInformation></OtherInformation></Objective></Goal><Goal><Name>Sustainment</Name><Description>On completion of the plan, ensure BRM continues to sustain the capabilities and realisation of benefits</Description><Identifier>_4d31287c-3c9e-11e2-93ce-9a1c74e3672e</Identifier><SequenceIndicator>10</SequenceIndicator><Stakeholder><Name></Name><Description></Description></Stakeholder><OtherInformation></OtherInformation><Objective><Name></Name><Description></Description><Identifier>_4d312976-3c9e-11e2-93ce-9a1c74e3672e</Identifier><SequenceIndicator></SequenceIndicator><Stakeholder><Name></Name><Description></Description></Stakeholder><OtherInformation></OtherInformation></Objective></Goal></StrategicPlanCore><AdministrativeInformation><StartDate></StartDate><EndDate></EndDate><PublicationDate>2012-12-02</PublicationDate><Source>http://en.wikipedia.org/wiki/Benefits_realisation_management#cite_note-2</Source><Submitter><FirstName>Owen</FirstName><LastName>Ambur</LastName><PhoneNumber></PhoneNumber><EmailAddress>Owen.Ambur@verizon.net</EmailAddress></Submitter></AdministrativeInformation></StrategicPlan>