<?xml version="1.0" encoding="UTF-8"?>
<StrategicPlan xmlns="urn:ISO:std:iso:17469:tech:xsd:stratml_core" xmlns:xsi="http://www.w3.org/2001/XMLSchema-instance" xsi:schemaLocation="urn:ISO:std:iso:17469:tech:xsd:stratml_core http://xml.govwebs.net/stratml/references/StrategicPlanISOVersion20140401.xsd"><Name>The Best States for Data Innovation</Name><Description>Across the United States, data scientists, civic leaders, educators, and
business leaders are laying the groundwork for using data to grow the
economy and address a range of societal challenges. This report reviews a
series of indicators that rank states on the degree to which they have
achieved the key enablers of success in the data economy, including the
availability of high-value datasets, the creation of important technologies, and
the development of human and business capital. It then identifies a range of
opportunities for state governments to maximize their potential for data-driven
growth and progress.</Description><OtherInformation>This report uses 25 indicators across three categories to assess which states are doing the most to
encourage and enable data-driven innovation. These categories are:
* Data: the extent to which key datasets are available, including data about the government,
education, health care, and energy;
* Technology: the availability of key digital infrastructure, such as broadband, smart meters,
and electronic health records; and
* People and companies: human and business resources, such as the number of open-data
companies in the state, and the size of the data professional community.</OtherInformation><StrategicPlanCore><Organization><Name>Center for Data Innovation</Name><Acronym>C4DI</Acronym><Identifier>ID-1b4df920-5e1f-4c8a-a6ef-e5cd5de8317d</Identifier><Description>From creating a modern, evidence-based health-care
system to building sustainable, energy-efficient cities, data
is increasingly a critical component in many initiatives to
make the world a better place. In the coming years, the
collection, analysis, and use of massive amounts of data will
have the potential to generate enormous social and
economic benefits, but successfully capitalizing on these
opportunities will require public policies designed to allow
data-driven innovation to flourish.
The Center for Data Innovation is the leading think tank
studying the intersection of data, technology, and public
policy. Based in Washington, DC, the Center formulates and
promotes pragmatic public policies designed to maximize
the benefits of data-driven innovation in the public and
private sectors. It educates policymakers and the public
about the opportunities and challenges associated with
data, as well as technology trends such as predictive
analytics, open data, cloud computing, and the Internet of
Things. The Center is a nonprofit, nonpartisan research
institute affiliated with the Information Technology and
Innovation Foundation.</Description><Stakeholder StakeholderTypeType="Person"><Name>Daniel Castro</Name><Description>Co-Author</Description></Stakeholder><Stakeholder StakeholderTypeType="Person"><Name>Josh New</Name><Description>Co-Author</Description></Stakeholder><Stakeholder StakeholderTypeType="Person"><Name>John Wu</Name><Description>Co-Author</Description></Stakeholder><Stakeholder StakeholderTypeType="Generic_Group"><Name>State Policymakers</Name><Description>State policymakers should support all three areas to successfully enable data-driven innovation.
First, states should take steps to guarantee that data is available for use, such as by ensuring
government agencies collect and release high-value datasets...
Second, states should enable the deployment of the technology platforms that underpin success in
the data economy. This includes facilitating the deployment of digital infrastructure, such as fixed
and mobile broadband Internet, plus data platforms such as intelligent transportation systems,
electronic health records, and smart meters. In addition, states should consider how they can
support the development of the Internet of Things, particularly the development of smart cities that
use data collected by sensors on physical infrastructure and digital transactions with government
agencies. 
Third, state economic development efforts should include a focus on the data economy and helping
transform existing industries to make better use of data. </Description></Stakeholder></Organization><Vision><Description>Data-driven innovation.</Description><Identifier>_a4a14aee-a790-11e7-a7e8-955da0054364</Identifier></Vision><Mission><Description>To lay the groundwork for using data to grow the economy and address a range of societal challenges.</Description><Identifier>_a4a14c1a-a790-11e7-a7e8-955da0054364</Identifier></Mission><Value><Name>Data</Name><Description/></Value><Value><Name>Innovation</Name><Description/></Value><Value><Name>Economic Growth</Name><Description/></Value><Value><Name>Societal Wellbeing</Name><Description/></Value><Goal><Name>Availability</Name><Description>Ensure Data Is Available for Use</Description><Identifier>_a4a14cf6-a790-11e7-a7e8-955da0054364</Identifier><SequenceIndicator>1</SequenceIndicator><Stakeholder><Name/><Description/></Stakeholder><OtherInformation/><Objective><Name>Legislative Data</Name><Description>Publish legislative data in open and machine-readable formats.</Description><Identifier>_a4a14e72-a790-11e7-a7e8-955da0054364</Identifier><SequenceIndicator>1.1</SequenceIndicator><Stakeholder><Name/><Description/></Stakeholder><OtherInformation/></Objective><Objective><Name>Government Financial Data</Name><Description>Publish government financial data online.</Description><Identifier>_a4a14f30-a790-11e7-a7e8-955da0054364</Identifier><SequenceIndicator>1.2</SequenceIndicator><Stakeholder><Name/><Description/></Stakeholder><OtherInformation/></Objective><Objective><Name>Education</Name><Description>Develop education data systems.</Description><Identifier>_a4a14fee-a790-11e7-a7e8-955da0054364</Identifier><SequenceIndicator>1.3</SequenceIndicator><Stakeholder><Name/><Description/></Stakeholder><OtherInformation/></Objective><Objective><Name>E-Prescribing</Name><Description>Use e-prescribing for controlled substances.</Description><Identifier>_a4a150b6-a790-11e7-a7e8-955da0054364</Identifier><SequenceIndicator>1.4</SequenceIndicator><Stakeholder><Name/><Description/></Stakeholder><OtherInformation/></Objective><Objective><Name>Health-Care Prices</Name><Description>Enact and promulgate state health-care price transparency laws and regulations.</Description><Identifier>_a4a15174-a790-11e7-a7e8-955da0054364</Identifier><SequenceIndicator>1.5</SequenceIndicator><Stakeholder><Name/><Description/></Stakeholder><OtherInformation/></Objective><Objective><Name>Energy Usage</Name><Description>Participate in the Green Button initiative.</Description><Identifier>_a4a15458-a790-11e7-a7e8-955da0054364</Identifier><SequenceIndicator>1.6</SequenceIndicator><Stakeholder StakeholderTypeType="Generic_Group"><Name>Utilities</Name><Description/></Stakeholder><OtherInformation>Percentage of customers served by utilities participating in the Green Button
initiative.</OtherInformation></Objective><Objective><Name>Building Energy Efficiency</Name><Description>Include buildings in the DOE Building Performance Database.</Description><Identifier>_a4a1552a-a790-11e7-a7e8-955da0054364</Identifier><SequenceIndicator>1.7</SequenceIndicator><Stakeholder StakeholderTypeType="Generic_Group"><Name>Builders</Name><Description/></Stakeholder><Stakeholder StakeholderTypeType="Organization"><Name>DOE</Name><Description/></Stakeholder><OtherInformation>Number of buildings in the state included in the DOE Building Performance Database per 10,000 residents.</OtherInformation></Objective><Objective><Name>Government Information</Name><Description>Describe legal rights to and effective access to government information.</Description><Identifier>_a4a155f2-a790-11e7-a7e8-955da0054364</Identifier><SequenceIndicator>1.8</SequenceIndicator><Stakeholder StakeholderTypeType="Organization"><Name/><Description/></Stakeholder><OtherInformation>Public Access to Government Information -- 
A quantitative transformed measure of qualitative survey results describing legal
rights to and effective access to government information.</OtherInformation></Objective><Objective><Name>Anti-SLAPP Laws</Name><Description>Adopt laws prohibiting strategic lawsuits against public participation (SLAPPs).</Description><Identifier>_a4a156ba-a790-11e7-a7e8-955da0054364</Identifier><SequenceIndicator>1.9</SequenceIndicator><Stakeholder StakeholderTypeType="Organization"><Name/><Description/></Stakeholder><OtherInformation/></Objective></Goal><Goal><Name>Technology Platforms</Name><Description>Enable Key Technology Platforms</Description><Identifier>_a4a15796-a790-11e7-a7e8-955da0054364</Identifier><SequenceIndicator>2</SequenceIndicator><Stakeholder><Name/><Description/></Stakeholder><OtherInformation/><Objective><Name>Broadband </Name><Description>Increase the numbers of Internet users, households with broadband coverage,
and average connection speeds.</Description><Identifier>_a4a15868-a790-11e7-a7e8-955da0054364</Identifier><SequenceIndicator>2.1</SequenceIndicator><Stakeholder StakeholderTypeType="Organization"><Name/><Description/></Stakeholder><OtherInformation>A composite measure of Internet users, households with broadband coverage,
and average connection speeds.</OtherInformation></Objective><Objective><Name>Smart Meters</Name><Description>Increase the number of smart electricity usage meters.</Description><Identifier>_a4a1593a-a790-11e7-a7e8-955da0054364</Identifier><SequenceIndicator>2.2</SequenceIndicator><Stakeholder StakeholderTypeType="Organization"><Name/><Description/></Stakeholder><OtherInformation>The percent of electricity meters that are smart meters.</OtherInformation></Objective><Objective><Name>Transit Information Systems</Name><Description>Availability of machine-readable data on public transit systems.</Description><Identifier>_a4a15a20-a790-11e7-a7e8-955da0054364</Identifier><SequenceIndicator>2.3</SequenceIndicator><Stakeholder StakeholderTypeType="Organization"><Name/><Description/></Stakeholder><OtherInformation/></Objective><Objective><Name>Electronic Health Records</Name><Description>Use electronic health records.</Description><Identifier>_a4a15afc-a790-11e7-a7e8-955da0054364</Identifier><SequenceIndicator>2.4</SequenceIndicator><Stakeholder StakeholderTypeType="Organization"><Name>Physicians</Name><Description/></Stakeholder><Stakeholder StakeholderTypeType="Generic_Group"><Name>Hospitals</Name><Description/></Stakeholder><OtherInformation>The extent to which physicians and hospitals in a state use electronic health
records.</OtherInformation></Objective><Objective><Name>Wearables &amp; Smart TVs</Name><Description>Grow the numbers of wearables and smart TVs.</Description><Identifier>_a4a15f84-a790-11e7-a7e8-955da0054364</Identifier><SequenceIndicator>2.5</SequenceIndicator><Stakeholder StakeholderTypeType="Organization"><Name/><Description/></Stakeholder><OtherInformation>Internet of Things: Consumer Devices -- 
A composite score of wearables per 1,000 residents and smart TVs per
1,000 residents.</OtherInformation></Objective><Objective><Name>Open-Data Portals</Name><Description>Implement open-data portals and policies.</Description><Identifier>_a4a160ba-a790-11e7-a7e8-955da0054364</Identifier><SequenceIndicator>2.6</SequenceIndicator><Stakeholder StakeholderTypeType="Organization"><Name/><Description/></Stakeholder><OtherInformation>Whether the state has open-data portals and policies.</OtherInformation></Objective><Objective><Name>E-Government</Name><Description>Use digital technologies.</Description><Identifier>_a4a16196-a790-11e7-a7e8-955da0054364</Identifier><SequenceIndicator>2.7</SequenceIndicator><Stakeholder StakeholderTypeType="Generic_Group"><Name>State Governments</Name><Description/></Stakeholder><OtherInformation>A measure of the use of digital technologies by state governments.</OtherInformation></Objective></Goal><Goal><Name>Human &amp; Business Capital</Name><Description>Develop Human and Business Capital</Description><Identifier>_a4a16272-a790-11e7-a7e8-955da0054364</Identifier><SequenceIndicator>3</SequenceIndicator><Stakeholder><Name/><Description/></Stakeholder><OtherInformation/><Objective><Name>Computer Science &amp; Statistics</Name><Description>Increase the performance on statistics and computer science tests.</Description><Identifier>_a4a16358-a790-11e7-a7e8-955da0054364</Identifier><SequenceIndicator>3.1</SequenceIndicator><Stakeholder StakeholderTypeType="Generic_Group"><Name>AP Students</Name><Description/></Stakeholder><OtherInformation>Computer Science and Statistics AP Tests -- 
A composite score that combines the number of statistics and computer science
AP tests taken per 100 AP students and the average test result for statistics and
computer science AP tests.</OtherInformation></Objective><Objective><Name>STEM Degrees</Name><Description>Grow the number of science, technology, engineering, and math (STEM) higher-education degrees conferred.</Description><Identifier>_a4a1642a-a790-11e7-a7e8-955da0054364</Identifier><SequenceIndicator>3.2</SequenceIndicator><Stakeholder StakeholderTypeType="Generic_Group"><Name>STEM Graduates</Name><Description/></Stakeholder><OtherInformation>A weighted measure of science, technology, engineering, and math (STEM) higher-education degrees conferred as a share of population aged 18 to 34.</OtherInformation></Objective><Objective><Name>Software Service Jobs</Name><Description>Grow the number of people working as computer programmers, software developers, and computer and information systems managers.</Description><Identifier>_a4a16506-a790-11e7-a7e8-955da0054364</Identifier><SequenceIndicator>3.3</SequenceIndicator><Stakeholder StakeholderTypeType="Generic_Group"><Name>Computer Programmers</Name><Description/></Stakeholder><Stakeholder StakeholderTypeType="Generic_Group"><Name>Software Developers</Name><Description/></Stakeholder><Stakeholder StakeholderTypeType="Generic_Group"><Name>Computer Systems Managers</Name><Description/></Stakeholder><Stakeholder StakeholderTypeType="Generic_Group"><Name>Information Systems Managers</Name><Description/></Stakeholder><OtherInformation>Total number of people working as computer programmers, software developers, and computer and information systems managers as a share of total employment.</OtherInformation></Objective><Objective><Name>Statistics Jobs</Name><Description>Grow the number of people working as statisticians, actuaries, database
administrators, and operation research analysts.</Description><Identifier>_a4a16600-a790-11e7-a7e8-955da0054364</Identifier><SequenceIndicator>3.4</SequenceIndicator><Stakeholder StakeholderTypeType="Generic_Group"><Name>Statisticians</Name><Description/></Stakeholder><Stakeholder StakeholderTypeType="Generic_Group"><Name>Actuaries</Name><Description/></Stakeholder><Stakeholder StakeholderTypeType="Generic_Group"><Name>Database Administrators</Name><Description/></Stakeholder><Stakeholder StakeholderTypeType="Generic_Group"><Name>Operation Research Analysts</Name><Description/></Stakeholder><OtherInformation>Total number of people working as statisticians, actuaries, database
administrators, and operation research analysts as a share of total employment.</OtherInformation></Objective><Objective><Name>Data Science Jobs</Name><Description>Grow the number of jobs for data scientists.</Description><Identifier>_a4a166e6-a790-11e7-a7e8-955da0054364</Identifier><SequenceIndicator>3.5</SequenceIndicator><Stakeholder StakeholderTypeType="Generic_Group"><Name>Data Scientists</Name><Description/></Stakeholder><Stakeholder StakeholderTypeType="Generic_Group"><Name>Employers</Name><Description/></Stakeholder><OtherInformation>Data Science Job Listings -- Number of job postings for data scientists as a share of total posted job listings.</OtherInformation></Objective><Objective><Name>Open Data Companies</Name><Description>Grow the number of Open Data companies.</Description><Identifier>_a4a167cc-a790-11e7-a7e8-955da0054364</Identifier><SequenceIndicator>3.6</SequenceIndicator><Stakeholder StakeholderTypeType="Organization"><Name>Open Data Companies</Name><Description/></Stakeholder><OtherInformation>Open Data 500 Companies -- The number of Open Data 500 companies per 10,000 firms.</OtherInformation></Objective><Objective><Name>Information &amp; Data-Processing</Name><Description>Grow the economic output of the information and data-processing industry.</Description><Identifier>_a4a168e4-a790-11e7-a7e8-955da0054364</Identifier><SequenceIndicator>3.7</SequenceIndicator><Stakeholder StakeholderTypeType="Organization"><Name>Information &amp; Data-Processing Sector</Name><Description/></Stakeholder><OtherInformation>Information and Data-Processing Sector -- 
The economic output of the information and data-processing industry as a share
of total economic output.</OtherInformation></Objective><Objective><Name>Data Science R&amp;D</Name><Description>Obtain NSF data-science R&amp;D awards.</Description><Identifier>_a4a169de-a790-11e7-a7e8-955da0054364</Identifier><SequenceIndicator>3.8</SequenceIndicator><Stakeholder StakeholderTypeType="Organization"><Name>National Science Foundation</Name><Description/></Stakeholder><Stakeholder StakeholderTypeType="Generic_Group"><Name>Data Scientists</Name><Description/></Stakeholder><Stakeholder StakeholderTypeType="Generic_Group"><Name>Universities</Name><Description/></Stakeholder><OtherInformation>Federal Funding for Data Science R&amp;D --
National Science Foundation data-science R&amp;D awards as a share of federal R&amp;D funding for universities.</OtherInformation></Objective><Objective><Name>Data Science Community</Name><Description>Facilitate membership in data-related Meetup groups.</Description><Identifier>_a4a16ad8-a790-11e7-a7e8-955da0054364</Identifier><SequenceIndicator>3.9</SequenceIndicator><Stakeholder StakeholderTypeType="Generic_Group"><Name>Data Science Community</Name><Description/></Stakeholder><OtherInformation>Data Science Community -- Average membership in data-related Meetup groups.</OtherInformation></Objective></Goal></StrategicPlanCore><AdministrativeInformation><PublicationDate>2017-10-02</PublicationDate><Source>http://www2.datainnovation.org/2017-best-states-data.pdf</Source><Submitter><GivenName>Owen</GivenName><Surname>Ambur</Surname><PhoneNumber/><EmailAddress>Owen.Ambur@verizon.net</EmailAddress></Submitter></AdministrativeInformation></StrategicPlan>