<?xml version="1.0" encoding="UTF-8"?>
<StrategicPlan xmlns="urn:ISO:std:iso:17469:tech:xsd:stratml_core" xmlns:xsi="http://www.w3.org/2001/XMLSchema-instance" xsi:schemaLocation="urn:ISO:std:iso:17469:tech:xsd:stratml_core http://xml.govwebs.net/stratml/references/StrategicPlanISOVersion20140401.xsd"><Name>Business Strategy: 7 Principles Every Leader Should Know!</Name><Description>Here's a list of 7 things I believe every leader should know about strategy and business strategy principles.</Description><OtherInformation>Business strategy is a cool word. People like to use it. It leaves a good impression with your audience when you talk about ‘strategy‘.

But strategy is probably the most over and misused word in business. And I often have the impression that the more someone uses the word 'strategy' in a conversation, the less they know about the subject.

Most people who use it don't really know what strategy is all about or don't understand the important underlying business strategy principles.

This mini guide about business strategy wants to change that.</OtherInformation><StrategicPlanCore><Organization><Name>Jeroen De Flander</Name><Acronym>JDF</Acronym><Identifier>_0f66638a-ae6f-11e6-bb32-9bf39e0319fd</Identifier><Description/><Stakeholder StakeholderTypeType="Generic_Group"><Name>Business Leaders</Name><Description/></Stakeholder></Organization><Vision><Description>... every business leader knows these principles</Description><Identifier>_0f6664c0-ae6f-11e6-bb32-9bf39e0319fd</Identifier></Vision><Mission><Description>To document strategy principles </Description><Identifier>_0f66657e-ae6f-11e6-bb32-9bf39e0319fd</Identifier></Mission><Value><Name/><Description/></Value><Goal><Name>Uniqueness</Name><Description>Compete to be unique, not to be the best</Description><Identifier>_0f6666aa-ae6f-11e6-bb32-9bf39e0319fd</Identifier><SequenceIndicator>1</SequenceIndicator><Stakeholder><Name/><Description/></Stakeholder><OtherInformation>Business Strategy = compete to be unique, not to be the best.

Strategy is not about being the best, but about being unique. Competing to be the best in business is one of the major misconceptions about strategy.

And if you only remember one tip from this list, it should be this one. Many leaders compare competition in business with the world of sports. There can only be one winner. But competing in business is more complex. There can be several winners. It does not have to be a zero sum game -- you win, I lose or vice versa.

Within a single industry, you can have several companies beating the industry average, each with a distinctive, different strategy. They are no direct threat to each other. There can be several winners. So the worst possible approach to strategy is to seek out the biggest player in the industry and try to copy everything they do.</OtherInformation><Objective><Name/><Description/><Identifier>_0f666754-ae6f-11e6-bb32-9bf39e0319fd</Identifier><SequenceIndicator/><Stakeholder><Name/><Description/></Stakeholder><OtherInformation/></Objective></Goal><Goal><Name>Profit</Name><Description>Compete for profit.</Description><Identifier>_0f6667f4-ae6f-11e6-bb32-9bf39e0319fd</Identifier><SequenceIndicator>2</SequenceIndicator><Stakeholder><Name/><Description/></Stakeholder><OtherInformation>Business Strategy = compete for profit.

Business is not about having the largest market share or about growing fast. It's about making money.

'I want to grow my business' is not a business strategy. 'I want to grow my business' is the same as saying, 'I want to be rich'.

Those things (unfortunately) don't happen by themselves. Growing is not a strategy, it's a consequence. When someone includes growth in their strategy, there should be an orange light starting to blink.</OtherInformation><Objective><Name>Growth Platforms</Name><Description>Look for growth platforms.</Description><Identifier>_0f666894-ae6f-11e6-bb32-9bf39e0319fd</Identifier><SequenceIndicator>2.1</SequenceIndicator><Stakeholder><Name/><Description/></Stakeholder><OtherInformation>That does not mean that you cannot use the word 'growth'. I use it a lot in the analysis phase -- for example, when you talk about growth areas of the business or when you look for growth platforms -- areas where you can reach potential that will give you additional profit.</OtherInformation></Objective></Goal><Goal><Name>Industry</Name><Description>Know your industry before you develop your business strategy.</Description><Identifier>_0f666934-ae6f-11e6-bb32-9bf39e0319fd</Identifier><SequenceIndicator>3</SequenceIndicator><Stakeholder><Name/><Description/></Stakeholder><OtherInformation>A company is not an island -- it's part of a larger ecosystem, an industry. Each industry has its own characteristics, its own structure. This structure and the relative position your company has within the industry determines profitability. Certain industries have a higher return than others.

Your thinking about the industry and industry competition will determine your thinking about your strategy -- how you are going to compete within the industry.</OtherInformation><Objective><Name>Returns</Name><Description>Determine elements that will make you stand out, be unique and reap a higher average return than the industry average.</Description><Identifier>_0f6669de-ae6f-11e6-bb32-9bf39e0319fd</Identifier><SequenceIndicator>3.1</SequenceIndicator><Stakeholder><Name/><Description/></Stakeholder><OtherInformation>The better you know and understand the industry, the better you will be able to determine elements that will make you stand out, be unique and reap a higher average return than the industry average.</OtherInformation></Objective></Goal><Goal><Name>Clients &amp; Methods</Name><Description>Choose WHO you are going to serve and HOW you are going to serve them.
</Description><Identifier>_0f666a92-ae6f-11e6-bb32-9bf39e0319fd</Identifier><SequenceIndicator>4</SequenceIndicator><Stakeholder><Name/><Description/></Stakeholder><OtherInformation>Business Strategy = Choice.

In my eyes, this is the most simple strategy definition. You need a clear choice of WHO you are going to serve and a clear choice of HOW you are going to serve those clients.</OtherInformation><Objective><Name>Value Proposition</Name><Description>Connect the outside world with your company.</Description><Identifier>_0f666b50-ae6f-11e6-bb32-9bf39e0319fd</Identifier><SequenceIndicator>4.1</SequenceIndicator><Stakeholder><Name/><Description/></Stakeholder><OtherInformation>It's about connecting the outside world -- the demand side -- with your company -- the supply side. Or in fancy terms: you need a value proposition for a specific customer segment and to develop unique activities in the value chain to serve them.

The key word is 'choice'.</OtherInformation></Objective><Objective><Name>Value Chain</Name><Description>Tailor your value chain to your value proposition.</Description><Identifier>_0f666c0e-ae6f-11e6-bb32-9bf39e0319fd</Identifier><SequenceIndicator>4.2</SequenceIndicator><Stakeholder><Name/><Description/></Stakeholder><OtherInformation>You cannot be everything to everybody. You want to target a limited segment of potential buyers with the same needs. Next, you are going to tailor your activities in such a way that they meet these needs.

Or in fancy terms: you want to tailor your value chain -- your company's activities -- to your value proposition. Strategic innovation is the process to make those choices -- defining a new who and how for the organization.</OtherInformation></Objective></Goal><Goal><Name>Noes</Name><Description>Choose what not to do.</Description><Identifier>_0f666cc2-ae6f-11e6-bb32-9bf39e0319fd</Identifier><SequenceIndicator>5</SequenceIndicator><Stakeholder><Name/><Description/></Stakeholder><OtherInformation>A good business strategy requires you to say NO often.

If you have clearly defined what you go for -- a clear value proposition for a specific client segment (who) and a set of distinct, unique activities in your value chain to offer the needs of this client group (what), you will find out that there are lots of things that you are not going to do.

There will be customers that you are not going to serve, activities that you are not going to perform and services/products that you will not be offering.

In strategy, choosing what not to do is equally important.

Using the words of the founding father of modern strategy thinking, Michael Porter: "The essence of strategy is choosing what not to do".

Each business strategy should also have a section where it clearly states the noes.</OtherInformation><Objective><Name/><Description/><Identifier>_0f666df8-ae6f-11e6-bb32-9bf39e0319fd</Identifier><SequenceIndicator/><Stakeholder><Name/><Description/></Stakeholder><OtherInformation/></Objective></Goal><Goal><Name>Evolution</Name><Description>Keep moving.</Description><Identifier>_0f666eb6-ae6f-11e6-bb32-9bf39e0319fd</Identifier><SequenceIndicator>6</SequenceIndicator><Stakeholder><Name/><Description/></Stakeholder><OtherInformation>A good business strategy requires you to keep moving.</OtherInformation><Objective><Name>Prediction</Name><Description>Predict evolutions and trends.</Description><Identifier>_0f666f74-ae6f-11e6-bb32-9bf39e0319fd</Identifier><SequenceIndicator>6.1</SequenceIndicator><Stakeholder><Name/><Description/></Stakeholder><OtherInformation>Having a good business strategy means that you have arrived. Competitors move, customers' needs and behaviors change, technology evolves. One crucial element to determine a future path for your company is to predict these evolutions and trends and incorporate this thinking into the business strategy-building process.

If you don't, you can miss out on new value that is created in the industry or even left behind and get into trouble.

Think about the smart phone and Nokia and you'll understand.</OtherInformation></Objective><Objective><Name>Changes &amp; Trends</Name><Description>Incorporate changes and trends into the business strategy-building process.</Description><Identifier>_0f66703c-ae6f-11e6-bb32-9bf39e0319fd</Identifier><SequenceIndicator>6.2</SequenceIndicator><Stakeholder><Name/><Description/></Stakeholder><OtherInformation/></Objective></Goal><Goal><Name>Scenarios</Name><Description>Turn data into assumptions to fuel your reflection process.</Description><Identifier>_0f6670fa-ae6f-11e6-bb32-9bf39e0319fd</Identifier><SequenceIndicator>7</SequenceIndicator><Stakeholder StakeholderTypeType="Generic_Group"><Name>Leaders</Name><Description>Every leader should at least master the basics so that they don't need a strategy consultant for every reflection process or at least to help them challenge the scenario models that the strategy consultant presents.</Description></Stakeholder><OtherInformation>Scenario thinking is an important business strategy tool.

The last one of the business strategy principles is not the least important. I don't have to tell you that facts and figures can only go so far. You need to turn data into assumptions that will fuel your reflection process. The standard way to work with assumptions in a structured way is by scenario thinking -- fix some parameters and let other vary.

This technique helps your reflection process by offering you possible future routes (read: strategic options) for the company.

I believe that scenario thinking is a crucial skill for anyone who wants to deal with business strategy.</OtherInformation><Objective><Name/><Description/><Identifier>_0f6671b8-ae6f-11e6-bb32-9bf39e0319fd</Identifier><SequenceIndicator/><Stakeholder><Name/><Description/></Stakeholder><OtherInformation/></Objective></Goal></StrategicPlanCore><AdministrativeInformation><StartDate>2016-08-05</StartDate><PublicationDate>2016-11-19</PublicationDate><Source>https://jeroen-de-flander.com/business-strategy-principles/</Source><Submitter><GivenName>Owen</GivenName><Surname>Ambur</Surname><PhoneNumber/><EmailAddress>Owen.Ambur@verizon.net</EmailAddress></Submitter></AdministrativeInformation></StrategicPlan>