<?xml version="1.0" encoding="UTF-8"?>
<StrategicPlan xsi:schemaLocation="http://www.stratml.net  http://xml.gov/stratml/references/StrategicPlan.xsd" xmlns:xsi="http://www.w3.org/2001/XMLSchema-instance" xmlns="http://www.stratml.net"><Name>National Council Strategic Plan 2011 - 2015</Name><Description></Description><OtherInformation></OtherInformation><StrategicPlanCore><Organization><Name>Boy Scouts of America</Name><Acronym>BSA</Acronym><Identifier>_f26a42e0-a043-4b18-a221-3c4a9c5881ab</Identifier><Description></Description><Stakeholder><Name>Robert J. Mazzuca</Name><Description>Chief Scout Executive</Description></Stakeholder><Stakeholder><Name>Steven E. Weekes</Name><Description>Chairman, Strategic Planning Steering Committee</Description></Stakeholder></Organization><Vision><Description>The Boy Scouts of America will prepare every eligible youth in America to become a responsible, participating citizen and leader who is guided by the Scout Oath and Law.</Description><Identifier>_68a2ac53-351a-4674-bc3b-a56b8255a424</Identifier></Vision><Mission><Description>Designed Future Statement -- In Scouting&#8217;s second century, we are building the leaders of tomorrow. Scouting&#8217;s dynamic and engaging journey beckons to America&#8217;s young people. Our exciting programs and outdoor adventures inspire lives of leadership, character, and service. Relevant and adaptive, we are a trusted advocate for youth. Our adult volunteers and employees are widely admired for their leadership excellence. The Boy Scouts of America is strong and financially secure. True to our mission, Scouting reflects our nation in its ethnic diversity, and shapes our nation by developing responsible citizens.</Description><Identifier>_bbe1f1a6-4fc8-11e2-b661-0f05d9234389</Identifier></Mission><Value><Name>The Scout Oath</Name><Description>On my honor, I will do my best to do my duty to God and my Country and to obey the Scout Law; to help other people at all times; to keep myself physically strong, mentally awake, and morally straight.</Description></Value><Value><Name>The Scout Law</Name><Description>A Scout is trustworthy, loyal, helpful, friendly, courteous, kind, obedient, cheerful, thrifty, brave, clean, and reverent.</Description></Value><Value><Name>Trustworthiness</Name><Description></Description></Value><Value><Name>Loyalty</Name><Description></Description></Value><Value><Name>Helpfulness</Name><Description></Description></Value><Value><Name>Friendliness</Name><Description></Description></Value><Value><Name>Courtesy</Name><Description></Description></Value><Value><Name>Kindness</Name><Description></Description></Value><Value><Name>Obedience</Name><Description></Description></Value><Value><Name>Cheerfulness</Name><Description></Description></Value><Value><Name>Thriftiness</Name><Description></Description></Value><Value><Name>Bravery</Name><Description></Description></Value><Value><Name>Cleanliness</Name><Description></Description></Value><Value><Name>Reverence</Name><Description></Description></Value><Goal><Name>IMPACT &amp; PARTICIPATION</Name><Description>Scouting&#8217;s programs reach and make a life-changing difference with kids of all backgrounds and communities.</Description><Identifier>_bbe1f5d4-4fc8-11e2-b661-0f05d9234389</Identifier><SequenceIndicator>Strategic Pillar I</SequenceIndicator><Stakeholder><Name></Name><Description></Description></Stakeholder><OtherInformation></OtherInformation><Objective><Name>Impact</Name><Description>The BSA measures its success by the increase in the positive, difference-making impact it has in the lives of youth.</Description><Identifier>_bbe1f71e-4fc8-11e2-b661-0f05d9234389</Identifier><SequenceIndicator>I.I</SequenceIndicator><Stakeholder><Name>Youth</Name><Description></Description></Stakeholder><OtherInformation>Specific Goals: 1. We have developed a new definition of success, including a set of clear, measurable outcomes for the Scouting program, and have implemented new metrics for assessing the performance of BSA employees and volunteers. [May 2012] 2. In coordination with our councils, we have newly defined success for units, districts, and councils using a balanced scorecard approach that measures mission impact, customer satisfaction, and financial sustainability. [December 2013] 3. We have developed and introduced a communication structure for both gathering and disseminating to our membership insightful and useful feedback and information from our chartered organizations and key community institutions (e.g., schools and churches) about how and where Scouting can best support the needs of the youth and communities it serves. [December 2012]</OtherInformation></Objective><Objective><Name>Outcome Metrics</Name><Description>Develop new metrics for measuring the outcomes of Scouting in youth, families, and communities.</Description><Identifier>_bbe1f930-4fc8-11e2-b661-0f05d9234389</Identifier><SequenceIndicator>Strategy I.I.I</SequenceIndicator><Stakeholder><Name>Youth</Name><Description></Description></Stakeholder><Stakeholder><Name>Families</Name><Description></Description></Stakeholder><Stakeholder><Name>Communities</Name><Description></Description></Stakeholder><OtherInformation></OtherInformation></Objective><Objective><Name>Articulation</Name><Description>Articulate our new focus on Scouting outcomes to our membership, employees, and the public.</Description><Identifier>_bbe1fa3e-4fc8-11e2-b661-0f05d9234389</Identifier><SequenceIndicator>Strategy I.I.II</SequenceIndicator><Stakeholder><Name>BSA Members</Name><Description></Description></Stakeholder><Stakeholder><Name>BSA Employees</Name><Description></Description></Stakeholder><Stakeholder><Name>The Public</Name><Description></Description></Stakeholder><OtherInformation></OtherInformation></Objective><Objective><Name>Recognition &amp; Rewards</Name><Description>Revise recognition and reward programs to reflect our new focus on Scouting outcomes.</Description><Identifier>_bbe1fb2e-4fc8-11e2-b661-0f05d9234389</Identifier><SequenceIndicator>Strategy I.I.III</SequenceIndicator><Stakeholder><Name></Name><Description></Description></Stakeholder><OtherInformation></OtherInformation></Objective><Objective><Name>Market Share</Name><Description>The BSA has increased its market share at all levels (unit, district, council, and national) through a robust and comprehensive approach to diversity and inclusion of minorities, women, and other underserved groups.</Description><Identifier>_bbe1fc28-4fc8-11e2-b661-0f05d9234389</Identifier><SequenceIndicator>I.II</SequenceIndicator><Stakeholder><Name>Minorities</Name><Description></Description></Stakeholder><Stakeholder><Name>Women</Name><Description></Description></Stakeholder><Stakeholder><Name>Underserved Groups</Name><Description></Description></Stakeholder><OtherInformation>Specific Goals: 1. We have implemented a tracking system for more effectively measuring ethnic and other desired demographics of BSA youth membership, and have established appropriate benchmarks for minimum and desired performance at the local, council, and national levels. [December 2011] 2. We have recruited ethnically diverse, qualified, and committed individuals in proportion to our demographics onto the National Executive Board and regional boards, thereby providing a model for local councils. This effort provides better representation of our intended BSA membership. [May 2012] 3. In partnership with our councils, we have developed and implemented strategies, including market segmentation, to increase market share in councils with high minority representation, specifically focusing on African American, Asian, and Hispanic youth and adults. After establishing a baseline by developing demographic tracking capability in ScoutNet, we have achieved four years of increasing market share in each of these target minority groups, beginning in 2012. [December 2012] 4. We have altered BSA professional employee personnel evaluations, development, and recognitions to include ethnic membership diversification as a key metric for each council. [December 2012]</OtherInformation></Objective><Objective><Name>Ethnic Diversification</Name><Description>Incorporate ethnic diversification of our membership into the BSA definition of success.</Description><Identifier>_bbe1fd22-4fc8-11e2-b661-0f05d9234389</Identifier><SequenceIndicator>Strategy I.II.I</SequenceIndicator><Stakeholder><Name></Name><Description></Description></Stakeholder><OtherInformation></OtherInformation></Objective><Objective><Name>Geographical Areas</Name><Description>Ensure that the National Executive Board and local council executive boards reflect the ethnic diversity of the geographical areas they serve.</Description><Identifier>_bbe1fe12-4fc8-11e2-b661-0f05d9234389</Identifier><SequenceIndicator>Strategy I.II.II</SequenceIndicator><Stakeholder><Name></Name><Description></Description></Stakeholder><OtherInformation></OtherInformation></Objective><Objective><Name>Ethnic Market Share</Name><Description>Clearly identify our ethnic market share in all communities and seek to increase that market share.</Description><Identifier>_bbe1ff02-4fc8-11e2-b661-0f05d9234389</Identifier><SequenceIndicator>Strategy I.II.III</SequenceIndicator><Stakeholder><Name></Name><Description></Description></Stakeholder><OtherInformation></OtherInformation></Objective><Objective><Name>Net Membership</Name><Description>The BSA has increased its net membership by retaining youth in the Scouting program longer.</Description><Identifier>_bbe1fffc-4fc8-11e2-b661-0f05d9234389</Identifier><SequenceIndicator>I.III</SequenceIndicator><Stakeholder><Name></Name><Description></Description></Stakeholder><OtherInformation>Specific Goals: 1. We have provided volunteers and youth-serving executives with new, innovative, and reliable measurement tools, strategies, reward systems, and resources to support individual units in increasing member retention from year to year. [December 2011] 2. The retention rate of BSA youth membership has increased to 75 percent from 69.5 percent in 2008. [December 2015] 3. We have developed and introduced a new comprehensive leader selection and support process that focuses on positively impacting the first year of a new member&#8217;s experiences. [June 2012] 4. We have transformed the membership registration and transition process so that individuals within the same council may move seamlessly between Cub Scouts, Boy Scouts, and/or Venturing without having to reregister when they change programs. [December 2013]</OtherInformation></Objective><Objective><Name>Drivers</Name><Description>Determine the drivers of retention.</Description><Identifier>_bbe200ec-4fc8-11e2-b661-0f05d9234389</Identifier><SequenceIndicator>Strategy I.III.I</SequenceIndicator><Stakeholder><Name></Name><Description></Description></Stakeholder><OtherInformation></OtherInformation></Objective><Objective><Name>Registration &amp; Transition</Name><Description>Streamline the registration and transition process to facilitate long-term participation.</Description><Identifier>_bbe201f0-4fc8-11e2-b661-0f05d9234389</Identifier><SequenceIndicator>Strategy I.III.II</SequenceIndicator><Stakeholder><Name></Name><Description></Description></Stakeholder><OtherInformation></OtherInformation></Objective><Objective><Name>Processes, Tools &amp; Rewards</Name><Description>Evaluate retention processes and tools, and reward actions that encourage youth and adult retention.</Description><Identifier>_bbe20308-4fc8-11e2-b661-0f05d9234389</Identifier><SequenceIndicator>Strategy I.III.III</SequenceIndicator><Stakeholder><Name></Name><Description></Description></Stakeholder><OtherInformation></OtherInformation></Objective><Objective><Name>Recruiting</Name><Description>The BSA has introduced more comprehensive national recruiting strategies, bringing in an increased number of youth to participate in the dynamic and exciting programs of Scouting.</Description><Identifier>_bbe20402-4fc8-11e2-b661-0f05d9234389</Identifier><SequenceIndicator>I.IV</SequenceIndicator><Stakeholder><Name></Name><Description></Description></Stakeholder><OtherInformation>Specific Goals: 1. In cooperation with others, we have completed a thorough best-practices assessment of reliable youth and adult recruitment practices in the BSA and in other nonprofit youth-serving organizations, and have shared the results with local councils. [December 2011] 2. We have designed and implemented across the organization a new, volunteer-led youth recruitment and recognition strategy for Cub Scout-age youth, focusing particular attention on providing strong program support during the first year of membership. [May 2012] 3. We have developed and introduced relevant and impactful metrics for measuring, evaluating, and recognizing membership growth, accounting for council-specific demographics, current market share, and other environmental factors. [January 2011] 4. We have enabled and simplified youth and volunteer recruiting at all levels using the Internet and other advanced technological methods and tools. [May 2011] 5. We have increased total BSA youth enrollment (Cub Scouting, Boy Scouting, and Venturing) by 500,000 members, going from the 2009 level of 2,790,632 to 3,290,632. [December 2015]</OtherInformation></Objective><Objective><Name>Strategies</Name><Description>Employ new comprehensive national recruiting strategies.</Description><Identifier>_bbe204fc-4fc8-11e2-b661-0f05d9234389</Identifier><SequenceIndicator>Strategy I.IV.I</SequenceIndicator><Stakeholder><Name></Name><Description></Description></Stakeholder><OtherInformation></OtherInformation></Objective><Objective><Name>Customer Interests, Needs &amp; Wants</Name><Description>Match BSA recruitment strategies to the interests, needs, and wants of our customers (parents and families) and consumers (youth).</Description><Identifier>_bbe2061e-4fc8-11e2-b661-0f05d9234389</Identifier><SequenceIndicator>Strategy I.IV.II</SequenceIndicator><Stakeholder><Name>Parents</Name><Description>Customers</Description></Stakeholder><Stakeholder><Name>Families</Name><Description>Customers</Description></Stakeholder><Stakeholder><Name>Youth</Name><Description>Consumers</Description></Stakeholder><OtherInformation></OtherInformation></Objective><Objective><Name>Culture</Name><Description>Create a culture of volunteers recruiting youth.</Description><Identifier>_bbe2072c-4fc8-11e2-b661-0f05d9234389</Identifier><SequenceIndicator>Strategy I.IV.III</SequenceIndicator><Stakeholder><Name>Volunteers</Name><Description></Description></Stakeholder><OtherInformation></OtherInformation></Objective><Objective><Name>Performance Assessment</Name><Description>Councils and units have tools and metrics to effectively assess their performance against the BSA&#8217;s commitment to positively impact youth and adults and to deliver tangible outcomes as a result of their being in Scouting programs.</Description><Identifier>_bbe20844-4fc8-11e2-b661-0f05d9234389</Identifier><SequenceIndicator>I.V</SequenceIndicator><Stakeholder><Name>Boy Scout Councils</Name><Description></Description></Stakeholder><OtherInformation>Specific Goals: 1. We have fully implemented the Council Strategic Management Program across the organization so that all councils are focusing on the standard key performance indicators, utilizing the strategic planning tools and processes, and receiving system-wide level three services, where appropriate, from national personnel as well as local councils.* [December 2011] * A level three service delivery model is designed to allocate levels of service in direct proportion to key indicator performance levels. For example, in the traditional approach to commissioner service, each district is expected to have one commissioner for every three units, or a 1:3 ratio. Under a level three service model, a district might have a ratio as low as 1:1 for its lowest performing units and as high as 1:10 for its highest performing units. 2. We have developed and introduced a new recognition system for measuring effective and excellent performance at the unit, district, council, and national levels that ties councils and council leadership performance directly to the key performance indicators of the Council Strategic Management Program. [May 2012] 3. We have developed and introduced a unit health measurement tool for unit leaders, unit commissioners, and/or youth-serving executives to assess a unit&#8217;s strengths, weaknesses, opportunities for growth, and threats to long-term viability, including elements such as unit program planning and execution, meeting quality, the percentage of adult leaders trained, and the ratio of older to younger boys. [May 2013] 4. We have enhanced the possibility for units to succeed by ensuring they are receiving the necessary support from highly effective councils. Alternative and/or new council business models are being utilized when necessary. [December 2012]</OtherInformation></Objective><Objective><Name>Management Information &amp; Tools</Name><Description>Support local council leadership with management information and tools they need to drive the success of the BSA.</Description><Identifier>_bbe209ac-4fc8-11e2-b661-0f05d9234389</Identifier><SequenceIndicator>Strategy I.V.I</SequenceIndicator><Stakeholder><Name></Name><Description></Description></Stakeholder><OtherInformation></OtherInformation></Objective><Objective><Name>Effectiveness</Name><Description>Ensure that all councils are highly effective in support of their units.</Description><Identifier>_bbe20ae2-4fc8-11e2-b661-0f05d9234389</Identifier><SequenceIndicator>Strategy I.V.II</SequenceIndicator><Stakeholder><Name></Name><Description></Description></Stakeholder><OtherInformation></OtherInformation></Objective></Goal><Goal><Name>RESOURCES &amp; FINANCES</Name><Description>The Boy Scouts of America is financially sound at all levels of the organization through a balanced funding model. Funding is not a barrier to providing programs that fulfill our mission.</Description><Identifier>_bbe20c0e-4fc8-11e2-b661-0f05d9234389</Identifier><SequenceIndicator>Strategic Pillar II</SequenceIndicator><Stakeholder><Name></Name><Description></Description></Stakeholder><OtherInformation></OtherInformation><Objective><Name>Financial Security</Name><Description>The BSA is financially secure at all levels due to robust and sustainable funding models that address the current and future needs of all operating, capital, and endowment funds.</Description><Identifier>_bbe20d58-4fc8-11e2-b661-0f05d9234389</Identifier><SequenceIndicator>II.I</SequenceIndicator><Stakeholder><Name></Name><Description></Description></Stakeholder><OtherInformation>Specific Goals: 1. The National Council and each local council are financially stable with balanced budgets, appropriate cost structures, and additional funding models. [December 2015] 2. Each local council has completed a business plan performance assessment using the national guidelines for council business plan performance as one important metric. [June 2012] 3. We have developed operating performance guidelines, along with &#8220;boots on the ground&#8221; support, to help council and area management develop and evaluate council business plan performance from a local, market-driven perspective. [September 2011] 4. We have developed and rolled out a new five-year major gifts emphasis (including endowment) that includes trained staff and vice presidents of major giving at both the council and area levels. [June 2011] 5. All councils have participated in a self-assessment to evaluate their current business models. The self-assessment includes conversations with neighboring councils about financial strength and potential boundary realignments, mergers, and/or sharing services. [December 2013]</OtherInformation></Objective><Objective><Name>Operating Funds</Name><Description>Identify and access additional diverse and sustainable sources of operating funds to avoid over reliance on any particular source. Evaluate key financial performance indicators from each council, using analysis to identify necessary resources for 2011&#8211;2015.</Description><Identifier>_bbe20e84-4fc8-11e2-b661-0f05d9234389</Identifier><SequenceIndicator>Strategy II.I.I</SequenceIndicator><Stakeholder><Name></Name><Description></Description></Stakeholder><OtherInformation></OtherInformation></Objective><Objective><Name>Endowment Funds</Name><Description>Define expectations for and provide local councils with resources and support to build endowment funds so endowment earnings may contribute significantly to annual council operating budgets.</Description><Identifier>_bbe20fba-4fc8-11e2-b661-0f05d9234389</Identifier><SequenceIndicator>Strategy II.I.II</SequenceIndicator><Stakeholder><Name></Name><Description></Description></Stakeholder><OtherInformation></OtherInformation></Objective><Objective><Name>Resources</Name><Description>The BSA smartly and effectively manages and leverages its resources (e.g., property, facilities, finances, members, and intellectual property) to provide local councils and the National Council with new avenues for revenue growth and operating cost containment.</Description><Identifier>_bbe21118-4fc8-11e2-b661-0f05d9234389</Identifier><SequenceIndicator>II.II</SequenceIndicator><Stakeholder><Name></Name><Description></Description></Stakeholder><OtherInformation>Specific Goals: 1. The National Council, in frequent partnership with local councils, has raised $500 million. Those funds are being used to develop The Summit: Bechtel Family National Scout Reserve and to support national initiatives to increase local council growth capacity. [December 2015] 2. The National Council has engaged in revenue and funding ventures that include intellectual property, BSA products, image placement, and icon campaigns. Local councils are significant beneficiaries of the funds generated. [December 2013] 3. The National Council has piloted and delivered a useful model for exploiting economies of scale and/or the use of shared services to reduce individual council expenses. [June 2012] 4. The National Supply Group continues to develop local, market-driven resource toolkits for helping council Scout shops maximize revenue opportunities, and is providing support and coaching for council retail operations. Eligible councils whose Scout shop operations do not produce at least an 8 percent return on net sales have been given an opportunity to become national Scout shop operations (to the extent that National Council resources are available). [December 2011] 5. Where appropriate, councils have had the opportunity to talk with a representative from the BSA Treasury Department about the advantages of involvement with the Endowment Limited Partnership. [June 2012]</OtherInformation></Objective><Objective><Name>Revenue &amp; Partnerships</Name><Description>In collaboration with local councils, leverage our relationships and intellectual property for new avenues of revenue generation and/or civic and community partnerships.</Description><Identifier>_bbe21262-4fc8-11e2-b661-0f05d9234389</Identifier><SequenceIndicator>Strategy II.II.I</SequenceIndicator><Stakeholder><Name></Name><Description></Description></Stakeholder><OtherInformation></OtherInformation></Objective><Objective><Name>Cooperative Purchasing</Name><Description>Exploit economies of scale through cooperative purchasing.</Description><Identifier>_bbe213a2-4fc8-11e2-b661-0f05d9234389</Identifier><SequenceIndicator>Strategy II.II.II</SequenceIndicator><Stakeholder><Name></Name><Description></Description></Stakeholder><OtherInformation></OtherInformation></Objective><Objective><Name>Shared Services</Name><Description>Provide specialized shared-service models for use across council boundaries (e.g., special events, camping, activities, and production within a defined area).</Description><Identifier>_bbe21514-4fc8-11e2-b661-0f05d9234389</Identifier><SequenceIndicator>Strategy II.II.III</SequenceIndicator><Stakeholder><Name></Name><Description></Description></Stakeholder><OtherInformation></OtherInformation></Objective><Objective><Name>Stewardship, Governance &amp; Transparency</Name><Description>The BSA is committed to the highest standards of stewardship, governance, and transparency.</Description><Identifier>_bbe2165e-4fc8-11e2-b661-0f05d9234389</Identifier><SequenceIndicator>II.III</SequenceIndicator><Stakeholder><Name></Name><Description></Description></Stakeholder><OtherInformation>Specific Goals: 1. Each council executive board has established an audit committee that is in compliance with guidelines outlined in the AICPA Audit Committee Charter Matrix and that includes at least one member who is a trained and experienced professional accountant. [December 2011] 2. Each council executive board has an investment or portfolio committee chair who is experienced in modern portfolio management. [December 2011] 3. The National Council has implemented an enterprise risk management program by December 2011, and we have created a framework for local council development of enterprise risk management fundamentals. [December 2012] 4. We have developed a comprehensive board governance and financial management training opportunity for top volunteer and professional leadership at all levels of the organization. [December 2013]</OtherInformation></Objective><Objective><Name>Personnel</Name><Description>Ensure that council executive boards have the personnel capacity to help their councils succeed.</Description><Identifier>_bbe217b2-4fc8-11e2-b661-0f05d9234389</Identifier><SequenceIndicator>Strategy II.III.I</SequenceIndicator><Stakeholder><Name></Name><Description></Description></Stakeholder><OtherInformation></OtherInformation></Objective><Objective><Name>Risk Management</Name><Description>Ensure that all councils embrace an enterprise risk management methodology.</Description><Identifier>_bbe21942-4fc8-11e2-b661-0f05d9234389</Identifier><SequenceIndicator>Strategy II.III.II</SequenceIndicator><Stakeholder><Name></Name><Description></Description></Stakeholder><OtherInformation></OtherInformation></Objective><Objective><Name>Understanding &amp; Training</Name><Description>Enhance governance understanding and financial management training throughout the organization.</Description><Identifier>_bbe21b9a-4fc8-11e2-b661-0f05d9234389</Identifier><SequenceIndicator>Strategy II.III.III</SequenceIndicator><Stakeholder><Name></Name><Description></Description></Stakeholder><OtherInformation></OtherInformation></Objective></Goal><Goal><Name>BUILDING OUR BRAND</Name><Description>The Boy Scouts of America is known and valued by the people of our nation. Our brand is so recognized and respected that it empowers our members and enables our success.</Description><Identifier>_bbe21d16-4fc8-11e2-b661-0f05d9234389</Identifier><SequenceIndicator>Strategic Pillar III</SequenceIndicator><Stakeholder><Name></Name><Description></Description></Stakeholder><OtherInformation></OtherInformation><Objective><Name>Coolness</Name><Description>Scouting is &#8220;cool&#8221; with youth.</Description><Identifier>_bbe21ec4-4fc8-11e2-b661-0f05d9234389</Identifier><SequenceIndicator>III.I</SequenceIndicator><Stakeholder><Name></Name><Description></Description></Stakeholder><OtherInformation>Specific Goals: 1. We have completed and analyzed an attitude, awareness, and usage study on the perceptions of Scouting among various segments of youth. [March 2011] 2. We have conducted the first meeting of a youth advisory panel to provide continuous feedback with a youth perspective. [August 2012] 3. We have completed a three-year, youth-targeted media campaign that has significantly improved youth awareness of and attitudes toward Scouting*. [May 2014] * Target audiences are to be selected by April 2011. 4. We have leveraged Scouting&#8217;s image in the market through strategic partnerships with at least three major youth-focused organizations and/or companies, such as Major League Baseball and the National Football League. [May 2013] 5. The BSA has developed a product and brand placement strategy, sized to market capacity, to place Scouting-branded products and elements into media and retail channels. [May 2013]</OtherInformation></Objective><Objective><Name>Positioning</Name><Description>Position Scouting to appeal to today&#8217;s youth.</Description><Identifier>_bbe22036-4fc8-11e2-b661-0f05d9234389</Identifier><SequenceIndicator>Strategy III.I.I</SequenceIndicator><Stakeholder><Name></Name><Description></Description></Stakeholder><OtherInformation></OtherInformation></Objective><Objective><Name>Culture</Name><Description>Embed Scouting in youth culture.</Description><Identifier>_bbe221b2-4fc8-11e2-b661-0f05d9234389</Identifier><SequenceIndicator>Strategy III.I.II</SequenceIndicator><Stakeholder><Name>Youth</Name><Description></Description></Stakeholder><OtherInformation></OtherInformation></Objective><Objective><Name>Brand Recognition</Name><Description>The BSA brand is recognized and valued nationally and locally across targeted audience segments.</Description><Identifier>_bbe22360-4fc8-11e2-b661-0f05d9234389</Identifier><SequenceIndicator>III.II</SequenceIndicator><Stakeholder><Name></Name><Description></Description></Stakeholder><OtherInformation>Specific Goals: 1. We have fully articulated the message platforms and target audiences of both the BSA&#8217;s primary programs (Cub Scouting, Boy Scouting, Varsity Scouting, Venturing, Sea Scouting, and Exploring) and its sub-brands (e.g., Philmont, the Order of the Arrow, and the National Scouting Museum).* [April 2012] * The message platforms have been defined by May 2010. 2. In the 2015 Cone Nonprofit Power Brand 100 report (or another survey selected in 2010), the BSA&#8217;s brand equity is among the top five nonprofits in America. [December 2015] 3. We have trained marketing chairs in all councils, areas, and regions. [December 2011] 4. We have developed consistent, relevant, and appropriately branded messages for multicultural markets (e.g., African American, Hispanic, Asian, and Pacific communities). [December 2011] 5. We have a structure in place that educates new and existing volunteers and employees about the BSA brand. [May 2012]</OtherInformation></Objective><Objective><Name>Brand Identity</Name><Description>Strengthen, broaden, and deepen the brand identity of the BSA.</Description><Identifier>_bbe224dc-4fc8-11e2-b661-0f05d9234389</Identifier><SequenceIndicator>Strategy III.II.I</SequenceIndicator><Stakeholder><Name></Name><Description></Description></Stakeholder><OtherInformation></OtherInformation></Objective><Objective><Name>Core Elements &amp; Leadership</Name><Description>Extend core brand elements and leadership across the organization.</Description><Identifier>_bbe22662-4fc8-11e2-b661-0f05d9234389</Identifier><SequenceIndicator>Strategy III.II.II</SequenceIndicator><Stakeholder><Name></Name><Description></Description></Stakeholder><OtherInformation></OtherInformation></Objective><Objective><Name>Trusted Advocacy</Name><Description>The BSA is positioned as a trusted advocate for youth.</Description><Identifier>_bbe2282e-4fc8-11e2-b661-0f05d9234389</Identifier><SequenceIndicator>III.III</SequenceIndicator><Stakeholder><Name>Youth</Name><Description></Description></Stakeholder><OtherInformation>Specific Goals: 1. We have presented at the BSA National Annual Meeting an attitude, awareness, and usage study of youth and adults on the perceptions of Scouting among community and thought leaders, particularly demonstrating how the BSA is perceived as an advocate for and expert on youth. [May 2011] 2. We have distributed at least five new resources (e.g., templates, speeches, press releases, Web pages, and forums) and have 50 trained experts available to represent us and our areas of expertise. [May 2011] 3. We have evaluated the effectiveness of Scouting&#8217;s 2011&#8211;2015 advocacy efforts by measuring public perceptions, awareness, school access, and membership growth. [December 2015]</OtherInformation></Objective><Objective><Name>Key Areas</Name><Description>Promote key youth advocacy areas of emphasis for the BSA.</Description><Identifier>_bbe229be-4fc8-11e2-b661-0f05d9234389</Identifier><SequenceIndicator>Strategy III.III.I</SequenceIndicator><Stakeholder><Name></Name><Description></Description></Stakeholder><OtherInformation></OtherInformation></Objective><Objective><Name>High-Profile Opportunities &amp; Platforms</Name><Description>Seek high-profile opportunities and platforms for BSA experts to provide thought leadership on youth issues.</Description><Identifier>_bbe22b6c-4fc8-11e2-b661-0f05d9234389</Identifier><SequenceIndicator>Strategy III.III.II</SequenceIndicator><Stakeholder><Name></Name><Description></Description></Stakeholder><OtherInformation></OtherInformation></Objective><Objective><Name>Advocacy &amp; Relationships</Name><Description>Showcase the youth advocacy and strategic relationships functions of the BSA.</Description><Identifier>_bbe22d2e-4fc8-11e2-b661-0f05d9234389</Identifier><SequenceIndicator>Strategy III.III.III</SequenceIndicator><Stakeholder><Name></Name><Description></Description></Stakeholder><OtherInformation></OtherInformation></Objective></Goal><Goal><Name>DYNAMIC &amp; RELEVANT PROGRAM</Name><Description>Scouting&#8217;s programs are exciting, culturally relevant, and appealing to today&#8217;s youth; attracting them at an extraordinary rate and retaining them longer.</Description><Identifier>_bbe22ebe-4fc8-11e2-b661-0f05d9234389</Identifier><SequenceIndicator>Strategic Pillar IV</SequenceIndicator><Stakeholder><Name></Name><Description></Description></Stakeholder><OtherInformation></OtherInformation><Objective><Name>Wants &amp; Needs</Name><Description>The BSA&#8217;s programs match what today&#8217;s youth both want and need.</Description><Identifier>_bbe23058-4fc8-11e2-b661-0f05d9234389</Identifier><SequenceIndicator>IV.I</SequenceIndicator><Stakeholder><Name>Youth</Name><Description></Description></Stakeholder><OtherInformation>Specific Goals: 1. We have changed our programs to reflect the findings of a thorough program review and assessment that clearly identifies those elements that are appealing, exciting, and culturally relevant to today&#8217;s youth and families. [December 2012] 2. We have utilized our new technological resources to provide councils and individual members with discussion forums, blogs, and enhanced communication channels focusing on innovative program approaches that have successfully met the interests, needs, and wants of contemporary youth. We have created an easy to-use resource center that supports and promotes exciting outdoor experiences. [December 2012] 3. We have convened and/or cosponsored a youth character development/youth worker conference to share best practices and emerging trends in providing relevant youth-centered programming.</OtherInformation></Objective><Objective><Name>Internal &amp; External View</Name><Description>Look both inside and outside Scouting to determine what programs we should offer and how we should offer them.</Description><Identifier>_bbe23238-4fc8-11e2-b661-0f05d9234389</Identifier><SequenceIndicator>Strategy IV.I.I</SequenceIndicator><Stakeholder><Name></Name><Description></Description></Stakeholder><OtherInformation></OtherInformation></Objective><Objective><Name>Relevancy</Name><Description>Ensure that all programs are culturally relevant.</Description><Identifier>_bbe233e6-4fc8-11e2-b661-0f05d9234389</Identifier><SequenceIndicator>Strategy IV.I.II</SequenceIndicator><Stakeholder><Name></Name><Description></Description></Stakeholder><OtherInformation></OtherInformation></Objective><Objective><Name>Focus &amp; Orientation</Name><Description>Stay market-focused and youth-oriented in our thinking and approach when making program decisions.</Description><Identifier>_bbe23594-4fc8-11e2-b661-0f05d9234389</Identifier><SequenceIndicator>Strategy IV.I.III</SequenceIndicator><Stakeholder><Name></Name><Description></Description></Stakeholder><OtherInformation></OtherInformation></Objective><Objective><Name>Outdoor Program</Name><Description>The BSA is known as the premier outdoor program provider and educator.</Description><Identifier>_bbe2377e-4fc8-11e2-b661-0f05d9234389</Identifier><SequenceIndicator>IV.II</SequenceIndicator><Stakeholder><Name></Name><Description></Description></Stakeholder><OtherInformation>Specific Goals: 1. We have developed and shared with our councils a market-based report on the factors that define an exciting and outstanding outdoor experience for youth. [May 2012] 2. We have developed and shared with councils an assessment tool to help them understand which elements of their camping programs and facilities do not fully deliver an exciting experience for youth participants. Seventy-five percent of councils are demonstrating positive results from the annual assessment. [December 2012] 3. We have developed and provided to councils an innovative and youth-friendly conservation and environmental education program for use in local summer camps, schools, and individual units. [May 2012]</OtherInformation></Objective><Objective><Name>Best Practices</Name><Description>Convene experts in the field of outdoor programming from both inside and outside of Scouting and replicate best practices from around the country.</Description><Identifier>_bbe23940-4fc8-11e2-b661-0f05d9234389</Identifier><SequenceIndicator>Strategy IV.II.I</SequenceIndicator><Stakeholder><Name>Outdoor Programming Experts</Name><Description></Description></Stakeholder><OtherInformation></OtherInformation></Objective><Objective><Name>No Child Left Inside</Name><Description>Reach beyond Scouting&#8217;s membership to ensure that &#8220;no child is left inside.&#8221;</Description><Identifier>_bbe23b02-4fc8-11e2-b661-0f05d9234389</Identifier><SequenceIndicator>Strategy IV.II.II</SequenceIndicator><Stakeholder><Name>Children</Name><Description></Description></Stakeholder><OtherInformation></OtherInformation></Objective><Objective><Name>Curricula</Name><Description>The BSA builds tomorrow&#8217;s leaders through comprehensive youth leadership development curricula.</Description><Identifier>_bbe23d14-4fc8-11e2-b661-0f05d9234389</Identifier><SequenceIndicator>IV.III</SequenceIndicator><Stakeholder><Name>Youth Leaders</Name><Description></Description></Stakeholder><OtherInformation>Specific Goals: 1. We have provided councils with the templates, guidance, and experienced coaches needed to conduct councilwide National Youth Leadership Training courses each year, so that between 2012 and 2015 at least four new councils have offered the course each year. [December 2011] 2. We have developed an advanced youth leadership training course to be offered as an additional opportunity for youth to grow as leaders. [May 2013] 3. We have created a task force to help the BSA achieve national recognition for developing youth leaders. [December 2012]</OtherInformation></Objective><Objective><Name>Leadership Development</Name><Description>Establish the BSA as the best leadership development program for youth.</Description><Identifier>_bbe23ed6-4fc8-11e2-b661-0f05d9234389</Identifier><SequenceIndicator>Strategy IV.III.I</SequenceIndicator><Stakeholder><Name>Youth</Name><Description></Description></Stakeholder><OtherInformation></OtherInformation></Objective><Objective><Name>Order of the Arrow &amp; National Youth Leader Training</Name><Description>Leverage the Order of the Arrow and National Youth Leader Training as models of youth empowerment.</Description><Identifier>_bbe2423c-4fc8-11e2-b661-0f05d9234389</Identifier><SequenceIndicator>Strategy IV.III.II</SequenceIndicator><Stakeholder><Name></Name><Description></Description></Stakeholder><OtherInformation></OtherInformation></Objective><Objective><Name>Training &amp; Engagement</Name><Description>Adult volunteers and youth leaders in every unit, district, and council are sufficiently trained and actively engaged in providing an outstanding Scouting program.</Description><Identifier>_bbe244d0-4fc8-11e2-b661-0f05d9234389</Identifier><SequenceIndicator>IV.IV</SequenceIndicator><Stakeholder><Name>Adult Volunteers</Name><Description></Description></Stakeholder><Stakeholder><Name>Youth Leaders</Name><Description></Description></Stakeholder><OtherInformation>Specific Goals: 1. We have provided our membership access to electronic (online and DVD) versions of five key adult training courses*. [January 2011] * Suggested courses are Fast Start training (Cub Scout, Boy Scout, and Venturing), This Is Scouting, Youth Protection Training, Leader-Specific Training, and the Boy Scout Leader Assessment Tool. 2. We have retooled ScoutNet&#8217;s training records functionality to effectively track and report all volunteer and youth training, and we have facilitated user access for including and updating training completion dates in individual membership records. [December 2011] 3. We have provided both print and electronic versions of five key adult training courses in Spanish and at least one other priority language. [December 2012] 4. We have validated and redesigned current training where appropriate for key registered adult leader positions, so that training for every position is easy for leaders to access (online for knowledge base, in-person for hands-on aspects), helps them gain real insight into the key elements of their Scouting position, and provides them with the tools and support to make Scouting fun and relevant to youth. [December 2013] 5. We have increased our direct-contact leader training requirements (based on results of a pilot program to have 100 percent of direct-contact leaders trained), ensuring that 100 percent of BSA volunteers are given every opportunity to successfully serve the youth in their units. [December 2014] Top leader &#8220;required&#8221; training statistics have risen to 80 percent [December 2013] and 100 percent. [December 2015]</OtherInformation></Objective><Objective><Name>Technology</Name><Description>Utilize technology to make training more accessible and more easily tracked.</Description><Identifier>_bbe246a6-4fc8-11e2-b661-0f05d9234389</Identifier><SequenceIndicator>Strategy IV.IV.I</SequenceIndicator><Stakeholder><Name></Name><Description></Description></Stakeholder><OtherInformation></OtherInformation></Objective><Objective><Name>Training Resources</Name><Description>Utilize local council volunteers to develop and provide training resources, with oversight and structural and financial support provided by the National Council.</Description><Identifier>_bbe2487c-4fc8-11e2-b661-0f05d9234389</Identifier><SequenceIndicator>Strategy IV.IV.II</SequenceIndicator><Stakeholder><Name>Local Council Volunteers</Name><Description></Description></Stakeholder><OtherInformation></OtherInformation></Objective></Goal><Goal><Name>INNOVATION &amp; TECHNOLOGY</Name><Description>Scouting uses innovation and technology to support the strategic pillars and to increase the impact and potency of the Scouting movement. All members of Scouting are connected with the right information and technology tools anywhere, anytime, to any device.</Description><Identifier>_bbe24a98-4fc8-11e2-b661-0f05d9234389</Identifier><SequenceIndicator>Strategic Pillar V</SequenceIndicator><Stakeholder><Name></Name><Description></Description></Stakeholder><OtherInformation></OtherInformation><Objective><Name>Technology Platform</Name><Description>The BSA continues to upgrade and improve its enterprise-wide technology platform to meet the ongoing program objectives and business needs of the organization by defining supported standards and providing offerings that benefit from economies of scale.</Description><Identifier>_bbe24c6e-4fc8-11e2-b661-0f05d9234389</Identifier><SequenceIndicator>V.I</SequenceIndicator><Stakeholder><Name></Name><Description></Description></Stakeholder><OtherInformation>Specific Goals:
1. We have created an affordable technology road map that identifies release dates, infrastructure changes, and security improvements, with ongoing review, updates, and communication of updates to the organization by the end of each year. [February 2011]
2. We have engaged volunteers and supporters by building an open-source initiative to create technological tools and services of interest to the Scouting community. [January 2012]</OtherInformation></Objective><Objective><Name>Investment</Name><Description>Invest in technological tools to harness and capitalize on information and resources.
</Description><Identifier>_862e5876-4fd5-11e2-a47a-e411d9234389</Identifier><SequenceIndicator>Strategy V.I.I</SequenceIndicator><Stakeholder><Name></Name><Description></Description></Stakeholder><OtherInformation></OtherInformation></Objective><Objective><Name>Standards</Name><Description>Establish standards that ensure security, cost-effectiveness, and economies of scale.</Description><Identifier>_862e5f1a-4fd5-11e2-a47a-e411d9234389</Identifier><SequenceIndicator>Strategy V.I.II</SequenceIndicator><Stakeholder><Name></Name><Description></Description></Stakeholder><OtherInformation></OtherInformation></Objective><Objective><Name>Open-Source Tools</Name><Description>Reach beyond the National Council and utilize open-source tools throughout the organization.</Description><Identifier>_862e6226-4fd5-11e2-a47a-e411d9234389</Identifier><SequenceIndicator>Strategy V.I.III</SequenceIndicator><Stakeholder><Name></Name><Description></Description></Stakeholder><OtherInformation></OtherInformation></Objective><Objective><Name>Technology Tools &amp; Resources</Name><Description>Youth, adult volunteers, and employees are provided with innovative technology tools and resources that enhance the overall Scouting experience and help them do their jobs more effectively.
</Description><Identifier>_862e64ba-4fd5-11e2-a47a-e411d9234389</Identifier><SequenceIndicator>V.II</SequenceIndicator><Stakeholder><Name>Youth</Name><Description></Description></Stakeholder><Stakeholder><Name>BSA Adult Volunteers </Name><Description></Description></Stakeholder><Stakeholder><Name>BSA Employees</Name><Description></Description></Stakeholder><OtherInformation>Specific Goals:
1. We have established an interactive methodology for the National Key 3 to regularly communicate with local council Key 3s. [June 2011]
2. We have established ongoing usability testing across our enterprise-wide suite of tools and applications to identify areas in need of improvement. [March 2011]
3. We have identified those Scouting processes that require the most time and effort for adult volunteers, and have determined which can be streamlined and simplified using technology. [June 2011]
4. We have introduced an easily accessible, Internet-based innovation and resource center from which people can learn and to which people can contribute. [June 2012]
5. We have established processes so that the National Council has up-to-date digital contact information for all constituents, thus enabling proactive communication and research. [December 2011]</OtherInformation></Objective><Objective><Name>Youth Technology</Name><Description>Identify and track the technologies being used by today&#8217;s youth.</Description><Identifier>_862e67ee-4fd5-11e2-a47a-e411d9234389</Identifier><SequenceIndicator>Strategy V.II.I</SequenceIndicator><Stakeholder><Name></Name><Description></Description></Stakeholder><OtherInformation></OtherInformation></Objective><Objective><Name>Communication, Collaboration, Best Practices &amp; Ideas</Name><Description>Enable volunteers, employees, and youth to communicate, collaborate, and share best practices and innovative ideas to enhance Scouting and its services.</Description><Identifier>_862e6ac8-4fd5-11e2-a47a-e411d9234389</Identifier><SequenceIndicator>Strategy V.II.II</SequenceIndicator><Stakeholder><Name>BSA Volunteers </Name><Description></Description></Stakeholder><Stakeholder><Name>BSA Employees </Name><Description></Description></Stakeholder><Stakeholder><Name>Youth</Name><Description></Description></Stakeholder><OtherInformation></OtherInformation></Objective><Objective><Name>Usability &amp; Accessibility</Name><Description>Make resources and tools accessible and easy to use by focusing on usability and the business needs of the Scouting community.</Description><Identifier>_862e6d70-4fd5-11e2-a47a-e411d9234389</Identifier><SequenceIndicator>Strategy V.II.III</SequenceIndicator><Stakeholder><Name></Name><Description></Description></Stakeholder><OtherInformation></OtherInformation></Objective><Objective><Name>Technical Partners</Name><Description>Partner with local volunteers who have current and innovative technological expertise.</Description><Identifier>_862e70a4-4fd5-11e2-a47a-e411d9234389</Identifier><SequenceIndicator>Strategy V.II.IV</SequenceIndicator><Stakeholder><Name>BSA Local Volunteers</Name><Description></Description></Stakeholder><OtherInformation></OtherInformation></Objective><Objective><Name>Focus &amp; Relevancy</Name><Description>The BSA uses innovation to ensure that it stays market-focused and relevant to today&#8217;s youth, and to continuously improve the ways in which it delivers programs, manages the organization, and serves as an advocate for youth.</Description><Identifier>_862e7388-4fd5-11e2-a47a-e411d9234389</Identifier><SequenceIndicator>V.III</SequenceIndicator><Stakeholder><Name></Name><Description></Description></Stakeholder><OtherInformation>Specific Goals:
1. We have started an innovation grant program to enable any local council, unit, employee, or volunteer to experiment with ways to more effectively achieve the BSA&#8217;s designed future. [June 2011]
2. We have established an ongoing process to learn new approaches and techniques from other successful organizations that effectively use innovation to fulfill their missions. [December 2012]
3. We have developed and implemented innovation and creative-thinking training modules for BSA employees and adult volunteers. [June 2012]</OtherInformation></Objective><Objective><Name>Interests, Needs &amp; Concerns</Name><Description>Identify and keep foremost the interests, needs, and concerns of contemporary youth.</Description><Identifier>_862e7630-4fd5-11e2-a47a-e411d9234389</Identifier><SequenceIndicator>Strategy V.III.I</SequenceIndicator><Stakeholder><Name>Contemporary Youth</Name><Description></Description></Stakeholder><OtherInformation></OtherInformation></Objective><Objective><Name>Simplification &amp; Streamlining</Name><Description>Use innovation to simplify and streamline processes and programs.</Description><Identifier>_862e79d2-4fd5-11e2-a47a-e411d9234389</Identifier><SequenceIndicator>Strategy V.III.II</SequenceIndicator><Stakeholder><Name></Name><Description></Description></Stakeholder><OtherInformation></OtherInformation></Objective><Objective><Name>New Thinking &amp; Risk-Taking</Name><Description>Encourage new thinking and risk-taking.</Description><Identifier>_862e7cc0-4fd5-11e2-a47a-e411d9234389</Identifier><SequenceIndicator>Strategy V.III.III</SequenceIndicator><Stakeholder><Name></Name><Description></Description></Stakeholder><OtherInformation></OtherInformation></Objective></Goal><Goal><Name>YOUTH ADVOCACY &amp; STRATEGIC RELATIONSHIPS</Name><Description>The Boy Scouts of America is recognized as an advocate for youth and youth issues. We are known by our members and America&#8217;s families and communities as a resource for leadership, encouragement, and programs that benefit our country&#8217;s youth. The strategic relationships of the BSA extend far beyond those with our traditional chartered organizations and keep Scouting relevant and adaptive.</Description><Identifier>_bbe24e44-4fc8-11e2-b661-0f05d9234389</Identifier><SequenceIndicator>Strategic Pillar VI</SequenceIndicator><Stakeholder><Name></Name><Description></Description></Stakeholder><OtherInformation></OtherInformation><Objective><Name>Environment for Success</Name><Description>By expanding its role as a leading advocate for youth issues, the BSA creates an environment in which councils can succeed.
</Description><Identifier>_bbe2506a-4fc8-11e2-b661-0f05d9234389</Identifier><SequenceIndicator>Strategy VI.I</SequenceIndicator><Stakeholder><Name></Name><Description></Description></Stakeholder><OtherInformation>Specific Goals:
1. We have created the national staff position(s) and/or volunteer structure to support our youth advocacy efforts. [December 2011]
2. We have developed working relationships with 10 leading national experts and/or organizations in the youth advocacy field. [January 2012]
3. We have reviewed existing BSA programs and materials and have committed to new plans that enhance support of our youth advocacy themes. [December 2013]</OtherInformation></Objective><Objective><Name>Organizational Structure &amp; Leadership</Name><Description>Develop a national staff and/or volunteer organizational structure to give leadership to Scouting&#8217;s youth advocacy initiatives.</Description><Identifier>_862e7f72-4fd5-11e2-a47a-e411d9234389</Identifier><SequenceIndicator>Strategy VI.I.I</SequenceIndicator><Stakeholder><Name></Name><Description></Description></Stakeholder><OtherInformation></OtherInformation></Objective><Objective><Name>Youth Issues</Name><Description>Focus our advocacy efforts on these youth issues:
&#176; Health, wellness, and fitness
&#176; Environmental responsibility
&#176; Education, leadership, and service
&#176; Strengthening families</Description><Identifier>_862e82d8-4fd5-11e2-a47a-e411d9234389</Identifier><SequenceIndicator>Strategy VI.I.II</SequenceIndicator><Stakeholder><Name></Name><Description></Description></Stakeholder><OtherInformation></OtherInformation></Objective><Objective><Name>Alliances &amp; Events</Name><Description>Develop national alliances and events to address specific youth issues.</Description><Identifier>_862e85e4-4fd5-11e2-a47a-e411d9234389</Identifier><SequenceIndicator>Strategy VI.I.III</SequenceIndicator><Stakeholder><Name></Name><Description></Description></Stakeholder><OtherInformation></OtherInformation></Objective><Objective><Name>Advocacy</Name><Description>On every organizational level within the BSA, work with private, community, and government organizations to advocate for youth.</Description><Identifier>_862e88be-4fd5-11e2-a47a-e411d9234389</Identifier><SequenceIndicator>Strategy VI.I.IV</SequenceIndicator><Stakeholder><Name>Private Organizations</Name><Description></Description></Stakeholder><Stakeholder><Name>Community Organizations</Name><Description></Description></Stakeholder><Stakeholder><Name>Government Organizations</Name><Description></Description></Stakeholder><OtherInformation></OtherInformation></Objective><Objective><Name>Health &amp; Fitness</Name><Description>The BSA is recognized as an advocate for health and fitness for all youth and adults.</Description><Identifier>_862e8c2e-4fd5-11e2-a47a-e411d9234389</Identifier><SequenceIndicator>VI.II</SequenceIndicator><Stakeholder><Name>Youth </Name><Description></Description></Stakeholder><Stakeholder><Name>Adults</Name><Description></Description></Stakeholder><OtherInformation>Specific Goals:
1. We have launched a national multiyear health and wellness campaign, &#8220;Scouting&#8217;s Gift to America,&#8221; to promote active lifestyles, healthy eating, and appropriate weight for our youth and adult members.*
[May 2012]
* The campaign is to include structure and guidelines for coordinated national and council-level launches, program and activity support, participant recognition elements, and mechanisms and tools for communicating to the general public the impact of the program by April 30, 2014.
2. We have established alliances with two or three leading organizations that have globally-respected competency in child development, healthcare, fitness, and nutrition. [December 2012]
3. We have revised current advancement requirements and unit performance recognitions to include an ongoing commitment to health and fitness within each Cub Scout and Boy Scout rank and in Venturing. [January 2013]
4. We have provided each council with a template for offering and operating (at the council&#8217;s discretion) a five-day outdoor health and fitness camp for all youth living within its service area as a means of increasing health and fitness knowledge and participation among young people while showcasing the dynamic and engaging world of Scouting. [December 2012]
5. We have revised and augmented five to seven key printed and digital BSA materials (e.g., the Boy Scout Handbook, Cub Scout handbooks, and unit leader training manuals) as appropriate to include contemporary content on exercise, drug and alcohol abuse, tobacco, mental health, nutrition, youth protection, and safety. [December 2013]</OtherInformation></Objective><Objective><Name>Scouting&#8217;s Gift to America</Name><Description>Develop a &#8220;Scouting&#8217;s Gift to America&#8221; program as a platform to increase national awareness of the BSA&#8217;s programs and effectively position the BSA as an advocate for health and fitness.</Description><Identifier>_862e8f30-4fd5-11e2-a47a-e411d9234389</Identifier><SequenceIndicator>Strategy VI.II.I</SequenceIndicator><Stakeholder><Name></Name><Description></Description></Stakeholder><OtherInformation></OtherInformation></Objective><Objective><Name>Nutrition, Exercise, Mental Health, Youth Protection &amp; Safety</Name><Description>Incorporate a focus on nutrition, exercise, mental health, youth protection, and safety into existing program content.</Description><Identifier>_862e920a-4fd5-11e2-a47a-e411d9234389</Identifier><SequenceIndicator>Strategy VI.II.II</SequenceIndicator><Stakeholder><Name></Name><Description></Description></Stakeholder><OtherInformation></OtherInformation></Objective><Objective><Name>Requirements</Name><Description>Create contemporary, quantifiable health and fitness requirements for advancement and recognition for both youth and adult volunteers.</Description><Identifier>_862e95ac-4fd5-11e2-a47a-e411d9234389</Identifier><SequenceIndicator>Strategy VI.II.III</SequenceIndicator><Stakeholder><Name>Youth</Name><Description></Description></Stakeholder><Stakeholder><Name>BSA Adult Volunteers</Name><Description></Description></Stakeholder><OtherInformation></OtherInformation></Objective><Objective><Name>Vision, Programs, Resources &amp; Incentives</Name><Description>Provide vision, programs, resources, and incentives for each council to become an advocate for health and fitness in the communities it serves.</Description><Identifier>_862e98e0-4fd5-11e2-a47a-e411d9234389</Identifier><SequenceIndicator>Strategy VI.II.IV</SequenceIndicator><Stakeholder><Name></Name><Description></Description></Stakeholder><OtherInformation></OtherInformation></Objective><Objective><Name>Education, Youth Leadership, Community Service, Environmental Stewardship &amp; Families</Name><Description>The BSA takes a leadership position as an advocate for education, youth leadership, community service, environmental stewardship, and strengthening families.</Description><Identifier>_862e9bce-4fd5-11e2-a47a-e411d9234389</Identifier><SequenceIndicator>VI.III</SequenceIndicator><Stakeholder><Name>Youth</Name><Description></Description></Stakeholder><Stakeholder><Name>Families</Name><Description></Description></Stakeholder><OtherInformation>Specific Goals:
1. We have encouraged units to provide regular service and Good Turns to local elementary, middle, and high schools.* [December 2011]
* Doing so will provide Scouting an opportunity to renew and refresh our relationship with our nation&#8217;s schools, demonstrating our commitment to support them, rather than merely our use of their facilities and access to youth.
2. A task force has reported on how we can reposition Scouting with education. [2012]
3. We have established alliances with one or two national entities that have recognized expertise in environmental sciences, including conservation, water quality, waste management, natural resources, soil contamination, and air pollution. [December 2012]
4. We have revised key BSA awards and recognition components, such as Eagle Scout service projects, merit badges, and quality recognitions, to promote and expand Scouting&#8217;s role in advocating for education, leadership, service, environmental stewardship, and strengthening families. [December 2012]
5. We have networked with 25 other leading organizations in these focus areas to share best practices and develop joint efforts to accomplish these objectives. [December 2013] We have created and launched a communication plan that highlights this network. [April 2015]
6. We have served as a catalyst and host for the new National Youth Summit, a youth-led conference allowing young people to connect, discuss items of concern, and create plans for real change in their communities. [April 2015]</OtherInformation></Objective><Objective><Name></Name><Description>Strengthen our position as a leading practitioner of informal education and a pivotal partner with formal education.</Description><Identifier>_862e9fca-4fd5-11e2-a47a-e411d9234389</Identifier><SequenceIndicator>Strategy VI.III.I</SequenceIndicator><Stakeholder><Name></Name><Description></Description></Stakeholder><OtherInformation></OtherInformation></Objective><Objective><Name></Name><Description>Help youth contribute to the success of their families and communities by focusing on leadership skills, citizenship, community service, financial accountability, and career development.</Description><Identifier>_862ea312-4fd5-11e2-a47a-e411d9234389</Identifier><SequenceIndicator>Strategy VI.III.II</SequenceIndicator><Stakeholder><Name></Name><Description></Description></Stakeholder><OtherInformation></OtherInformation></Objective><Objective><Name></Name><Description>Showcase and expand existing programs, such as Leave No Trace, as we grow our environmental awareness.</Description><Identifier>_862ea614-4fd5-11e2-a47a-e411d9234389</Identifier><SequenceIndicator>Strategy VI.III.III</SequenceIndicator><Stakeholder><Name></Name><Description></Description></Stakeholder><OtherInformation></OtherInformation></Objective><Objective><Name></Name><Description>Establish alliances with other leading organizations in these focus areas and take the lead in advocating Scouting&#8217;s positions as we support youth.</Description><Identifier>_862ea9d4-4fd5-11e2-a47a-e411d9234389</Identifier><SequenceIndicator>Strategy VI.III.IV</SequenceIndicator><Stakeholder><Name></Name><Description></Description></Stakeholder><OtherInformation></OtherInformation></Objective><Objective><Name>Partnerships &amp; Alliances</Name><Description>Local councils are positioned to strengthen current relationships with traditional chartered organizations and build relationships with new partners through innovative alliances and youth advocacy.</Description><Identifier>_862ead08-4fd5-11e2-a47a-e411d9234389</Identifier><SequenceIndicator>VI.IV</SequenceIndicator><Stakeholder><Name></Name><Description></Description></Stakeholder><OtherInformation>Specific Goals:
1. We have developed an innovative and adaptable template for local council awards and recognitions for those volunteers who positively influence participation by and impact on, youth in our programs through relationships with our chartered partners, local schools, parent organizations, adult service clubs, and other groups. [December 2012]
2. Each year beginning in 2011, we have recognized local councils that represent best practices in building and sustaining strategic partner relationships. [December 2015]
3. Through effective new sponsorship models and partners, we are organizing more packs, troops, and crews each year. [May 2013]</OtherInformation></Objective><Objective><Name>Offerings, Guidelines &amp; Tools</Name><Description>Support local council plans for utilizing the full family of Scouting&#8217;s offerings and provide councils with guidelines and tools for reaching out beyond traditional chartered organizations to establish new partnerships.</Description><Identifier>_862eb01e-4fd5-11e2-a47a-e411d9234389</Identifier><SequenceIndicator>Strategy VI.IV.I</SequenceIndicator><Stakeholder><Name></Name><Description></Description></Stakeholder><OtherInformation></OtherInformation></Objective><Objective><Name>Volunteer Recognition &amp; Rewards</Name><Description>Review and, if required, revamp local council volunteer recognition and rewards programs related to chartered-partner and other relationships.</Description><Identifier>_862eb3de-4fd5-11e2-a47a-e411d9234389</Identifier><SequenceIndicator>Strategy VI.IV.II</SequenceIndicator><Stakeholder><Name>BSA Local Councils</Name><Description></Description></Stakeholder><OtherInformation></OtherInformation></Objective><Objective><Name>Organization, Relationship &amp; Sponsorship Models</Name><Description>Study possible new organization, relationship, and sponsorship models to grow the number of Scouting units and youth members.</Description><Identifier>_862eb726-4fd5-11e2-a47a-e411d9234389</Identifier><SequenceIndicator>Strategy VI.IV.III</SequenceIndicator><Stakeholder><Name></Name><Description></Description></Stakeholder><OtherInformation></OtherInformation></Objective><Objective><Name>Strategic Relationships</Name><Description>The BSA has established strategic relationships with federal, state, and local government agencies focusing on outdoor adventure, workforce preparedness, and health and wellness.</Description><Identifier>_862eba32-4fd5-11e2-a47a-e411d9234389</Identifier><SequenceIndicator>VI.IV.V</SequenceIndicator><Stakeholder><Name>Federal Government Agencies</Name><Description></Description></Stakeholder><Stakeholder><Name>State Government Agencies</Name><Description></Description></Stakeholder><Stakeholder><Name>Local Government Agencies</Name><Description></Description></Stakeholder><OtherInformation>Specific Goals:
1. We have established a collaborative relationship with the Department of Interior to provide a structure and framework for BSA councils to take advantage of service opportunities in their local areas. [May 2012]
2. We have completed a due-diligence review of federal and state government departments and agencies and have recommended approximately six organizations that represent the greatest potential for mutual benefit and collaborative opportunities. [December 2011]
3. By December 2012, we have formally established three national strategic relationships with government agencies, with the remaining relationships to be formalized one year later. We have built a communication plan to share with local councils the particulars of our new strategic relationships and provide suggestions for how councils might utilize them to increase the effectiveness and/or scope of their programs. [December 2013]</OtherInformation></Objective><Objective><Name>Positioning</Name><Description>Position the BSA as the premier organization in the country to positively impact America&#8217;s youth in the areas of outdoor adventure, workforce preparedness, and health and wellness.</Description><Identifier>_862ebe1a-4fd5-11e2-a47a-e411d9234389</Identifier><SequenceIndicator>Strategy VI.IV.V.I</SequenceIndicator><Stakeholder><Name></Name><Description></Description></Stakeholder><OtherInformation></OtherInformation></Objective><Objective><Name>Key Agencies</Name><Description>Target key agencies that align well with our aims.</Description><Identifier>_862ec2de-4fd5-11e2-a47a-e411d9234389</Identifier><SequenceIndicator>Strategy VI.IV.V.II</SequenceIndicator><Stakeholder><Name></Name><Description></Description></Stakeholder><OtherInformation></OtherInformation></Objective><Objective><Name>ArrowCorps5</Name><Description>Leverage the experience of ArrowCorps5, the Order of the Arrow national service project, to create partnerships.</Description><Identifier>_862ec612-4fd5-11e2-a47a-e411d9234389</Identifier><SequenceIndicator>Strategy VI.IV.V.III</SequenceIndicator><Stakeholder><Name></Name><Description></Description></Stakeholder><OtherInformation></OtherInformation></Objective></Goal><Goal><Name>LEADERSHIP EXCELLENCE &amp; CULTURE</Name><Description>Scouting&#8217;s youth, volunteer leaders, and employees exemplify leadership excellence across all aspects of the movement.</Description><Identifier>_bbe2524a-4fc8-11e2-b661-0f05d9234389</Identifier><SequenceIndicator>Strategic Pillar VII</SequenceIndicator><Stakeholder><Name></Name><Description></Description></Stakeholder><OtherInformation></OtherInformation><Objective><Name>Leadership Excellence</Name><Description>The BSA&#8217;s national, regional, and council executive boards all model leadership excellence in their active governance, resourceful commitment, and visionary guidance.</Description><Identifier>_bbe2542a-4fc8-11e2-b661-0f05d9234389</Identifier><SequenceIndicator>VII.I</SequenceIndicator><Stakeholder><Name></Name><Description></Description></Stakeholder><OtherInformation>Specific Goals:
1. We have developed and delivered a joint training resource featuring best practices for each council&#8217;s top leaders, both professional and volunteer, to foster a new level of professional-volunteer relationships and potent, true partnerships for achieving the council&#8217;s strategies and objectives. [December 2014]
2. Each council has conducted an annual orientation for new board members using the most up-to-date edition of Orientation Guide for Council Officers and Executive Board Members as a resource. [December 2011]
3. We have implemented three new methods to reengage alumni in support of Scouting. [May 2012] We have developed a system to track and measure alumni involvement and established effective channels for two-way communication. [December 2013]</OtherInformation></Objective><Objective><Name>Volunteerism</Name><Description>Boost volunteerism by building and expanding relationships with our alumni.</Description><Identifier>_862eca54-4fd5-11e2-a47a-e411d9234389</Identifier><SequenceIndicator>Strategy VII.I.I</SequenceIndicator><Stakeholder><Name>BSA Alumni</Name><Description></Description></Stakeholder><OtherInformation></OtherInformation></Objective><Objective><Name>Resources</Name><Description>Ensure that all top leaders in the BSA have the resources necessary to fulfill their appointed roles.</Description><Identifier>_862ecdce-4fd5-11e2-a47a-e411d9234389</Identifier><SequenceIndicator>Strategy VII.I.II</SequenceIndicator><Stakeholder><Name></Name><Description></Description></Stakeholder><OtherInformation></OtherInformation></Objective><Objective><Name>Corporate Governance.</Name><Description>Promote and implement best practices for corporate governance..</Description><Identifier>_862ed10c-4fd5-11e2-a47a-e411d9234389</Identifier><SequenceIndicator>Strategy VII.I.III</SequenceIndicator><Stakeholder><Name></Name><Description></Description></Stakeholder><OtherInformation></OtherInformation></Objective><Objective><Name>Individual Leaders &amp; Managers</Name><Description>The BSA attracts, recruits, develops, rewards, and retains talented individuals who provide excellent professional leadership and management to Scouting.</Description><Identifier>_862ed526-4fd5-11e2-a47a-e411d9234389</Identifier><SequenceIndicator>VII.II</SequenceIndicator><Stakeholder><Name></Name><Description></Description></Stakeholder><OtherInformation>Specific Goals:
1. We have developed and implemented new, reliable methods for attracting and recruiting qualified, committed individuals who, before they begin working for the organization, clearly understand the demands and expectations of the work so they are better positioned to become long-term, high-impact employees. [December 2011]
2. We have implemented an employee development support structure that uses a cadre of mentors to help grow and nurture employees by sharing perspectives, encouraging innovation and risk taking, and providing encouragement for career advancement. [May 2012]
3. We have developed and implemented a robust and innovative employee development/training curriculum centered on career-long growth and learning. [December 2012] We have deployed the process, resources, and tools to identify and nurture our highest potential employees toward being high-impact contributors to the organization. [December 2013]
4. We have integrated wellness into the foundation of all we do for our employees, creating a more enjoyable and productive work environment. [December 2014]
5. We have selected a national cadre of highly capable volunteers to support the national and local councils in providing opportunities for BSA employees to learn and use the best tools and thinking available in the private sector. [December 2013]</OtherInformation></Objective><Objective><Name>Compensation</Name><Description>Reward excellent performance with compensation comparable to that available in the private sector.</Description><Identifier>_862ed8b4-4fd5-11e2-a47a-e411d9234389</Identifier><SequenceIndicator>Strategy VII.II.I</SequenceIndicator><Stakeholder><Name></Name><Description></Description></Stakeholder><OtherInformation></OtherInformation></Objective><Objective><Name>BSA Jobs</Name><Description>Clearly describe to applicants the realities of BSA jobs, in terms of the tangible and intangible rewards and performance expectations.</Description><Identifier>_862edc06-4fd5-11e2-a47a-e411d9234389</Identifier><SequenceIndicator>Strategy VII.II.II</SequenceIndicator><Stakeholder><Name></Name><Description></Description></Stakeholder><OtherInformation></OtherInformation></Objective><Objective><Name>BSA Employer Attributes</Name><Description>Ensure that the BSA:
&#176; Is the employer of choice
&#176; Has a healthy employee population
&#176; Is technologically astute and innovative
&#176; Is a developer of talent
&#176; Is ethnically diverse</Description><Identifier>_862ee020-4fd5-11e2-a47a-e411d9234389</Identifier><SequenceIndicator>Strategy VII.II.III</SequenceIndicator><Stakeholder><Name></Name><Description></Description></Stakeholder><OtherInformation></OtherInformation></Objective><Objective><Name>Corporate Culture</Name><Description>The BSA has designed and embraced a corporate culture that enables it to deliver on the vision for Scouting&#8217;s future and adjust its approach to be relevant and adaptive to the needs, preferences, and approaches of an ever-changing society.</Description><Identifier>_862ee3b8-4fd5-11e2-a47a-e411d9234389</Identifier><SequenceIndicator>VII.II.III</SequenceIndicator><Stakeholder><Name></Name><Description></Description></Stakeholder><OtherInformation>Specific Goals:
1. Led by the office of the chief operating officer, we have committed to and begun a thorough transformation of the corporate culture of the BSA to achieve our designed future. [June 2011]
2. We have trained all employees in the new BSA Performance and Development System (a tool for developing employees and tracking accountability), and all employees are applying the principles and techniques discussed in the training. [December 2011]
3. Each year, beginning in 2011, local and national BSA employees have reported in a national employee survey a noticeable transformation of the organization&#8217;s corporate culture and intended behaviors. [December 2015]
4. We have completed the transformation of the professional culture of the BSA as evidenced by the accomplishment of a set of strategic results to be determined by the core team of individuals accountable for leading the organization&#8217;s transformation. [December 2015]</OtherInformation></Objective><Objective><Name>Leverage Areas</Name><Description>Design the corporate culture to focus on key leverage areas, including accountability, life-long learning, and innovation.</Description><Identifier>_862ee714-4fd5-11e2-a47a-e411d9234389</Identifier><SequenceIndicator>Strategy VII.II.III.I</SequenceIndicator><Stakeholder><Name></Name><Description></Description></Stakeholder><OtherInformation></OtherInformation></Objective><Objective><Name>Participation</Name><Description>Ensure participation in cultural changes by all employees throughout the organization.</Description><Identifier>_862eeb42-4fd5-11e2-a47a-e411d9234389</Identifier><SequenceIndicator>Strategy VII.II.III.II</SequenceIndicator><Stakeholder><Name></Name><Description></Description></Stakeholder><OtherInformation></OtherInformation></Objective></Goal></StrategicPlanCore><AdministrativeInformation><StartDate>2011-01-01</StartDate><EndDate>2015-12-31</EndDate><PublicationDate>2012-12-26</PublicationDate><Source>http://digital.scouting.org/strategicplan/strategicplan.pdf</Source><Submitter><FirstName>Owen</FirstName><LastName>Ambur</LastName><PhoneNumber></PhoneNumber><EmailAddress>Owen.Ambur@verizon.net</EmailAddress></Submitter></AdministrativeInformation></StrategicPlan>