<?xml version="1.0" encoding="UTF-8"?>
<StrategicPlan xmlns:xsi="http://www.w3.org/2001/XMLSchema-instance" xmlns:stratml="urn:ISO:std:iso:17469:tech:xsd:stratml_core"><Name>Mission of Birbeck, University of London</Name><Description/><OtherInformation/><StrategicPlanCore><Organization><Name>Birbeck, University of London</Name><Acronym>BUL</Acronym><Identifier>_1faf2efc-0a1a-11e5-96d4-0a09df3234da</Identifier><Description>Birkbeck is a world-class research and teaching institution, a vibrant centre of academic excellence and London’s only specialist provider of evening higher education.</Description><Stakeholder StakeholderTypeType=""><Name/><Description/></Stakeholder></Organization><Vision><Description/><Identifier>_1faf2fce-0a1a-11e5-96d4-0a09df3234da</Identifier></Vision><Mission><Description>To engage in research and provide evening higher education.</Description><Identifier>_1faf3050-0a1a-11e5-96d4-0a09df3234da</Identifier></Mission><Value><Name/><Description/></Value><Goal><Name>Higher Education</Name><Description>Provide part-time higher education courses which meet the changing educational, cultural, personal and career needs of adults; in particular those who live or work in the London region.</Description><Identifier>_1faf30f0-0a1a-11e5-96d4-0a09df3234da</Identifier><SequenceIndicator>1</SequenceIndicator><Stakeholder StakeholderTypeType="Generic_Group"><Name>Adults</Name><Description>living and working in the London region</Description></Stakeholder><OtherInformation/><Objective><Name>Courses</Name><Description>Offer our students an integrated range of flexible, research-led courses across all levels of provision.</Description><Identifier>_1faf31a4-0a1a-11e5-96d4-0a09df3234da</Identifier><SequenceIndicator>1.1</SequenceIndicator><Stakeholder StakeholderTypeType=""><Name/><Description/></Stakeholder><OtherInformation/></Objective></Goal><Goal><Name>Adult Education</Name><Description>Enable adult students from diverse social and educational backgrounds to participate in our courses.</Description><Identifier>_1faf321c-0a1a-11e5-96d4-0a09df3234da</Identifier><SequenceIndicator>2</SequenceIndicator><Stakeholder StakeholderTypeType="Generic_Group"><Name>Adult Students</Name><Description/></Stakeholder><OtherInformation/><Objective><Name>Working &amp; Learning Environment </Name><Description>Ensure the College provides an inclusive working and learning environment for its students and staff so that all may develop to their full potential.</Description><Identifier>_1faf3294-0a1a-11e5-96d4-0a09df3234da</Identifier><SequenceIndicator>2.1</SequenceIndicator><Stakeholder StakeholderTypeType=""><Name/><Description/></Stakeholder><OtherInformation/></Objective></Goal><Goal><Name>Research Training</Name><Description>Maintain and develop excellence in research and provide the highest quality research training in all our subject areas.</Description><Identifier>_1faf330c-0a1a-11e5-96d4-0a09df3234da</Identifier><SequenceIndicator>3</SequenceIndicator><Stakeholder StakeholderTypeType=""><Name/><Description/></Stakeholder><OtherInformation/><Objective><Name>Culture</Name><Description>Achieve and maintain strong research cultures in support of interdisciplinary work in each school and faculty.</Description><Identifier>_1faf3384-0a1a-11e5-96d4-0a09df3234da</Identifier><SequenceIndicator>3.1</SequenceIndicator><Stakeholder StakeholderTypeType=""><Name/><Description/></Stakeholder><OtherInformation/></Objective><Objective><Name>Opportunities</Name><Description>Develop the College's capacity to respond rapidly to new and changing opportunities in higher and further education.</Description><Identifier>_1faf3406-0a1a-11e5-96d4-0a09df3234da</Identifier><SequenceIndicator>3.2</SequenceIndicator><Stakeholder StakeholderTypeType=""><Name/><Description/></Stakeholder><OtherInformation/></Objective></Goal><Goal><Name>Research &amp; Expertise</Name><Description>Make available the results of research, and the expertise acquired, through teaching, publication, partnerships with other organisations and the promotion of civic and public debate.</Description><Identifier>_1faf347e-0a1a-11e5-96d4-0a09df3234da</Identifier><SequenceIndicator>4</SequenceIndicator><Stakeholder StakeholderTypeType=""><Name/><Description/></Stakeholder><OtherInformation/><Objective><Name>Partnerships</Name><Description>Develop sustainable partnerships within the London region and beyond.</Description><Identifier>_1faf3500-0a1a-11e5-96d4-0a09df3234da</Identifier><SequenceIndicator>4.1</SequenceIndicator><Stakeholder StakeholderTypeType=""><Name/><Description/></Stakeholder><OtherInformation/></Objective></Goal></StrategicPlanCore><AdministrativeInformation><PublicationDate>2015-06-03</PublicationDate><Source>http://www.bbk.ac.uk/about-us/mission</Source><Submitter><GivenName>Owen</GivenName><Surname>Ambur</Surname><PhoneNumber/><EmailAddress>Owen.Ambur@verizon.net</EmailAddress></Submitter></AdministrativeInformation></StrategicPlan>