<?xml version="1.0" encoding="UTF-8"?>
<StrategicPlan xmlns="urn:ISO:std:iso:17469:tech:xsd:stratml_core" xmlns:xsi="http://www.w3.org/2001/XMLSchema-instance" xsi:schemaLocation="urn:ISO:std:iso:17469:tech:xsd:stratml_core http://xml.govwebs.net/stratml/references/StrategicPlanISOVersion20140401.xsd"><Name>About BusinessUSA</Name><Description>Too often, interactions with the government are burdensome and frustrating. From seeking out financing opportunities to learning about the latest regulations affecting them, hard-working businesses are spending too much time navigating the federal bureaucracy.
On October 28, 2011, the President issued a challenge to government agencies to think beyond their organizational boundaries in the best interest of serving America's business community, and start thinking and acting more like the businesses they serve.
He directed the creation of BusinessUSA, a centralized, one-stop platform to make it easier than ever for businesses to access services to help them grow and hire.</Description><OtherInformation>Submitter's Note:  The President's memo is available at https://www.whitehouse.gov/the-press-office/2011/10/28/presidential-memorandum-making-it-easier-americas-small-businesses-and-a 
The directives it contains are documented as goals and objectives in this StratML rendition.</OtherInformation><StrategicPlanCore><Organization><Name>U.S. Small Business Administration</Name><Acronym>SBA</Acronym><Identifier>_4c576d9e-8228-11e0-a7e3-d3267a64ea2a</Identifier><Description/><Stakeholder><Name/><Description/></Stakeholder></Organization><Organization><Name>U.S. Department of Commerce</Name><Acronym>DOC</Acronym><Identifier>_385d89c3-4f0e-4135-b59d-767da1df9bb3</Identifier><Description/><Stakeholder><Name/><Description/></Stakeholder></Organization><Vision><Description>Government agencies think beyond their organizational boundaries in the best interest of serving America's business community and start thinking and acting more like the businesses they serve.</Description><Identifier>_cc510b58-1333-11e6-81f4-a0e82f58653e</Identifier></Vision><Mission><Description>To make it easier for businesses to access services to help them grow and hire.</Description><Identifier>_cc510d60-1333-11e6-81f4-a0e82f58653e</Identifier></Mission><Value><Name>Technology</Name><Description>BusinessUSA implements a "no wrong door" approach for small businesses and exporters by using technology to quickly connect businesses to the services and information relevant to them, regardless of where the information is located or which agency's website, call center, or office they go to for help.</Description></Value><Value><Name>Connections</Name><Description/></Value><Value><Name>Customer Focus</Name><Description>Looking forward, the more federal agencies continue to add resources to BusinessUSA to encompass the full range of business programs and services, the more we will be able to reduce the confusing array of websites that exist today. To ensure that it is oriented towards the needs of the customer, BusinessUSA will be designed, tested, and built with the active feedback of U.S. businesses. This is where you come in.</Description></Value><Value><Name>Feedback</Name><Description>The current version of Business.USA.gov Portal, has come a long way since its inception. With the help of your feedback we have added many new features and content namely Made in Rural America Export and Investment Initiative Portal, Microsites for States , SBIR Certification Tool, Training Portal, FBO Open Opportunities and lots more.</Description></Value><Value><Name>Communication</Name><Description>BusinessUSA has opened new channels of communication such as call centers, email and social media. We have started and progressing on integrating state and local governments, as well as related private sector partners. This will help us better deliver the information you need on your own terms.</Description></Value><Value><Name>Partnership</Name><Description/></Value><Value><Name>Competitiveness</Name><Description>To strengthen America's competitiveness in the global economy, businesses will need to be equipped with the best tools and information available to support innovation and job growth in the 21st century. BusinessUSA is your front door to all the government has to offer.</Description></Value><Value><Name>Tools</Name><Description/></Value><Value><Name>Information</Name><Description/></Value><Value><Name>Innovation</Name><Description/></Value><Value><Name>Evolution</Name><Description>Help us make sure it continues to evolve and grow to meet your needs. Sign up for email alerts so you can be the first to find out about changes to BusinessUSA, and use feedback features on the website to let us know what you think. BusinessUSA is designed by businesses, for businesses.</Description></Value><Value><Name>Ownership</Name><Description>Take ownership today.</Description></Value><Goal><Name>Directives</Name><Description>Carry out the directives in the President's memorandum.</Description><Identifier>_cc510e50-1333-11e6-81f4-a0e82f58653e</Identifier><SequenceIndicator>1</SequenceIndicator><Stakeholder StakeholderTypeType="Generic_Group"><Name>BusinessUSA Steering Committee</Name><Description>The Steering Committee shall include senior policy and technical representatives, appointed by the heads of their respective agencies, from the Departments of State, Defense, Agriculture, Commerce, and Veterans Affairs, the Small Business Administration (SBA), the General Services Administration (GSA), the Export-Import Bank, and other agencies designated by the Co Chairs.  The Co-Chairs and representatives from the Department of Commerce and SBA shall serve as the Executive Committee of the Steering Committee, which shall coordinate the strategy, design, development, launch, and operation of BusinessUSA, a common, open, online platform and web service with dedicated resources that will, as a first step, disseminate core information regarding the Federal Government's programs and services relevant to small businesses and exporters.   </Description></Stakeholder><Stakeholder StakeholderTypeType="Organization"><Name>Department of State</Name><Description>BusinessUSA Steering Committee Member</Description></Stakeholder><Stakeholder StakeholderTypeType="Organization"><Name>Department of Defense</Name><Description>BusinessUSA Steering Committee Member</Description></Stakeholder><Stakeholder StakeholderTypeType="Organization"><Name>Department of Agriculture</Name><Description>BusinessUSA Steering Committee Member</Description></Stakeholder><Stakeholder StakeholderTypeType="Organization"><Name>Department of Commerce</Name><Description>BusinessUSA Steering Committee Member</Description></Stakeholder><Stakeholder StakeholderTypeType="Organization"><Name>Department of Veterans Affairs</Name><Description>BusinessUSA Steering Committee Member</Description></Stakeholder><Stakeholder StakeholderTypeType="Organization"><Name>Small Business Administration (SBA)</Name><Description>BusinessUSA Steering Committee Member</Description></Stakeholder><Stakeholder StakeholderTypeType="Organization"><Name>General Services Administration (GSA)</Name><Description>BusinessUSA Steering Committee Member</Description></Stakeholder><Stakeholder StakeholderTypeType="Organization"><Name>Export-Import Bank</Name><Description>BusinessUSA Steering Committee Member</Description></Stakeholder><Stakeholder StakeholderTypeType="Generic_Group"><Name>U.S. Federal Departments</Name><Description>All executive departments and agencies (agencies) shall work with a Steering Committee co-chaired by the Federal Chief Information Officer, Assistant to the President and Chief Technology Officer, and Chief Performance Officer (the Co-Chairs) to carry out the directives in this memorandum within 90 days of the date of this memorandum, unless a provision of this memorandum expressly states otherwise.</Description></Stakeholder><Stakeholder StakeholderTypeType="Generic_Group"><Name>U.S. Agencies</Name><Description/></Stakeholder><Stakeholder StakeholderTypeType="Person"><Name>Federal Chief Information Officer</Name><Description>Co-Chair, BusinessUSA Steering Committee</Description></Stakeholder><Stakeholder StakeholderTypeType="Person"><Name>Assistant to the President and Chief Technology Officer</Name><Description>Co-Chair, BusinessUSA Steering Committee</Description></Stakeholder><Stakeholder StakeholderTypeType="Person"><Name>Chief Performance Officer</Name><Description>Co-Chair, BusinessUSA Steering Committee</Description></Stakeholder><OtherInformation/><Objective><Name/><Description/><Identifier>_cc510f18-1333-11e6-81f4-a0e82f58653e</Identifier><SequenceIndicator/><Stakeholder><Name/><Description/></Stakeholder><OtherInformation/></Objective></Goal><Goal><Name>Website</Name><Description>Launch the BusinessUSA website.</Description><Identifier>_cc510ffe-1333-11e6-81f4-a0e82f58653e</Identifier><SequenceIndicator>2</SequenceIndicator><Stakeholder><Name/><Description/></Stakeholder><OtherInformation>Agencies shall work with the Steering Committee to develop and launch an introductory version of BusinessUSA.  BusinessUSA shall be designed, tested, and built with the active feedback of U.S. businesses and relevant online communities.</OtherInformation><Objective><Name>Intergovernmental &amp; Private Partner Services</Name><Description>Integrate related State and local government services as well as those of private sector partners. </Description><Identifier>_cc5110da-1333-11e6-81f4-a0e82f58653e</Identifier><SequenceIndicator>2.1</SequenceIndicator><Stakeholder StakeholderTypeType="Generic_Group"><Name>State Governments</Name><Description/></Stakeholder><Stakeholder StakeholderTypeType="Generic_Group"><Name>Local Governments</Name><Description/></Stakeholder><Stakeholder StakeholderTypeType="Generic_Group"><Name>Private Sector</Name><Description/></Stakeholder><OtherInformation>To the extent appropriate, practicable, and permitted by law, the BusinessUSA platform shall integrate related State and local government services as well as those of private sector partners. </OtherInformation></Objective></Goal><Goal><Name>Information</Name><Description>Make information regarding small business and export programs and services accessible.</Description><Identifier>_cc5111b6-1333-11e6-81f4-a0e82f58653e</Identifier><SequenceIndicator>3</SequenceIndicator><Stakeholder StakeholderTypeType="Generic_Group"><Name>U.S. Federal Agencies</Name><Description/></Stakeholder><OtherInformation>Agencies shall make information regarding their small business and export programs and services accessible through BusinessUSA.</OtherInformation><Objective><Name>Content Standards</Name><Description>Develop a common set of standards for content.</Description><Identifier>_cc5112b0-1333-11e6-81f4-a0e82f58653e</Identifier><SequenceIndicator>3.1</SequenceIndicator><Stakeholder><Name/><Description/></Stakeholder><OtherInformation>To accomplish this in a uniform fashion, the Steering Committee shall develop a common set of standards for content available through BusinessUSA, which shall identify the types of programs and services to be included initially on BusinessUSA and a structure for organizing and presenting such information.  These standards shall be used by all agencies in the creation, presentation, and delivery of information regarding their programs and services, to the extent practicable and permitted by law. </OtherInformation></Objective></Goal><Goal><Name>Content</Name><Description>Develop new content for BusinessUSA that synthesizes information available across agencies to better serve small businesses and exporters.</Description><Identifier>_cc51138c-1333-11e6-81f4-a0e82f58653e</Identifier><SequenceIndicator>4</SequenceIndicator><Stakeholder StakeholderTypeType="Generic_Group"><Name>U.S. Federal Agencies</Name><Description/></Stakeholder><Stakeholder StakeholderTypeType="Generic_Group"><Name>Small Businesses</Name><Description/></Stakeholder><Stakeholder StakeholderTypeType="Generic_Group"><Name>Exporters</Name><Description/></Stakeholder><OtherInformation>Agencies shall also work with the Steering Committee to develop new content for BusinessUSA that synthesizes information available across agencies to better serve small businesses and exporters.</OtherInformation><Objective><Name>Datasets</Name><Description>Aggregate statistical, demographic, and other raw Government datasets of particular interest to small businesses and exporters.</Description><Identifier>_cc511558-1333-11e6-81f4-a0e82f58653e</Identifier><SequenceIndicator>4.1</SequenceIndicator><Stakeholder StakeholderTypeType="Generic_Group"><Name>Small Businesses</Name><Description/></Stakeholder><Stakeholder StakeholderTypeType="Generic_Group"><Name>Exporters</Name><Description/></Stakeholder><OtherInformation>Among other things, agencies shall work together to aggregate on the BusinessUSA platform statistical, demographic, and other raw Government datasets of particular interest to small businesses and exporters, making Government data more easily accessible and spurring innovative uses of the data through business oriented web or mobile applications.</OtherInformation></Objective></Goal><Goal><Name>Websites, Call Centers &amp; Field Offices</Name><Description>Integrate BusinessUSA into agency websites, call centers, and field offices</Description><Identifier>_cc511666-1333-11e6-81f4-a0e82f58653e</Identifier><SequenceIndicator>5</SequenceIndicator><Stakeholder><Name/><Description/></Stakeholder><OtherInformation>Agencies shall integrate BusinessUSA, including ready access to the BusinessUSA website, into their current websites, call centers, and field offices to ensure that small businesses and exporters have access to the wide range of Government programs and services at each entry point into the Federal Government.</OtherInformation><Objective><Name>Call Center</Name><Description>Enhance the call center to add expertise with Government programs and services for small businesses and exporters.</Description><Identifier>_cc51174c-1333-11e6-81f4-a0e82f58653e</Identifier><SequenceIndicator>5.1</SequenceIndicator><Stakeholder StakeholderTypeType="Generic_Group"><Name>U.S. Federal Agencies</Name><Description/></Stakeholder><Stakeholder StakeholderTypeType="Organization"><Name>GSA</Name><Description/></Stakeholder><Stakeholder StakeholderTypeType="Organization"><Name>Office of Management and Budget</Name><Description/></Stakeholder><Stakeholder StakeholderTypeType="Generic_Group"><Name>Small Businesses</Name><Description/></Stakeholder><Stakeholder StakeholderTypeType="Generic_Group"><Name>Exporters</Name><Description/></Stakeholder><OtherInformation>During the year following the date of this memorandum, agencies shall work with GSA and the Office of Management and Budget to enhance the centralized call center for responding to public questions about Federal programs and services (1-800-FED-INFO) to add expertise with Government programs and services for small businesses and exporters.</OtherInformation></Objective></Goal></StrategicPlanCore><AdministrativeInformation><StartDate>2011-10-28</StartDate><PublicationDate>2016-05-05</PublicationDate><Source>http://business.usa.gov/about-us</Source><Submitter><GivenName>Owen</GivenName><Surname>Ambur</Surname><PhoneNumber/><EmailAddress>Owen.Ambur@verizon.net</EmailAddress></Submitter></AdministrativeInformation></StrategicPlan>