<?xml version="1.0" encoding="UTF-8"?>
<StrategicPlan xmlns="" xmlns:xsi="http://www.w3.org/2001/XMLSchema-instance" xmlns:stratml="urn:ISO:std:iso:17469:tech:xsd:stratml_core"><Name>About the Barrett Values Centre</Name><Description/><OtherInformation/><StrategicPlanCore><Organization><Name>Barrett Values Centre</Name><Acronym>BVC</Acronym><Identifier>_f16bc67c-6194-11e5-b740-8ec39b316471</Identifier><Description/><Stakeholder StakeholderTypeType="Person"><Name>RICHARD BARRETT</Name><Description>Richard Barrett is an author, speaker and internationally recognised thought leader on the evolution of human values in business and society. He is the founder and chairman of the Barrett Values Centre, a Fellow of the World Business Academy, an Advisory Board Member of the Centre for Integral Wisdom, Honorary Board Member of the Spirit of Humanity Forum, and Former Values Coordinator at the World Bank.

He is the creator of the Cultural Transformation Tools (CTT) which have been used to support more than 5,000 organizations in 60 different countries on their transformational journeys. More than 5,000 change agents, consultants and coaches have been trained by the Barrett Values Centre to use the Cultural Transformation Tools in over 50 countries.

Richard has been a visiting lecturer at the Consulting and Coaching for Change, Leadership Course run by the Saïd Business School at the University of Oxford and HEC in Paris. He has also been an Adjunct Professor at Royal Roads University, Institute for Values-based Leadership, and a visiting lecturer at the One Planet MBA at Exeter University.

Richard Barrett is the author of A New Psychology of Human Well-Being: An Exploration of the influence of Ego-Soul Dynamics on Mental and Physical Health (Forthcoming--2015), The Metrics of Human Consciousness (2015),  Evolutionary Coaching: A Values-based Approach to Unleashing Human Potential (2014), The Values-Driven Organisation: Unleashing Human Potential for Performance and Profit (2013), What My Soul Told Me: A Practical Guide to Soul Activation (2012), Love, Fear and the Destiny of Nations: The Impact of the Evolution of Human Consciousness on World Affairs (2011), The New Leadership Paradigm (2010), Building a Values-Driven Organization: A Whole System Approach to Cultural Transformation (2006), Liberating the Corporate Soul: Building a Visionary Organization (1998), and he is a contributing author to Psychometrics in Coaching (2012). </Description></Stakeholder></Organization><Vision><Description/><Identifier>_f16bc7e4-6194-11e5-b740-8ec39b316471</Identifier></Vision><Mission><Description>To provide metrics that enable leaders to measure and manage the cultures of their organisations, and the leadership development needs of their managers and leaders. </Description><Identifier>_f16bc8ac-6194-11e5-b740-8ec39b316471</Identifier></Mission><Value><Name/><Description/></Value><Goal><Name>Values</Name><Description>Map the values of organisations and leaders</Description><Identifier>_f16bc9ba-6194-11e5-b740-8ec39b316471</Identifier><SequenceIndicator/><Stakeholder StakeholderTypeType="Generic_Group"><Name>Corporations</Name><Description>NGOs</Description></Stakeholder><Stakeholder StakeholderTypeType="Generic_Group"><Name>Government Agencies</Name><Description/></Stakeholder><Stakeholder StakeholderTypeType="Generic_Group"><Name>Municipal Agencies</Name><Description/></Stakeholder><Stakeholder StakeholderTypeType="Generic_Group"><Name>Communities</Name><Description/></Stakeholder><Stakeholder StakeholderTypeType="Generic_Group"><Name>Schools</Name><Description/></Stakeholder><Stakeholder StakeholderTypeType="Generic_Group"><Name>Nations</Name><Description/></Stakeholder><OtherInformation>The core products of the organisation are the Cultural Transformation Tools (CTT).   The Cultural Transformation Tools have been used to map the values of over 6,000 organisations and 3,000 leaders in 90 countries. The Cultural Transformation Tools are used by corporations, NGOs, government and municipal agencies, communities, schools and nations. The CTT values assessment instruments are available in over 50 languages.</OtherInformation><Objective><Name/><Description/><Identifier>_f16bcae6-6194-11e5-b740-8ec39b316471</Identifier><SequenceIndicator/><Stakeholder><Name/><Description/></Stakeholder><OtherInformation/></Objective></Goal></StrategicPlanCore><AdministrativeInformation><PublicationDate>2015-09-22</PublicationDate><Source>https://www.valuescentre.com/about</Source><Submitter><GivenName>Owen</GivenName><Surname>Ambur</Surname><PhoneNumber/><EmailAddress>Owen.Ambur@verizon.net</EmailAddress></Submitter></AdministrativeInformation></StrategicPlan>