<?xml version="1.0" encoding="UTF-8"?>
<StrategicPlan xsi:schemaLocation="http://www.stratml.net  http://xml.gov/stratml/references/StrategicPlan.xsd" xmlns:xsi="http://www.w3.org/2001/XMLSchema-instance" xmlns="http://www.stratml.net"><Name>About Us</Name><Description>To ensure government is effective and responsive to the priorities of the American people, we conduct policy research and develop policy proposals; create tools to encourage citizen participation and government accountability; and build broad-based coalitions to advance these values. To ensure the American people understand the vital role of government, we produce and disseminate educational tools and communications materials.</Description><OtherInformation></OtherInformation><StrategicPlanCore><Organization><Name>Center for Effective Government</Name><Acronym>C4EG</Acronym><Identifier>_c46d5d2d-ff8c-47e9-9154-e99da6ff55fd</Identifier><Description>The Center for Effective Government, a nonprofit research and advocacy organization, was formed as OMB Watch in 1983 to lift the veil of secrecy shrouding the White House Office of Management and Budget (OMB). OMB oversees federal regulation, the budget, information collection and dissemination, proposed legislation, testimony by agencies, and much more. While OMB's actions were having an enormous impact on agency operations and the pursuit of social justice, it remained largely behind the scenes &#8212; unaccountable and little understood by the public and public interest groups. By explaining governmental processes and monitoring OMB, the Center for Effective Government helped bring sunshine to this powerful and secretive agency.

In January 2013, OMB Watch became the Center for Effective Government.</Description><Stakeholder><Name>Policymakers</Name><Description>We are a resource for policymakers, the media, advocacy groups, community organizations, and the public.</Description></Stakeholder><Stakeholder><Name>The Media</Name><Description></Description></Stakeholder><Stakeholder><Name>Advocacy Groups </Name><Description></Description></Stakeholder><Stakeholder><Name>Community Organizations </Name><Description></Description></Stakeholder><Stakeholder><Name>The Public</Name><Description></Description></Stakeholder><Stakeholder><Name>Center for Effective Government Staff</Name><Description></Description></Stakeholder><Stakeholder><Name>Samuel Abbott</Name><Description>Regulatory Policy Intern</Description></Stakeholder><Stakeholder><Name>Gavin Baker</Name><Description>Open Government Policy Analyst</Description></Stakeholder><Stakeholder><Name>MarQuis Fair</Name><Description>Executive Assistant</Description></Stakeholder><Stakeholder><Name>Amanda Frank</Name><Description>Environmental Right-to-Know Intern</Description></Stakeholder><Stakeholder><Name>Katie Greenhaw</Name><Description>Regulatory Policy Analyst</Description></Stakeholder><Stakeholder><Name>Brian Gumm</Name><Description>Communications Director</Description></Stakeholder><Stakeholder><Name>Elissar Khalek</Name><Description>Online Communications Manager</Description></Stakeholder><Stakeholder><Name>Patrick Lester</Name><Description>Director, Federal Fiscal Policy</Description></Stakeholder><Stakeholder><Name>Katherine McFate</Name><Description>President and CEO</Description></Stakeholder><Stakeholder><Name>Denise Moore</Name><Description>Database Administrator/Programmer </Description></Stakeholder><Stakeholder><Name>Sean Moulton</Name><Description>Director, Open Government Policy </Description></Stakeholder><Stakeholder><Name>Doug Percival</Name><Description>Technology Coordinator</Description></Stakeholder><Stakeholder><Name>Sofia Plagakis</Name><Description>Policy Analyst &#8211; Environmental Right to Know</Description></Stakeholder><Stakeholder><Name>Anastasia Postnikova</Name><Description>Open Government Policy Intern</Description></Stakeholder><Stakeholder><Name>Rich Puchalsky</Name><Description>RTK Net Director and Programmer </Description></Stakeholder><Stakeholder><Name>Randy Rabinowitz</Name><Description>Director, Regulatory Policy</Description></Stakeholder><Stakeholder><Name>Virginia Robnett</Name><Description>Outreach Coordinator </Description></Stakeholder><Stakeholder><Name>Jessica Schieder</Name><Description>Regulatory and Fiscal Policy Intern</Description></Stakeholder><Stakeholder><Name>Paula Shoecraft</Name><Description>Development Director </Description></Stakeholder><Stakeholder><Name>Michael Sikora</Name><Description>Policy Associate</Description></Stakeholder><Stakeholder><Name>Rick Trilsch</Name><Description>Director of Finance and Administration</Description></Stakeholder><Stakeholder><Name>Katie Weatherford</Name><Description>Regulatory Policy Analyst</Description></Stakeholder><Stakeholder><Name>Charity &amp; Security Network</Name><Description>The Charity &amp; Security Network addresses challenges to humanitarian, development, and peacebuilding activities found in U.S. counterterrorism measures.   </Description></Stakeholder><Stakeholder><Name>Charity and Security Network Staff</Name><Description></Description></Stakeholder><Stakeholder><Name>Kay Guinane</Name><Description>Program Director, Charity and Security Network</Description></Stakeholder><Stakeholder><Name>Suraj Sazawal</Name><Description>Communications/Research Coordinator, Charity and Security Network</Description></Stakeholder><Stakeholder><Name>Nathaniel Turner</Name><Description>Policy Analyst, Charity and Security Network</Description></Stakeholder><Stakeholder><Name>Center for Effective Government Board of Directors</Name><Description></Description></Stakeholder><Stakeholder><Name>Paul Marchand</Name><Description>(Chair)</Description></Stakeholder><Stakeholder><Name>Edwin S. Jayne</Name><Description>(Vice-Chair and Secretary), AFSCME </Description></Stakeholder><Stakeholder><Name>Robert Lawrence </Name><Description>(Treasurer) </Description></Stakeholder><Stakeholder><Name>Julio Abreu</Name><Description>Mental Health America </Description></Stakeholder><Stakeholder><Name>Nancy Amidei</Name><Description>University of Washington School of Social Work </Description></Stakeholder><Stakeholder><Name>Ross Eisenbrey</Name><Description>Economic Policy Institute </Description></Stakeholder><Stakeholder><Name>Phaedra Ellis-Lamkins</Name><Description>Green For All </Description></Stakeholder><Stakeholder><Name>Pamela Gilbert</Name><Description>Cuneo Gilbert &amp; LaDuca, LLP</Description></Stakeholder><Stakeholder><Name>Edward Hailes, Jr.</Name><Description>Advancement Project  </Description></Stakeholder><Stakeholder><Name>Sylvia Johnson</Name><Description>United Auto Workers </Description></Stakeholder><Stakeholder><Name>Mary M. Lassen</Name><Description>Center for Community Change</Description></Stakeholder><Stakeholder><Name>Katherine McFate</Name><Description>Center for Effective Government</Description></Stakeholder><Stakeholder><Name>Linda Nguyen</Name><Description>Alliance for Children and Families</Description></Stakeholder><Stakeholder><Name>Margaret Seminario</Name><Description>AFL-CIO </Description></Stakeholder><Stakeholder><Name>Dianne Stewart</Name><Description>Public Works</Description></Stakeholder><Stakeholder><Name>Center for Effective Government Funders</Name><Description>The Center for Effective Government's work is supported by the following foundations:</Description></Stakeholder><Stakeholder><Name>Rita Allen Foundation</Name><Description></Description></Stakeholder><Stakeholder><Name>Bauman Foundation</Name><Description></Description></Stakeholder><Stakeholder><Name>Cordaid </Name><Description></Description></Stakeholder><Stakeholder><Name>CS Fund</Name><Description></Description></Stakeholder><Stakeholder><Name>Ford Foundation</Name><Description></Description></Stakeholder><Stakeholder><Name>The Stewart R. Mott Foundation</Name><Description></Description></Stakeholder><Stakeholder><Name>Open Society Foundations </Name><Description></Description></Stakeholder><Stakeholder><Name>Public Welfare Foundation</Name><Description></Description></Stakeholder><Stakeholder><Name>Rockefeller Brothers Fund</Name><Description></Description></Stakeholder><Stakeholder><Name>The Scherman Foundation</Name><Description></Description></Stakeholder><Stakeholder><Name>AFL-CIO</Name><Description></Description></Stakeholder><Stakeholder><Name>AFSCME</Name><Description></Description></Stakeholder><Stakeholder><Name>Federal Government Employees</Name><Description>Federal government employees can contribute through Combined Federal Campaign #10201</Description></Stakeholder><Stakeholder><Name>Combined Federal Campaign</Name><Description></Description></Stakeholder></Organization><Vision><Description>A just and democratic society in which every individual can thrive.</Description><Identifier>_a1011d70-8cff-11e2-877b-195868e382cb</Identifier></Vision><Mission><Description>Build an open, accountable government that invests in the common good, protects people and the environment, and advances the national priorities defined by an active, informed citizenry.</Description><Identifier>_a1011f8c-8cff-11e2-877b-195868e382cb</Identifier></Mission><Value><Name>Effectiveness</Name><Description></Description></Value><Value><Name>Responsiveness</Name><Description></Description></Value><Value><Name>Citizen Participation </Name><Description></Description></Value><Value><Name>Government Accountability</Name><Description></Description></Value><Value><Name>Education</Name><Description></Description></Value><Value><Name>Communication</Name><Description></Description></Value><Value><Name>Empowerment</Name><Description></Description></Value><Value><Name>Engagement</Name><Description></Description></Value><Goal><Name>Public Understanding</Name><Description>Improved public understanding of the vital role of government empowers a more engaged, informed citizenry</Description><Identifier>_a1012072-8cff-11e2-877b-195868e382cb</Identifier><SequenceIndicator>1</SequenceIndicator><Stakeholder><Name>Citizens</Name><Description></Description></Stakeholder><OtherInformation></OtherInformation><Objective><Name></Name><Description></Description><Identifier>_a101213a-8cff-11e2-877b-195868e382cb</Identifier><SequenceIndicator></SequenceIndicator><Stakeholder><Name></Name><Description></Description></Stakeholder><OtherInformation></OtherInformation></Objective></Goal><Goal><Name>Regulatory System</Name><Description>Our regulatory system has the resources, authority, and will to protect the health and well-being of the American people</Description><Identifier>_a1012216-8cff-11e2-877b-195868e382cb</Identifier><SequenceIndicator>2</SequenceIndicator><Stakeholder><Name>American People</Name><Description></Description></Stakeholder><OtherInformation></OtherInformation><Objective><Name></Name><Description></Description><Identifier>_a10122de-8cff-11e2-877b-195868e382cb</Identifier><SequenceIndicator></SequenceIndicator><Stakeholder><Name></Name><Description></Description></Stakeholder><OtherInformation></OtherInformation></Objective></Goal><Goal><Name>Disclosure</Name><Description>Proactive government disclosure of timely, useful information empowers people to participate in decision making and to safeguard the well-being of their families and communities</Description><Identifier>_a10123a6-8cff-11e2-877b-195868e382cb</Identifier><SequenceIndicator>3</SequenceIndicator><Stakeholder><Name>Families </Name><Description></Description></Stakeholder><Stakeholder><Name>Communities</Name><Description></Description></Stakeholder><OtherInformation></OtherInformation><Objective><Name></Name><Description></Description><Identifier>_a101248c-8cff-11e2-877b-195868e382cb</Identifier><SequenceIndicator></SequenceIndicator><Stakeholder><Name></Name><Description></Description></Stakeholder><OtherInformation></OtherInformation></Objective></Goal><Goal><Name>Budget and Spending</Name><Description>Transparent, effective budget and spending systems generate sustainable investments in the public structures that undergird American democracy and our quality of life</Description><Identifier>_a10125c2-8cff-11e2-877b-195868e382cb</Identifier><SequenceIndicator>4</SequenceIndicator><Stakeholder><Name></Name><Description></Description></Stakeholder><OtherInformation></OtherInformation><Objective><Name></Name><Description></Description><Identifier>_a101269e-8cff-11e2-877b-195868e382cb</Identifier><SequenceIndicator></SequenceIndicator><Stakeholder><Name></Name><Description></Description></Stakeholder><OtherInformation></OtherInformation></Objective></Goal></StrategicPlanCore><AdministrativeInformation><StartDate></StartDate><EndDate></EndDate><PublicationDate>2013-03-14</PublicationDate><Source>http://www.foreffectivegov.org/about-us</Source><Submitter><FirstName>Owen</FirstName><LastName>Ambur</LastName><PhoneNumber></PhoneNumber><EmailAddress>Owen.Ambur@verizon.net</EmailAddress></Submitter></AdministrativeInformation></StrategicPlan>