<?xml version="1.0" encoding="UTF-8"?>
<StrategicPlan xmlns="urn:ISO:std:iso:17469:tech:xsd:stratml_core" xmlns:xsi="http://www.w3.org/2001/XMLSchema-instance" xsi:schemaLocation="urn:ISO:std:iso:17469:tech:xsd:stratml_core http://xml.govwebs.net/stratml/references/StrategicPlanISOVersion20140401.xsd"><Name>ABOUT CAI</Name><Description/><OtherInformation/><StrategicPlanCore><Organization><Name>Community Associations Institute</Name><Acronym>CAI</Acronym><Identifier>_31803dca-c60d-11e4-b9a5-0191f5d5dec3</Identifier><Description>CAI is an international membership organization dedicated to building better communities. With more than 34,000 members, CAI has 63 chapters worldwide, including Canada, the Middle East and South Africa, and relationships with housing leaders in a number of other countries, including Australia and the United Kingdom.</Description><Stakeholder StakeholderTypeType="Generic_Group"><Name>Homeowner Associations</Name><Description>CAI provides information, education and resources to the homeowner volunteers who govern communities and the professionals who support them.</Description></Stakeholder><Stakeholder StakeholderTypeType="Generic_Group"><Name>Condominium Associations</Name><Description/></Stakeholder><Stakeholder StakeholderTypeType="Generic_Group"><Name>Community Association Board Members</Name><Description>CAI members include association board members and other homeowner leaders, community managers, association management firms and other professionals who provide products and services to associations.</Description></Stakeholder><Stakeholder StakeholderTypeType="Generic_Group"><Name>Homeowner Leaders</Name><Description/></Stakeholder><Stakeholder StakeholderTypeType="Generic_Group"><Name>Community Managers</Name><Description/></Stakeholder><Stakeholder StakeholderTypeType="Generic_Group"><Name>Association Management Firms</Name><Description/></Stakeholder><Stakeholder StakeholderTypeType="Generic_Group"><Name>CAI Board of Trustees</Name><Description>CAI is governed by a 15-member Boar​​d of Trustees. The Board is supported by three Membership Representation Groups (MRGs), elected members who give their constituencies a voice in crafting CAI policy and work to ensure that CAI continues to provide services and benefits that members need and value:</Description></Stakeholder><Stakeholder StakeholderTypeType="Person"><Name>Gregory G. Smith, CMCA, AMS, PCAM</Name><Description>President -- 
Associa, Lodi, CA</Description></Stakeholder><Stakeholder StakeholderTypeType="Person"><Name>John Hammersmith, CMCA, AMS, PCAM</Name><Description>President-Elect -- 
Hammersmith Management, Inc.,
Englewood, CO</Description></Stakeholder><Stakeholder StakeholderTypeType="Person"><Name>Kelly G. Richardson, Esq.</Name><Description>Immediate Past President -- 
Richardson | Ober PC,
Pasadena, CA</Description></Stakeholder><Stakeholder StakeholderTypeType="Person"><Name>Pamela D. Bailey, CMCA, AMS, PCAM</Name><Description>Chaparral Management Company, Inc.,
Houston, TX</Description></Stakeholder><Stakeholder StakeholderTypeType="Person"><Name>Brendan P. Bunn, Esq.</Name><Description>Chadwick, Washington, Moriarty, Elmore &amp; Bunn, P.C.,
Fairfax, VA </Description></Stakeholder><Stakeholder StakeholderTypeType="Person"><Name>Ursula K. Burgess, Esq.</Name><Description>Rees Broome, P.C.,
Tysons Corner, VA</Description></Stakeholder><Stakeholder StakeholderTypeType="Person"><Name>Cat Carmichael, CMCA, PCAM</Name><Description>Pacific Premier Bank,
Irvine, CA</Description></Stakeholder><Stakeholder StakeholderTypeType="Person"><Name>John Joseph Carona, Jr., AMS, PCAM</Name><Description>JCPR Holdings,
Woodway, TX</Description></Stakeholder><Stakeholder StakeholderTypeType="Person"><Name>Vanessa Dreyer, LSM, PCAM</Name><Description>CCMC, 
Scottsdale, AZ</Description></Stakeholder><Stakeholder StakeholderTypeType="Person"><Name>Lincoln W. Hobbs, Esq.</Name><Description>Hobbs &amp; Olson | Carpenter Hazlewood,
Salt Lake City, UT</Description></Stakeholder><Stakeholder StakeholderTypeType="Person"><Name>Joel W. Meskin, Esq., CIRMS, Esq., CCAL Fellow, MLIS </Name><Description>McGowan Program Administrators,
Fairview Park, OH</Description></Stakeholder><Stakeholder StakeholderTypeType="Person"><Name>Janet L. Newcomb</Name><Description>Huntington Beach, CA</Description></Stakeholder><Stakeholder StakeholderTypeType="Person"><Name>Judith Silva</Name><Description>Sacramento, CA</Description></Stakeholder><Stakeholder StakeholderTypeType="Person"><Name>Jessica Towles, CMCA, AMS, PCAM, LCAM</Name><Description>Lieberman Management Services, Inc.,
Elk Grove Village, IL</Description></Stakeholder><Stakeholder StakeholderTypeType="Person"><Name>Jennifer Flynn</Name><Description>Staff Liaison -- 
Community Associations Institute, 
Falls Church, VA</Description></Stakeholder><Stakeholder StakeholderTypeType="Person"><Name>Thomas M. Skiba, CAE</Name><Description>Staff Liaison -- 
Community Associations Institute,
Falls Church, VA</Description></Stakeholder><Stakeholder StakeholderTypeType="Person"><Name>CAI Business Partners Council</Name><Description>​​​​​The Business Partners Council represents product and services providers and professionals. The Council is made up of twelve members, with at least one person who is one of the following: Accountant, Attorney, Banker, Insurance Professional, Information Technology Professional, and Reserve Specialist. The Council provides input on policy matters to the CAI Board of Trustees, and serves as a key resource to staff. ​​​</Description></Stakeholder><Stakeholder StakeholderTypeType="Person"><Name>Cat Carmichael, CMCA, PCAM</Name><Description>Chair -- 
Pacific Premier Bank,
Irvine, CA</Description></Stakeholder><Stakeholder StakeholderTypeType="Person"><Name>Joel W. Meskin, Esq., CIRMS, Esq., CCAL Fellow, MLIS </Name><Description>Chair-elect -- 
McGowan Program Administrators,
Fairview Park, OH</Description></Stakeholder><Stakeholder StakeholderTypeType="Person"><Name>Ursula K. Burgess, Esq.</Name><Description>Rees Broome, P.C.,
Tysons Corner, VA</Description></Stakeholder><Stakeholder StakeholderTypeType="Person"><Name>Gayle L. Cagianut, CPA</Name><Description>Cagianut &amp; Company, CPA,
Bellevue, WA</Description></Stakeholder><Stakeholder StakeholderTypeType="Person"><Name>Terri Hamilton, CMCA</Name><Description>First Foundation Bank,
Irvine, CA</Description></Stakeholder><Stakeholder StakeholderTypeType="Person"><Name>Cyndi Koester, CMCA, AMS, PCAM</Name><Description>HOA Resource Advisors,
Mission Viejo, CA</Description></Stakeholder><Stakeholder StakeholderTypeType="Person"><Name>Stewart Masterson, CMCA</Name><Description>Kilowatt Partners, Inc.,
League City, TX</Description></Stakeholder><Stakeholder StakeholderTypeType="Person"><Name>Peter B. Miller, RS</Name><Description>Miller-Dodson Associates,
Annapolis, MD</Description></Stakeholder><Stakeholder StakeholderTypeType="Person"><Name>Robert Nordlund, RS, PE</Name><Description>Association Reserves, Inc.,
Calabasas, CA</Description></Stakeholder><Stakeholder StakeholderTypeType="Person"><Name>Joseph Russo</Name><Description>GetDocsNow.com,
Las Vegas, NV</Description></Stakeholder><Stakeholder StakeholderTypeType="Person"><Name>Ellen A. Shapiro, Esq., Attorney</Name><Description>Goodman, Shapiro &amp; Lombardi, LLC,
Dedham, MA</Description></Stakeholder><Stakeholder StakeholderTypeType="Person"><Name>Vishnu Sharma, CPA CFE</Name><Description>Sharma &amp; Associates, Inc.,
Fort Lauderdale, FL</Description></Stakeholder><Stakeholder StakeholderTypeType="Person"><Name>Joseph P. Waldron, AMS, PCAM, CIRMS</Name><Description>Bouvier Insurance,
Nashville, TN</Description></Stakeholder><Stakeholder StakeholderTypeType="Person"><Name>Mr. Bruce A. Townsend, CPA</Name><Description>Staff Liaison -- 
Community Associations Institute,
Falls Church, VA</Description></Stakeholder><Stakeholder StakeholderTypeType="Generic_Group"><Name>CAI Community Association Volunteers Committee</Name><Description>​​​The Community Association Volunteers Committee represents community association volunteer leaders and homeowner members. The Committee consists of six members, who are either community association volunteer leaders or homeowner members. The Committee provides input on policy matters to the CAI Board of Trustees and serves as a key resource to staff. </Description></Stakeholder><Stakeholder StakeholderTypeType="Person"><Name>Judith Silva</Name><Description>Chair -- 
Sacramento, CA</Description></Stakeholder><Stakeholder StakeholderTypeType="Person"><Name>Janet L. Newcomb</Name><Description>Chair-elect -- 
Huntington Beach, CA</Description></Stakeholder><Stakeholder StakeholderTypeType="Person"><Name>Jean Bestafka</Name><Description>Renaissance Homeowners Association,
Manchester, NJ</Description></Stakeholder><Stakeholder StakeholderTypeType="Person"><Name>John Keith Connors, LPC</Name><Description>Canyon Creek Homeowners Association,
Austin, TX</Description></Stakeholder><Stakeholder StakeholderTypeType="Person"><Name>Judith Hanson</Name><Description>Sun City Aliante Community Association,
North Las Vegas, NV</Description></Stakeholder><Stakeholder StakeholderTypeType="Person"><Name>Floyd Smiley, MS, MBA</Name><Description>Southbay Yacht &amp; Racquet Club,
Osprey, FL</Description></Stakeholder><Stakeholder StakeholderTypeType="Person"><Name>Jennifer Flynn</Name><Description>Staff Liaison -- 
Community Associations Institute,
Falls Church, VA</Description></Stakeholder></Organization><Vision><Description>Homeowner and condominium associations exceed the expectations of their residents. </Description><Identifier>_b09a1e9c-d3d8-11e7-b5bd-777470068471</Identifier></Vision><Mission><Description>To inspire professionalism, effective leadership and responsible citizenship</Description><Identifier>_b09a1fdc-d3d8-11e7-b5bd-777470068471</Identifier></Mission><Value><Name>Professionalism</Name><Description/></Value><Value><Name>Leadership</Name><Description/></Value><Value><Name>Citizenship</Name><Description/></Value><Goal><Name>Professional Development</Name><Description>Advance excellence through professional designations for community managers and other industry professionals.</Description><Identifier>_39bae6f2-c60d-11e4-b99d-0192f5d5dec3</Identifier><SequenceIndicator>1</SequenceIndicator><Stakeholder><Name/><Description/></Stakeholder><OtherInformation/><Objective><Name>Seminars</Name><Description/><Identifier>_b09a20ae-d3d8-11e7-b5bd-777470068471</Identifier><SequenceIndicator>1.1</SequenceIndicator><Stakeholder><Name/><Description/></Stakeholder><OtherInformation/></Objective><Objective><Name>Workshops</Name><Description/><Identifier>_b09a2252-d3d8-11e7-b5bd-777470068471</Identifier><SequenceIndicator>1.2</SequenceIndicator><Stakeholder><Name/><Description/></Stakeholder><OtherInformation/></Objective><Objective><Name>Conferences</Name><Description/><Identifier>_b09a2324-d3d8-11e7-b5bd-777470068471</Identifier><SequenceIndicator>1.3</SequenceIndicator><Stakeholder><Name/><Description/></Stakeholder><OtherInformation/></Objective><Objective><Name>Education Programs</Name><Description/><Identifier>_b09a23f6-d3d8-11e7-b5bd-777470068471</Identifier><SequenceIndicator>1.4</SequenceIndicator><Stakeholder><Name/><Description/></Stakeholder><OtherInformation/></Objective></Goal><Goal><Name>Resources</Name><Description>Publish the largest collection of resources available on community association management and governance.</Description><Identifier>_b09a24d2-d3d8-11e7-b5bd-777470068471</Identifier><SequenceIndicator>2</SequenceIndicator><Stakeholder><Name/><Description/></Stakeholder><OtherInformation/><Objective><Name>Website</Name><Description/><Identifier>_b09a259a-d3d8-11e7-b5bd-777470068471</Identifier><SequenceIndicator>2.1</SequenceIndicator><Stakeholder><Name/><Description/></Stakeholder><OtherInformation/></Objective><Objective><Name>Books</Name><Description/><Identifier>_b09a268a-d3d8-11e7-b5bd-777470068471</Identifier><SequenceIndicator>2.2</SequenceIndicator><Stakeholder><Name/><Description/></Stakeholder><OtherInformation/></Objective><Objective><Name>Guides</Name><Description/><Identifier>_b09a2748-d3d8-11e7-b5bd-777470068471</Identifier><SequenceIndicator>2.3</SequenceIndicator><Stakeholder><Name/><Description/></Stakeholder><OtherInformation/></Objective><Objective><Name>Magazine</Name><Description>Publish Common Ground magazine</Description><Identifier>_b09a2824-d3d8-11e7-b5bd-777470068471</Identifier><SequenceIndicator>2.4</SequenceIndicator><Stakeholder><Name/><Description/></Stakeholder><OtherInformation/></Objective><Objective><Name>Newsletters</Name><Description>Issue specialized newsletters</Description><Identifier>_b09a28ec-d3d8-11e7-b5bd-777470068471</Identifier><SequenceIndicator>2.5</SequenceIndicator><Stakeholder><Name/><Description/></Stakeholder><OtherInformation/></Objective></Goal><Goal><Name>Advocacy</Name><Description>Advocate on behalf of common-interest communities and industry professionals before legislatures, regulatory bodies and the courts.</Description><Identifier>_39badea0-c60d-11e4-b99d-0192f5d5dec3</Identifier><SequenceIndicator>3</SequenceIndicator><Stakeholder StakeholderTypeType="Generic_Group"><Name>Legislatures</Name><Description/></Stakeholder><Stakeholder StakeholderTypeType="Generic_Group"><Name>Regulatory Bodies</Name><Description/></Stakeholder><Stakeholder StakeholderTypeType="Generic_Group"><Name>Courts</Name><Description/></Stakeholder><OtherInformation/><Objective><Name/><Description/><Identifier>_b09a29d2-d3d8-11e7-b5bd-777470068471</Identifier><SequenceIndicator/><Stakeholder><Name/><Description/></Stakeholder><OtherInformation/></Objective></Goal><Goal><Name>Research &amp; Information</Name><Description>Conduct research and serve as an international clearinghouse for information, innovations and best practices in community association development, governance and management.</Description><Identifier>_b09a2aae-d3d8-11e7-b5bd-777470068471</Identifier><SequenceIndicator>4</SequenceIndicator><Stakeholder><Name/><Description/></Stakeholder><OtherInformation/><Objective><Name/><Description/><Identifier>_b09a2cde-d3d8-11e7-b5bd-777470068471</Identifier><SequenceIndicator/><Stakeholder><Name/><Description/></Stakeholder><OtherInformation/></Objective></Goal></StrategicPlanCore><AdministrativeInformation><PublicationDate>2017-11-27</PublicationDate><Source>https://www.caionline.org/AboutCAI/Pages/default.aspx</Source><Submitter><GivenName>Owen</GivenName><Surname>Ambur</Surname><PhoneNumber/><EmailAddress>Owen.Ambur@verizon.net</EmailAddress></Submitter></AdministrativeInformation></StrategicPlan>