<?xml version="1.0" encoding="UTF-8"?>
<StrategicPlan xmlns="urn:ISO:std:iso:17469:tech:xsd:stratml_core" xmlns:xsi="http://www.w3.org/2001/XMLSchema-instance" xsi:schemaLocation="urn:ISO:std:iso:17469:tech:xsd:stratml_core http://xml.govwebs.net/stratml/references/StrategicPlanISOVersion20140401.xsd"><Name>Harvard Ash Center Launches Nationwide Network of Urban Chief Data Officers</Name><Description>The Ash Center for Democratic Governance and Innovation, a leading research center at the Harvard Kennedy School today announced that it has been awarded a grant by the Laura and John Arnold Foundation to establish and support a national peer network of urban Chief Data Officers (CDOs).</Description><OtherInformation/><StrategicPlanCore><Organization><Name>Ash Center for Democratic Governance and Innovation</Name><Acronym>ACDGI</Acronym><Identifier>_0a0fdcfc-e0f0-4f07-a3a1-a9815f9e5151</Identifier><Description>The Roy and Lila Ash Center for Democratic Governance and Innovation advances excellence and innovation in governance and public policy through research, education, and public discussion. Three major programs support our mission: the Program on Democratic Governance, the Innovations in Government Program, and the Rajawali Foundation Institute for Asia. For more information, visit www.ash.harvard.edu</Description><Stakeholder StakeholderTypeType="Organization"><Name>Harvard Kennedy School</Name><Description/></Stakeholder><Stakeholder StakeholderTypeType="Organization"><Name>Daniel Harsha</Name><Description>Contact -- Associate Director for Communications,
Ash Center for Democratic Governance and Innovation,
Harvard Kennedy School</Description></Stakeholder><Stakeholder StakeholderTypeType="Organization"><Name>Laura and John Arnold Foundation</Name><Description/></Stakeholder><Stakeholder StakeholderTypeType="Generic_Group"><Name>Chief Data Officers (CDOs)</Name><Description/></Stakeholder><Stakeholder StakeholderTypeType="Person"><Name>Stephen Goldsmith</Name><Description>"CDOs are at the forefront of the technological revolution reshaping local governments across the country," said Stephen Goldsmith, the Daniel Paul Professor of the Practice of Government at the Ash Center. "The Civic Analytics Network will allow us to build an important peer network of digital innovators to share creative solutions and strengthen our understanding of how cities and counties can better harness and apply data to address the 21st century challenges of urban governance."</Description></Stakeholder><Stakeholder StakeholderTypeType="Person"><Name>Tom Schenk Jr.</Name><Description>"We're excited that Harvard's Ash Center will bring us together to share ideas", said Tom Schenk Jr., Chicago's Chief Data Officer. "Cities will be able to build upon each other, team-up on creating solutions, and act stronger as a network."</Description></Stakeholder><Stakeholder StakeholderTypeType="Person"><Name>Josh McGee</Name><Description>"Local governments across the country are working to better utilize data and evidence to solve important problems", said Josh McGee, Vice President of Public Accountability at the Laura and John Arnold Foundation. "The Civic Analytics Network will support leaders who are committed to making measurable progress in addressing problems including homelessness, teen pregnancy and neighborhood blight."</Description></Stakeholder><Stakeholder StakeholderTypeType="Generic_Group"><Name>CAN Communities</Name><Description>Initial participating communities in the Civic Analytics Network include:</Description></Stakeholder><Stakeholder StakeholderTypeType="Organization"><Name>Allegheny County, Pennsylvania</Name><Description/></Stakeholder><Stakeholder StakeholderTypeType="Organization"><Name>City of Boston, Massachusetts</Name><Description/></Stakeholder><Stakeholder StakeholderTypeType="Organization"><Name>City of Chicago, Illinois</Name><Description/></Stakeholder><Stakeholder StakeholderTypeType="Organization"><Name>King County, Washington</Name><Description/></Stakeholder><Stakeholder StakeholderTypeType="Organization"><Name>City of Los Angeles, California</Name><Description/></Stakeholder><Stakeholder StakeholderTypeType="Organization"><Name>City of New Orleans, Louisiana</Name><Description/></Stakeholder><Stakeholder StakeholderTypeType="Organization"><Name>City of New York, New York</Name><Description/></Stakeholder><Stakeholder StakeholderTypeType="Organization"><Name>City of Minneapolis, Minnesota</Name><Description/></Stakeholder><Stakeholder StakeholderTypeType="Organization"><Name>City of Pittsburgh, Pennsylvania</Name><Description/></Stakeholder><Stakeholder StakeholderTypeType="Organization"><Name>City of San Diego, California</Name><Description/></Stakeholder><Stakeholder StakeholderTypeType="Organization"><Name>City and County of San Francisco, California</Name><Description/></Stakeholder><Stakeholder StakeholderTypeType="Organization"><Name>City of Seattle, Washington</Name><Description/></Stakeholder></Organization><Vision><Description>... the 21st century challenges of urban governance are addressed.</Description><Identifier>_1ccb36c2-0582-11e6-a5ec-bb1bf26a1bf3</Identifier></Vision><Mission><Description>To establish and support a national peer network of urban Chief Data Officers</Description><Identifier>_1ccb397e-0582-11e6-a5ec-bb1bf26a1bf3</Identifier></Mission><Value><Name/><Description/></Value><Goal><Name>Civic Analytics Network</Name><Description>Collaborate on projects to advance use of data visualization and predictive analytics to solve urban problems</Description><Identifier>_1ccb3a8c-0582-11e6-a5ec-bb1bf26a1bf3</Identifier><SequenceIndicator>1</SequenceIndicator><Stakeholder StakeholderTypeType="Generic_Group"><Name>Urban Areas</Name><Description/></Stakeholder><Stakeholder StakeholderTypeType="Generic_Group"><Name>Local Governments</Name><Description>The Arnold Foundation grant will help transform the way local governments deliver services and set urban policy by improving their access to and use of new technologies and their focus on cross agency and collaborative solutions. </Description></Stakeholder><OtherInformation>The Civic Analytics Network will collaborate on shared projects that advance the use of data visualization and predictive analytics in solving important urban problems related to economic opportunity, poverty reduction, and addressing the root causes of social problems.</OtherInformation><Objective><Name>Analytics</Name><Description>Develop use cases to address multi-disciplinary social service challenges where solutions must be cross-cutting and involve multiple agencies.</Description><Identifier>_1ccb3b72-0582-11e6-a5ec-bb1bf26a1bf3</Identifier><SequenceIndicator>1</SequenceIndicator><Stakeholder StakeholderTypeType="Organization"><Name>Center for Data Science and Public Policy</Name><Description>at the University of Chicago</Description></Stakeholder><OtherInformation>Analytics use case development.  The Ash Center, in partnership with the Center for Data Science and Public Policy at the University of Chicago, will develop use cases to address multi-disciplinary social service challenges where solutions must be cross-cutting and involve multiple agencies.</OtherInformation></Objective><Objective><Name>Visualization</Name><Description>Create and promote a shared site for cross city/county collaboration on the use of data visualization.</Description><Identifier>_1ccb3c76-0582-11e6-a5ec-bb1bf26a1bf3</Identifier><SequenceIndicator>2</SequenceIndicator><Stakeholder><Name/><Description/></Stakeholder><OtherInformation>Shared platform for data visualization.  The Ash Center will create and promote a shared site for cross city/county collaboration on the use of data visualization to better understand patterns of need for municipal services and gaps in addressing public need. This place-based GIS tool will allow public officials to visualize problems and the various interventions in a GIS-tagged format to improve decision making.</OtherInformation></Objective><Objective><Name>Convenings</Name><Description>Convene to facilitate discussion of ongoing challenges and accomplishments.</Description><Identifier>_1ccb3d70-0582-11e6-a5ec-bb1bf26a1bf3</Identifier><SequenceIndicator>3</SequenceIndicator><Stakeholder><Name/><Description/></Stakeholder><OtherInformation>The Civic Analytics Network will convene twice annually in person and monthly by telephone to facilitate discussion of ongoing challenges and accomplishments.  In between formal sessions, the Ash Center will serve as a central advisory, information and referral source among the cities and counties to catalyze success across the network.</OtherInformation></Objective><Objective><Name>Dissemination</Name><Description>Disseminate scholarly and practical research on the use of data visualization and predictive analytics.</Description><Identifier>_1ccb3e6a-0582-11e6-a5ec-bb1bf26a1bf3</Identifier><SequenceIndicator>4</SequenceIndicator><Stakeholder StakeholderTypeType="Generic_Group"><Name>Cities</Name><Description/></Stakeholder><Stakeholder StakeholderTypeType="Generic_Group"><Name>Counties</Name><Description/></Stakeholder><Stakeholder StakeholderTypeType="Generic_Group"><Name>Data Fellows</Name><Description>In addition, partner cities and counties will be supported by Data Fellows, who will provide constant documentation and reporting of attempts, processes and successes.</Description></Stakeholder><OtherInformation>Through white papers, case studies, and conferences, the Ash Center will disseminate scholarly and practical research on the use of data visualization and predictive analytics in cities and counties throughout the country. </OtherInformation></Objective></Goal></StrategicPlanCore><AdministrativeInformation><StartDate>2016-04-11</StartDate><PublicationDate>2016-04-18</PublicationDate><Source>http://ash.harvard.edu/news/harvard-ash-center-launches-nationwide-network-urban-chief-data-officers</Source><Submitter><GivenName>Owen</GivenName><Surname>Ambur</Surname><PhoneNumber/><EmailAddress>Owen.Ambur@verizon.net</EmailAddress></Submitter></AdministrativeInformation></StrategicPlan>