<?xml version="1.0" encoding="UTF-8"?>
<StrategicPlan xmlns="urn:ISO:std:iso:17469:tech:xsd:stratml_core" xmlns:xsi="http://www.w3.org/2001/XMLSchema-instance" xsi:schemaLocation="urn:ISO:std:iso:17469:tech:xsd:stratml_core http://xml.govwebs.net/stratml/references/StrategicPlanISOVersion20140401.xsd"><Name>About Cato</Name><Description></Description><OtherInformation></OtherInformation><StrategicPlanCore><Organization><Name>Cato Institute</Name><Acronym>Cato</Acronym><Identifier>_a17b77a0-6df4-11df-92e3-6a267a64ea2a</Identifier><Description>The Cato Institute was founded in 1977 by Edward H. Crane. It is a non-profit public policy research foundation headquartered in Washington, D.C. The Institute is named for Cato's Letters, a series of libertarian pamphlets that helped lay the philosophical foundation for the American Revolution.
How Cato Is Funded - 
In order to maintain its independence, the Cato Institute accepts no government funding. Cato receives approximately 75 percent of its funding from individuals, with lesser amounts coming from foundations, corporations, and the sale of publications. The Cato Institute is a nonprofit, tax-exempt educational foundation under Section 501(c) 3 of the Internal Revenue Code. Cato's 2007 revenues were over $24 million, and it has approximately 105 full-time employees, 75 adjunct scholars, and 23 fellows, plus interns.</Description><Stakeholder><Name></Name><Description></Description></Stakeholder></Organization><Vision><Description></Description><Identifier>_a17b79c6-6df4-11df-92e3-6a267a64ea2a</Identifier></Vision><Mission><Description>The mission of the Cato Institute is to increase the understanding of public policies based on the principles of limited government, free markets, individual liberty, and peace. The Institute will use the most effective means to originate, advocate, promote, and disseminate applicable policy proposals that create free, open, and civil societies in the United States and throughout the world.</Description><Identifier>_a17b7ad4-6df4-11df-92e3-6a267a64ea2a</Identifier></Mission><Value><Name>Individual Liberty</Name><Description></Description></Value><Value><Name>Free Markets</Name><Description>Free-market capitalism -- the most progressive, dynamic, and ever-changing system the world has ever known.</Description></Value><Value><Name>Peace</Name><Description></Description></Value><Value><Name>Limited Government</Name><Description></Description></Value><Value><Name>The Rule of Law</Name><Description></Description></Value><Value><Name>Entrepreneurship</Name><Description></Description></Value><Value><Name>Lower Taxes</Name><Description></Description></Value><Value><Name>Civil Liberties</Name><Description></Description></Value><Value><Name>Skepticism</Name><Description></Description></Value><Value><Name>Libertarianism or Market Liberalism</Name><Description>How to Label Cato - 
Today, those who subscribe to the principles of the American Revolution--individual liberty, limited government, the free market, and the rule of law--call themselves by a variety of terms, including conservative, libertarian, classical liberal, and liberal. We see problems with all of those terms. &quot;Conservative&quot; smacks of an unwillingness to change, of a desire to preserve the status quo. Only in America do people seem to refer to free-market capitalism--the most progressive, dynamic, and ever-changing system the world has ever known--as conservative. Additionally, many contemporary American conservatives favor state intervention in some areas, most notably in trade and into our private lives. 

&quot;Classical liberal&quot; is a bit closer to the mark, but the word &quot;classical&quot; connotes a backward-looking philosophy. 

Finally, &quot;liberal&quot; may well be the perfect word in most of the world--the liberals in societies from China to Iran to South Africa to Argentina are supporters of human rights and free markets--but its meaning has clearly been corrupted by contemporary American liberals. 

The Jeffersonian philosophy that animates Cato's work has increasingly come to be called &quot;libertarianism&quot; or &quot;market liberalism.&quot; It combines an appreciation for entrepreneurship, the market process, and lower taxes with strict respect for civil liberties and skepticism about the benefits of both the welfare state and foreign military adventurism. 

The market-liberal vision brings the wisdom of the American Founders to bear on the problems of today. As did the Founders, it looks to the future with optimism and excitement, eager to discover what great things women and men will do in the coming century. Market liberals appreciate the complexity of a great society, they recognize that socialism and government planning are just too clumsy for the modern world. It is--or used to be--the conventional wisdom that a more complex society needs more government, but the truth is just the opposite. The simpler the society, the less damage government planning does. Planning is cumbersome in an agricultural society, costly in an industrial economy, and impossible in the information age. Today collectivism and planning are outmoded and backward, a drag on social progress. 

Market liberals have a cosmopolitan, inclusive vision for society. We reject the bashing of gays, China, rich people, and immigrants that contemporary liberals and conservatives seem to think addresses society's problems. We applaud the liberation of blacks and women from the statist restrictions that for so long kept them out of the economic mainstream. Our greatest challenge today is to extend the promise of political freedom and economic opportunity to those who are still denied it, in our own country and around the world. </Description></Value><Goal><Name>Publications</Name><Description>Undertake an extensive publications program.</Description><Identifier>_a17b7b92-6df4-11df-92e3-6a267a64ea2a</Identifier><SequenceIndicator>1</SequenceIndicator><Stakeholder><Name></Name><Description></Description></Stakeholder><OtherInformation>The Cato Institute undertakes an extensive publications program dealing with the complete spectrum of public policy issues. Books, monographs, briefing papers and shorter studies are commissioned to examine issues in nearly every corner of the public policy debate.</OtherInformation><Objective><Name>Books</Name><Description>Commission books.</Description><Identifier>_a17b7c8c-6df4-11df-92e3-6a267a64ea2a</Identifier><SequenceIndicator>1.1</SequenceIndicator><Stakeholder><Name></Name><Description></Description></Stakeholder><OtherInformation></OtherInformation></Objective><Objective><Name>Monographs</Name><Description>Commission monographs.</Description><Identifier>_a17b7d40-6df4-11df-92e3-6a267a64ea2a</Identifier><SequenceIndicator>1.2</SequenceIndicator><Stakeholder><Name></Name><Description></Description></Stakeholder><OtherInformation></OtherInformation></Objective><Objective><Name>Briefing Papers</Name><Description>Commission briefing papers.</Description><Identifier>_a17b7df4-6df4-11df-92e3-6a267a64ea2a</Identifier><SequenceIndicator>1.3</SequenceIndicator><Stakeholder><Name></Name><Description></Description></Stakeholder><OtherInformation></OtherInformation></Objective><Objective><Name>Short Studies</Name><Description>Commission short studies.</Description><Identifier>_a17b7eb2-6df4-11df-92e3-6a267a64ea2a</Identifier><SequenceIndicator>1.4</SequenceIndicator><Stakeholder><Name></Name><Description></Description></Stakeholder><OtherInformation></OtherInformation></Objective><Objective><Name>Magazine</Name><Description>Publish the magazine Regulation quarterly.</Description><Identifier>_a17b7f7a-6df4-11df-92e3-6a267a64ea2a</Identifier><SequenceIndicator>1.5</SequenceIndicator><Stakeholder><Name></Name><Description></Description></Stakeholder><OtherInformation></OtherInformation></Objective><Objective><Name>Newsletter</Name><Description>Publish a newsletter, Cato Policy Report, bimonthly. </Description><Identifier>_a17b8042-6df4-11df-92e3-6a267a64ea2a</Identifier><SequenceIndicator>1.6</SequenceIndicator><Stakeholder><Name></Name><Description></Description></Stakeholder><OtherInformation></OtherInformation></Objective></Goal><Goal><Name>Events</Name><Description>Regularly hold policy forums, book forums, and major policy conferences.</Description><Identifier>_a17b810a-6df4-11df-92e3-6a267a64ea2a</Identifier><SequenceIndicator>2</SequenceIndicator><Stakeholder><Name></Name><Description></Description></Stakeholder><OtherInformation>Policy forums and book forums are held regularly, as are major policy conferences, which Cato hosts throughout the year, and from which papers are published thrice yearly in the Cato Journal. All of these events are taped and archived on Cato's Web site. Additionally, Cato has held major conferences in London, Moscow, Shanghai, and Mexico City. </OtherInformation><Objective><Name>Web Archive</Name><Description>Tape and archive the proceedings of each event on Cato's Web site.</Description><Identifier>_a17b81e6-6df4-11df-92e3-6a267a64ea2a</Identifier><SequenceIndicator></SequenceIndicator><Stakeholder><Name></Name><Description></Description></Stakeholder><OtherInformation></OtherInformation></Objective></Goal></StrategicPlanCore><AdministrativeInformation><StartDate></StartDate><EndDate></EndDate><PublicationDate>2010-06-01</PublicationDate><Source>http://www.cato.org/about.php</Source><Submitter><FirstName>Owen</FirstName><LastName>Ambur</LastName><PhoneNumber></PhoneNumber><EmailAddress>Owen.Ambur@verizon.net</EmailAddress></Submitter></AdministrativeInformation></StrategicPlan>