<?xml version="1.0" encoding="UTF-8"?>
<StrategicPlan xmlns="urn:ISO:std:iso:17469:tech:xsd:stratml_core" xmlns:xsi="http://www.w3.org/2001/XMLSchema-instance" xsi:schemaLocation="urn:ISO:std:iso:17469:tech:xsd:stratml_core http://xml.govwebs.net/stratml/references/StrategicPlanISOVersion20140401.xsd"><Name>BBB Mission &amp; Vision</Name><Description/><OtherInformation/><StrategicPlanCore><Organization><Name>Council of Better Business Bureaus</Name><Acronym>CBBB</Acronym><Identifier>_bed467e6-5873-461b-ac40-490f36136b07</Identifier><Description>CBBB is the network hub for BBBs in the US and Canada.  Like  BBBs, CBBB is dedicated to fostering honest and responsive relationships between businesses and consumers, instilling consumer confidence and contributing to a trustworthy marketplace for all.

CBBB, a nonprofit organization, has a mutually-supportive relationship with:

National Partners - approximately 200 organizations that are leaders in their industries and share in a commitment to corporate responsibility and the ideals of the BBB.

BBBs - 113 local, independent BBBs in the United States, Canada and Mexico, that serve accredited BBB businesses and consumers in their local communities...

As new challenges to marketplace trust surface, CBBB and its national initiatives and ongoing programs are more relevant than ever.</Description><Stakeholder StakeholderTypeType="Generic_Group"><Name>CBBB National Partners</Name><Description>approximately 200 organizations that are leaders in their industries and share in a commitment to corporate responsibility and the ideals of the BBB.</Description></Stakeholder><Stakeholder StakeholderTypeType="Generic_Group"><Name>BBBs</Name><Description>113 local, independent BBBs in the United States, Canada and Mexico, that serve accredited BBB businesses and consumers in their local communities.</Description></Stakeholder><Stakeholder StakeholderTypeType="Generic_Group"><Name>Local Communities</Name><Description/></Stakeholder><Stakeholder StakeholderTypeType="Generic_Group"><Name>Business Community</Name><Description>CBBB is one of the nation's recognized leaders in developing and administering self-regulation programs for the business community, and, with respect to the advertising industry, does that in conjunction with the National Advertising Review Council, a joint venture with the Association of National Advertisers, the American Association of Advertising Agencies, the American Advertising Federation, the Direct Marketing Association, the Electronic Retailing Association and the Interactive Advertising Bureau. </Description></Stakeholder><Stakeholder StakeholderTypeType="Organization"><Name>National Advertising Review Council</Name><Description>a joint venture with the Association of National Advertisers, the American Association of Advertising Agencies, the American Advertising Federation, the Direct Marketing Association, the Electronic Retailing Association and the Interactive Advertising Bureau. </Description></Stakeholder></Organization><Vision><Description>An ethical marketplace where buyers and sellers trust each other.</Description><Identifier>_773706a4-c496-11e5-8402-7637134596b3</Identifier></Vision><Mission><Description>To be the leader in advancing marketplace trust.</Description><Identifier>_773708b6-c496-11e5-8402-7637134596b3</Identifier></Mission><Value><Name>Trust</Name><Description>BBB sees trust as a function of two primary factors -- integrity and performance.</Description></Value><Value><Name>Integrity</Name><Description>Integrity includes respect, ethics and intent.</Description></Value><Value><Name>Performance</Name><Description>Performance speaks to a business’s track record of delivering results in accordance with BBB standards and/or addressing customer concerns in a timely, satisfactory manner.</Description></Value><Value><Name>Education</Name><Description>BBB ensures that high standards for trust are set and maintained. We exist so consumers and businesses alike have an unbiased source to guide them on matters of trust. We provide educational information and expert advice that is free of charge and easily accessible.</Description></Value><Value><Name>Expertise</Name><Description/></Value><Value><Name>Accreditation</Name><Description>BBB Accreditation is an honor -- and not every business is eligible. Businesses that meet our high standards are invited to seek BBB accreditation.  Businesses deemed to meet Accreditation Standards are presented to the BBB's Board (or designees) for review and acceptance as a BBB Accredited Business...</Description></Value><Value><Name>Best Practices</Name><Description>All BBB accredited businesses have agreed to live up to our Standards for Trust,   a comprehensive set of best practices for how businesses should treat the public in a fair and honest manner.</Description></Value><Value><Name>Fairness</Name><Description/></Value><Value><Name>Honesty</Name><Description/></Value><Value><Name>Standards</Name><Description>BBB does not compare businesses against each other but rather evaluates businesses against our standards -- and our standards clearly speak to the character and competence of an organization.</Description></Value><Value><Name>Evaluation</Name><Description/></Value><Value><Name>Character</Name><Description/></Value><Value><Name>Competence</Name><Description/></Value><Value><Name>Objectivity</Name><Description>BBB is the resource to turn to for objective, unbiased information on businesses. Our network of BBBs allows us to monitor and take action on thousands of business issues affecting consumers at any given time.</Description></Value><Value><Name>Advice</Name><Description>BBB is your key adviser, most reliable evaluator and most objective expert on the topic of trust in the marketplace.</Description></Value><Value><Name>Reliability</Name><Description/></Value><Goal><Name>Standards</Name><Description>Set standards for marketplace trust</Description><Identifier>_77370988-c496-11e5-8402-7637134596b3</Identifier><SequenceIndicator>1</SequenceIndicator><Stakeholder><Name/><Description/></Stakeholder><OtherInformation/><Objective><Name/><Description/><Identifier>_77370a3c-c496-11e5-8402-7637134596b3</Identifier><SequenceIndicator/><Stakeholder><Name/><Description/></Stakeholder><OtherInformation/></Objective></Goal><Goal><Name>Best Practices</Name><Description>Encourage and support best practices by engaging with and educating consumers and businesses</Description><Identifier>_77370b0e-c496-11e5-8402-7637134596b3</Identifier><SequenceIndicator>2</SequenceIndicator><Stakeholder><Name/><Description/></Stakeholder><OtherInformation/><Objective><Name/><Description/><Identifier>_77370bcc-c496-11e5-8402-7637134596b3</Identifier><SequenceIndicator/><Stakeholder><Name/><Description/></Stakeholder><OtherInformation/></Objective></Goal><Goal><Name>Role Models</Name><Description>Celebrate marketplace role models</Description><Identifier>_77370c8a-c496-11e5-8402-7637134596b3</Identifier><SequenceIndicator>3</SequenceIndicator><Stakeholder><Name/><Description/></Stakeholder><OtherInformation/><Objective><Name/><Description/><Identifier>_77370d8e-c496-11e5-8402-7637134596b3</Identifier><SequenceIndicator/><Stakeholder><Name/><Description/></Stakeholder><OtherInformation/></Objective></Goal><Goal><Name>Substandard Behavior</Name><Description>Call out and address substandard marketplace behavior</Description><Identifier>_77370e4c-c496-11e5-8402-7637134596b3</Identifier><SequenceIndicator>4</SequenceIndicator><Stakeholder><Name/><Description/></Stakeholder><OtherInformation/><Objective><Name/><Description/><Identifier>_77370f00-c496-11e5-8402-7637134596b3</Identifier><SequenceIndicator/><Stakeholder><Name/><Description/></Stakeholder><OtherInformation/></Objective></Goal><Goal><Name>Community</Name><Description>Create a community of trustworthy businesses and charities</Description><Identifier>_77370fd2-c496-11e5-8402-7637134596b3</Identifier><SequenceIndicator>5</SequenceIndicator><Stakeholder StakeholderTypeType="Generic_Group"><Name>Businesses</Name><Description/></Stakeholder><Stakeholder StakeholderTypeType="Generic_Group"><Name>Charities</Name><Description/></Stakeholder><OtherInformation/><Objective><Name/><Description/><Identifier>_77371086-c496-11e5-8402-7637134596b3</Identifier><SequenceIndicator/><Stakeholder><Name/><Description/></Stakeholder><OtherInformation/></Objective></Goal></StrategicPlanCore><AdministrativeInformation><PublicationDate>2016-01-26</PublicationDate><Source>http://www.bbb.org/council/about/vision-mission-and-values/</Source><Submitter><GivenName>Owen</GivenName><Surname>Ambur</Surname><PhoneNumber/><EmailAddress>Owen.Ambur@verizon.net</EmailAddress></Submitter></AdministrativeInformation></StrategicPlan>