<?xml version="1.0" encoding="UTF-8"?>
<StrategicPlan xmlns="urn:ISO:std:iso:17469:tech:xsd:stratml_core" xmlns:xsi="http://www.w3.org/2001/XMLSchema-instance" xsi:schemaLocation="urn:ISO:std:iso:17469:tech:xsd:stratml_core http://xml.govwebs.net/stratml/references/StrategicPlanISOVersion20140401.xsd"><Name>Background and History</Name><Description></Description><OtherInformation></OtherInformation><StrategicPlanCore><Organization><Name>Community Building Institute</Name><Acronym>CBI</Acronym><Identifier>_8de3d510-3efb-11e0-966b-1a557a64ea2a</Identifier><Description>Founded in 2000, the Community Building Institute (CBI) helps communities improve the way they conduct public business to be more inclusive, more collaborative, and more effective in order to build vibrant, sustainable, and equitable communities. CBI works with all levels of government, nonprofits, foundations, and other community focused organizations, offering a complementary set of services.</Description><Stakeholder><Name>William Potapchuk </Name><Description>Owner</Description></Stakeholder><Stakeholder><Name>Government Agencies</Name><Description></Description></Stakeholder><Stakeholder><Name>Nonprofits</Name><Description></Description></Stakeholder><Stakeholder><Name>Foundations</Name><Description></Description></Stakeholder><Stakeholder><Name>Community Focused Organizations</Name><Description></Description></Stakeholder></Organization><Vision><Description></Description><Identifier>_8de3d722-3efb-11e0-966b-1a557a64ea2a</Identifier></Vision><Mission><Description>To help communities improve the way they conduct public business to be more inclusive, more collaborative, and more effective in order to build vibrant, sustainable, and equitable communities.</Description><Identifier>_8de3d7f4-3efb-11e0-966b-1a557a64ea2a</Identifier></Mission><Value><Name></Name><Description></Description></Value><Goal><Name>Facilitation and Mediation Services</Name><Description>Help diverse groups work together better, improving relationships, building plans, and working on implementation.</Description><Identifier>_8de3d880-3efb-11e0-966b-1a557a64ea2a</Identifier><SequenceIndicator>1</SequenceIndicator><Stakeholder><Name>Diverse Groups</Name><Description></Description></Stakeholder><OtherInformation></OtherInformation><Objective><Name></Name><Description></Description><Identifier>_8de3d90c-3efb-11e0-966b-1a557a64ea2a</Identifier><SequenceIndicator></SequenceIndicator><Stakeholder><Name></Name><Description></Description></Stakeholder><OtherInformation></OtherInformation></Objective></Goal><Goal><Name>Collaborative Processes</Name><Description>Design large scale collaborative processes.</Description><Identifier>_8de3d998-3efb-11e0-966b-1a557a64ea2a</Identifier><SequenceIndicator>2</SequenceIndicator><Stakeholder><Name>Communities</Name><Description></Description></Stakeholder><OtherInformation>Many communities &#8211; recognizing the need to engage citizens and stakeholders in different ways &#8211; need different kinds of meetings sequenced over times to achieve results. CBI helps design processes that link consensus building, internal engagement, public participation, and public communications.
</OtherInformation><Objective><Name></Name><Description></Description><Identifier>_8de3da24-3efb-11e0-966b-1a557a64ea2a</Identifier><SequenceIndicator></SequenceIndicator><Stakeholder><Name></Name><Description></Description></Stakeholder><OtherInformation></OtherInformation></Objective></Goal><Goal><Name>Governmental Collaborative Capacity</Name><Description>Help government build capacity to become more collaborative.</Description><Identifier>_8de3dac4-3efb-11e0-966b-1a557a64ea2a</Identifier><SequenceIndicator>3</SequenceIndicator><Stakeholder><Name>Government Agencies</Name><Description></Description></Stakeholder><OtherInformation>Increasing numbers of public issues require deeper collaboration within and across agencies. CBI helps build the capacity to collaborate internally with strategic advice, coaching, training, team building, and development of internal protocols and charters.</OtherInformation><Objective><Name></Name><Description></Description><Identifier>_8de3db64-3efb-11e0-966b-1a557a64ea2a</Identifier><SequenceIndicator></SequenceIndicator><Stakeholder><Name></Name><Description></Description></Stakeholder><OtherInformation></OtherInformation></Objective></Goal><Goal><Name>Research and Reflection</Name><Description>Engage in research and reflective practices.</Description><Identifier>_8de3dc04-3efb-11e0-966b-1a557a64ea2a</Identifier><SequenceIndicator>4</SequenceIndicator><Stakeholder><Name></Name><Description></Description></Stakeholder><OtherInformation>Learning from doing is often a central element of internal change and innovation diffusion efforts. CBI has developed numerous publications and documents that reflect lessons learned and helped teams learn from their efforts.</OtherInformation><Objective><Name></Name><Description></Description><Identifier>_8de3dcae-3efb-11e0-966b-1a557a64ea2a</Identifier><SequenceIndicator></SequenceIndicator><Stakeholder><Name></Name><Description></Description></Stakeholder><OtherInformation></OtherInformation></Objective></Goal><Goal><Name>Strategic Planning and Repositioning</Name><Description>Lead strategic planning and repositioning efforts for nonprofits. </Description><Identifier>_8de3dd62-3efb-11e0-966b-1a557a64ea2a</Identifier><SequenceIndicator>5</SequenceIndicator><Stakeholder><Name>Nonprofits</Name><Description></Description></Stakeholder><OtherInformation>Nonprofit organizations often need assistance with finding unique and appropriate niches within increasingly populated civic spaces. CBI helps organizations discern new strategies and find profitable niches for action.</OtherInformation><Objective><Name></Name><Description></Description><Identifier>_8de3de20-3efb-11e0-966b-1a557a64ea2a</Identifier><SequenceIndicator></SequenceIndicator><Stakeholder><Name></Name><Description></Description></Stakeholder><OtherInformation></OtherInformation></Objective></Goal></StrategicPlanCore><AdministrativeInformation><StartDate></StartDate><EndDate></EndDate><PublicationDate>2011-02-22</PublicationDate><Source>http://communitybuildinginstitute.org/</Source><Submitter><FirstName>Owen</FirstName><LastName>Ambur</LastName><PhoneNumber></PhoneNumber><EmailAddress>Owen.Ambur@verizon.net</EmailAddress></Submitter></AdministrativeInformation></StrategicPlan>