<?xml version="1.0" encoding="UTF-8"?>
<StrategicPlan xmlns="urn:ISO:std:iso:17469:tech:xsd:stratml_core" xmlns:xsi="http://www.w3.org/2001/XMLSchema-instance" xsi:schemaLocation="urn:ISO:std:iso:17469:tech:xsd:stratml_core http://xml.govwebs.net/stratml/references/StrategicPlanISOVersion20140401.xsd"><Name>About Us</Name><Description>Chatbots have a huge potential. They are the embodiment of the evolving ability of brands (or governments, or NGO’s) to listen to individuals instead of simply sending messages. They show us the future of what's next after advertising. In the long run (10-20 years), this industry has the potential to be as big as the advertising industry today.

This industry is still in its early days. There are no associations, no shared research, no consensus on terminology. For clients, there is no overview of developers, no list of quality cases, no best practice implementations.

That's why Chatbots.org was developed in 2005 and launched on this URL in January 2008.</Description><OtherInformation>A chatbot is an artificial living entity designed to have conversations with real human beings. This could encompass a text conversation via computers, a spoken conversation or even a non-verbal conversation.</OtherInformation><StrategicPlanCore><Organization><Name>Chatbots.org</Name><Acronym>CBO</Acronym><Identifier>_8a5949bf-7d5d-11e7-a9a5-189bfb0d3d96</Identifier><Description>Chatbots.org is the world's fastest growing community on human-like conversational AI (Artificial Intelligence)...
Legal person for Chatbots.org is AI4US Ltd, registered in the UK and in the Netherlands...
Although Chatbots.org is a community and thus the word 'we' would imply its 8000 members, we also have a core team working a significant number of hours each week.</Description><Stakeholder StakeholderTypeType="Organization"><Name>AI4US Ltd.</Name><Description>AI4US Ltd. is the name of our legal owner, the owner of Chatbots.org. Its name AI4US is an acronym of 'Artificial Intelligence for us', its mission is to support the use of Artificial Intelligence in people's daily lives.

It's registered at the English Company House,  Company No. 7045061. All shares are owned by Lun Holding Ltd. (registered Company No. 7051180), which is fully owned by Dutch futurist Erwin Van Lun.

Reasons to choose an Ltd. instead of the Dutch equivalent 'BV' (Besloten Vennootschap) is its international appeal, a legal worldwide known entity, and recognition as a legal person in all EU member states (directive 68/151/EEC of the Council of the European Communities).</Description></Stakeholder><Stakeholder StakeholderTypeType="Generic_Group"><Name>Chatbot Developers</Name><Description/></Stakeholder><Stakeholder StakeholderTypeType="Generic_Group"><Name>Chatbot Academics</Name><Description/></Stakeholder><Stakeholder StakeholderTypeType="Generic_Group"><Name>Chatbot Users</Name><Description/></Stakeholder><Stakeholder StakeholderTypeType="Generic_Group"><Name>Chatbot.org Core Team</Name><Description/></Stakeholder><Stakeholder StakeholderTypeType="Person"><Name>Erwin van Lun</Name><Description>Marketing futurist: predicted the popularity of Chatbots back in 2004</Description></Stakeholder><Stakeholder StakeholderTypeType="Person"><Name>Xander Verduijn</Name><Description>Senior Content Manager</Description></Stakeholder><Stakeholder StakeholderTypeType="Person"><Name>Karolina Kuligowska</Name><Description>Chatbot Metrics, Text Mining, Web Development</Description></Stakeholder><Stakeholder StakeholderTypeType="Person"><Name>Dave Morton</Name><Description>Botmaster, Web Designer</Description></Stakeholder><Stakeholder StakeholderTypeType="Person"><Name>Rob Kamp</Name><Description>I have no experience with chatbots, except from a user point of view.</Description></Stakeholder></Organization><Vision><Description/><Identifier>_8a5949c0-7d5d-11e7-a9a5-189bfb0d3d96</Identifier></Vision><Mission><Description>To be the leading community of chatbot developers, academics and users focusing on research, technology and innovation to drive success for all participants.</Description><Identifier>_8a5949c1-7d5d-11e7-a9a5-189bfb0d3d96</Identifier></Mission><Value><Name/><Description/></Value><Goal><Name>Advancement</Name><Description>Advance the chatbot industry.</Description><Identifier>_8a5949c2-7d5d-11e7-a9a5-189bfb0d3d96</Identifier><SequenceIndicator>1</SequenceIndicator><Stakeholder><Name/><Description/></Stakeholder><OtherInformation>Chatbots.org is more and more developing into an association: It is really intended to advance the chatbot industry worldwide. It gives people the opportunity to network. For knowledge to grow. For issues to be solved.</OtherInformation><Objective><Name>Networking</Name><Description>Provide networking opportunities.</Description><Identifier>_8a5949c3-7d5d-11e7-a9a5-189bfb0d3d96</Identifier><SequenceIndicator>1.1</SequenceIndicator><Stakeholder><Name/><Description/></Stakeholder><OtherInformation/></Objective><Objective><Name>Knowledge</Name><Description>Grown knowledge.</Description><Identifier>_8a5949c4-7d5d-11e7-a9a5-189bfb0d3d96</Identifier><SequenceIndicator>1.2</SequenceIndicator><Stakeholder><Name/><Description/></Stakeholder><OtherInformation/></Objective><Objective><Name>Solutions</Name><Description>Solve issues.</Description><Identifier>_8a5949c5-7d5d-11e7-a9a5-189bfb0d3d96</Identifier><SequenceIndicator>1.3</SequenceIndicator><Stakeholder><Name/><Description/></Stakeholder><OtherInformation/></Objective></Goal><Goal><Name>Business Model</Name><Description>Support the organization with paid memberships.</Description><Identifier>_8a594a0e-7d5d-11e7-a9a5-189bfb0d3d96</Identifier><SequenceIndicator>2</SequenceIndicator><Stakeholder><Name>Chatbot Developers</Name><Description/></Stakeholder><OtherInformation>Chatbots.org's primary business model should be about paid membership by professional chatbot developers. It's beneficial for them to have a body in place which autonomously advances this industry.</OtherInformation><Objective><Name/><Description/><Identifier>_8a594a9a-7d5d-11e7-a9a5-189bfb0d3d96</Identifier><SequenceIndicator/><Stakeholder><Name/><Description/></Stakeholder><OtherInformation/></Objective></Goal></StrategicPlanCore><AdministrativeInformation><StartDate>2005-12-31</StartDate><PublicationDate>2017-08-09</PublicationDate><Source>https://www.chatbots.org/community/static/about_us/</Source><Submitter><GivenName>Owen</GivenName><Surname>Ambur</Surname><PhoneNumber/><EmailAddress>Owen.Ambur@verizon.net</EmailAddress></Submitter></AdministrativeInformation></StrategicPlan>