<?xml version="1.0" encoding="UTF-8"?>
<StrategicPlan xmlns="urn:ISO:std:iso:17469:tech:xsd:stratml_core" xmlns:xsi="http://www.w3.org/2001/XMLSchema-instance" xsi:schemaLocation="urn:ISO:std:iso:17469:tech:xsd:stratml_core http://xml.govwebs.net/stratml/references/StrategicPlanISOVersion20140401.xsd"><Name>CBODN FY10 Annual Plan</Name><Description></Description><OtherInformation></OtherInformation><StrategicPlanCore><Organization><Name>Chesapeake Bay Organizational Development Network</Name><Acronym>CBODN</Acronym><Identifier>_935236c8-4f49-11e0-9071-13297a64ea2a</Identifier><Description></Description><Stakeholder><Name></Name><Description></Description></Stakeholder></Organization><Vision><Description>A vibrant professional community</Description><Identifier>_93523a74-4f49-11e0-9071-13297a64ea2a</Identifier></Vision><Mission><Description>Advance the Practice of Organizational Development (OD)</Description><Identifier>_93523c90-4f49-11e0-9071-13297a64ea2a</Identifier></Mission><Value><Name></Name><Description></Description></Value><Goal><Name>Operations</Name><Description>Develop and strengthen effective and efficient management and control systems (e.g., finance, governance, compliance, administration, roles &amp; responsibilities)</Description><Identifier>_93523d62-4f49-11e0-9071-13297a64ea2a</Identifier><SequenceIndicator>1</SequenceIndicator><Stakeholder><Name>Sathryn Eaines</Name><Description>Responsible Party - President</Description></Stakeholder><Stakeholder><Name>Everett Marshall</Name><Description>Responsible Party - Vice President</Description></Stakeholder><Stakeholder><Name>Sevin Nourse</Name><Description>Responsible Party -  Treasurer</Description></Stakeholder><Stakeholder><Name>Voe Conroy</Name><Description>Responsible Party -  Administration</Description></Stakeholder><Stakeholder><Name>Cindy Stark</Name><Description>Responsible Party -  Operations Area Steward</Description></Stakeholder><OtherInformation>Ensure effective, efficient internal management and control systems: financial, administrative, and board norms, meetings, &amp; processes</OtherInformation><Objective><Name>Processes</Name><Description>Ensure well-functioning financial processes.</Description><Identifier>_93523ed4-4f49-11e0-9071-13297a64ea2a</Identifier><SequenceIndicator>Finance 1</SequenceIndicator><Stakeholder><Name></Name><Description></Description></Stakeholder><OtherInformation></OtherInformation></Objective><Objective><Name>Reporting and Analysis</Name><Description>Support board members' ability to make well-considered decisions with financial reporting and analysis.</Description><Identifier>_93523fba-4f49-11e0-9071-13297a64ea2a</Identifier><SequenceIndicator>Finance 2</SequenceIndicator><Stakeholder><Name>Board Members</Name><Description></Description></Stakeholder><OtherInformation></OtherInformation></Objective><Objective><Name>Policies, Controls, and Processes</Name><Description>Implement recommendations of the audit committee with regard to financial policies,
controls, and processes.</Description><Identifier>_93524140-4f49-11e0-9071-13297a64ea2a</Identifier><SequenceIndicator>Finance 3</SequenceIndicator><Stakeholder><Name></Name><Description></Description></Stakeholder><OtherInformation></OtherInformation></Objective><Objective><Name>Transparency</Name><Description>Maintain financial transparency with CBODN members.</Description><Identifier>_93524226-4f49-11e0-9071-13297a64ea2a</Identifier><SequenceIndicator>Finance 4</SequenceIndicator><Stakeholder><Name>CBODN Members</Name><Description></Description></Stakeholder><OtherInformation></OtherInformation></Objective><Objective><Name>By laws</Name><Description>Revise By laws</Description><Identifier>_93524302-4f49-11e0-9071-13297a64ea2a</Identifier><SequenceIndicator>Admin 1</SequenceIndicator><Stakeholder><Name></Name><Description></Description></Stakeholder><OtherInformation></OtherInformation></Objective><Objective><Name>Policies and Procedures</Name><Description>Develop policies and procedures</Description><Identifier>_935243f2-4f49-11e0-9071-13297a64ea2a</Identifier><SequenceIndicator>Admin 2</SequenceIndicator><Stakeholder><Name></Name><Description></Description></Stakeholder><OtherInformation></OtherInformation></Objective><Objective><Name>CGG</Name><Description>Manage CGG relationship</Description><Identifier>_935244d8-4f49-11e0-9071-13297a64ea2a</Identifier><SequenceIndicator>Admin 3</SequenceIndicator><Stakeholder><Name></Name><Description></Description></Stakeholder><OtherInformation></OtherInformation></Objective><Objective><Name>Board Meetings and Norms</Name><Description>Effective board meetings and norms</Description><Identifier>_935245d2-4f49-11e0-9071-13297a64ea2a</Identifier><SequenceIndicator>LT 1</SequenceIndicator><Stakeholder><Name></Name><Description></Description></Stakeholder><OtherInformation></OtherInformation></Objective><Objective><Name>Leadership</Name><Description>Manage nominations and succession planning of CBODN Leadership</Description><Identifier>_935246cc-4f49-11e0-9071-13297a64ea2a</Identifier><SequenceIndicator>LT 2</SequenceIndicator><Stakeholder><Name>CBODN Leaders</Name><Description></Description></Stakeholder><OtherInformation></OtherInformation></Objective></Goal><Goal><Name>Events</Name><Description>Plan, deliver and evaluate successful events for our members &amp; potential members (e.g., evening programs, full and half-day workshops, networking, roundtables, annual conference, webinars, SIG meetings)</Description><Identifier>_935247d0-4f49-11e0-9071-13297a64ea2a</Identifier><SequenceIndicator>2</SequenceIndicator><Stakeholder><Name>Diane Mazzoli</Name><Description>Responsible Party - Events Area Steward</Description></Stakeholder><Stakeholder><Name>Zsofia Paisz Greenbaum</Name><Description>Responsible Party - Programs</Description></Stakeholder><Stakeholder><Name>Liz Smith</Name><Description>Responsible Party - Programs</Description></Stakeholder><Stakeholder><Name>Kate Trygstad</Name><Description>Responsible Party - Annual Conference</Description></Stakeholder><Stakeholder><Name>Heather Velks</Name><Description>Responsible Party - Annual Conference</Description></Stakeholder><Stakeholder><Name>Phil Nimtz</Name><Description>Responsible Party - SIGs</Description></Stakeholder><Stakeholder><Name>Emily Eiacomini</Name><Description>Responsible Party - SIGs</Description></Stakeholder><Stakeholder><Name>Beth Dumesco</Name><Description>Responsible Party - Career Resources</Description></Stakeholder><Stakeholder><Name>Kathy Cook Ravenscroft</Name><Description>Responsible Party - Career Resources</Description></Stakeholder><OtherInformation>Primary contributor to advancing the image and reputation for adding value for our members by nourishing members, attracting new members, and raising revenues.
Deliverables include:
* Annual Conference
* Annual Membership Meeting
* 8 Monthly Programs
* 2 Career Workshops
* 5 Active SIG meeting on a monthly or quarterly basis</OtherInformation><Objective><Name>Content</Name><Description>Expand content</Description><Identifier>_935248e8-4f49-11e0-9071-13297a64ea2a</Identifier><SequenceIndicator>Expansion 1</SequenceIndicator><Stakeholder><Name></Name><Description></Description></Stakeholder><OtherInformation></OtherInformation></Objective><Objective><Name>Geography</Name><Description>Expand geography</Description><Identifier>_93524a0a-4f49-11e0-9071-13297a64ea2a</Identifier><SequenceIndicator>Expansion 2</SequenceIndicator><Stakeholder><Name></Name><Description></Description></Stakeholder><OtherInformation></OtherInformation></Objective><Objective><Name>Mode of Delivery</Name><Description>Expand mode of delivery</Description><Identifier>_93524b2c-4f49-11e0-9071-13297a64ea2a</Identifier><SequenceIndicator>Expansion 3</SequenceIndicator><Stakeholder><Name></Name><Description></Description></Stakeholder><OtherInformation></OtherInformation></Objective><Objective><Name>Attendance</Name><Description>Expand attendance</Description><Identifier>_93524c94-4f49-11e0-9071-13297a64ea2a</Identifier><SequenceIndicator>Expansion 4</SequenceIndicator><Stakeholder><Name></Name><Description></Description></Stakeholder><OtherInformation></OtherInformation></Objective><Objective><Name>Programs</Name><Description>Programs to be quality programs</Description><Identifier>_93524dd4-4f49-11e0-9071-13297a64ea2a</Identifier><SequenceIndicator>Powerhouse Lineup  1</SequenceIndicator><Stakeholder><Name></Name><Description></Description></Stakeholder><OtherInformation></OtherInformation></Objective><Objective><Name>Partnerships</Name><Description>Strategic partnering across committees and result areas</Description><Identifier>_93524f0a-4f49-11e0-9071-13297a64ea2a</Identifier><SequenceIndicator>Strategic Partnering 1</SequenceIndicator><Stakeholder><Name></Name><Description></Description></Stakeholder><OtherInformation></OtherInformation></Objective></Goal><Goal><Name>Services</Name><Description>Help members engage or connect with one another to find resources (e.g., peer mentoring, job postings, consultant directory, tools and articles, information, member directory)</Description><Identifier>_9352504a-4f49-11e0-9071-13297a64ea2a</Identifier><SequenceIndicator>3</SequenceIndicator><Stakeholder><Name></Name><Description></Description></Stakeholder><OtherInformation>Helping members engage, connect, and find resources -- 
Deliverables include:
* Consultant Directory
* Job Postings
* Mentoring
* Resource and Services Directory
* Information, tools, resources, and exchange via articles, interviews, and online discussions</OtherInformation><Objective><Name>Communique</Name><Description>Provide more resources in Communique, e.g., articles, interviews, and tools.</Description><Identifier>_93525194-4f49-11e0-9071-13297a64ea2a</Identifier><SequenceIndicator>3.1</SequenceIndicator><Stakeholder><Name></Name><Description></Description></Stakeholder><OtherInformation></OtherInformation></Objective><Objective><Name>Consultant Directory, Job Postings, and Mentoring</Name><Description>Re-launch and enhance Consultant Directory, Job Postings, and Mentoring</Description><Identifier>_935252e8-4f49-11e0-9071-13297a64ea2a</Identifier><SequenceIndicator>3.2</SequenceIndicator><Stakeholder><Name></Name><Description></Description></Stakeholder><OtherInformation></OtherInformation></Objective><Objective><Name>Service Directory</Name><Description>Launch Service Directory</Description><Identifier>_93525446-4f49-11e0-9071-13297a64ea2a</Identifier><SequenceIndicator>3.3</SequenceIndicator><Stakeholder><Name></Name><Description></Description></Stakeholder><OtherInformation></OtherInformation></Objective><Objective><Name>Nonprogrammatic Resources</Name><Description>Strengthen and reposition SIGs to deliver nonprogrammatic resources for members, such as webinars, virtual meetings, social networking, roundtables and resource exchange, mixers and networking</Description><Identifier>_935255a4-4f49-11e0-9071-13297a64ea2a</Identifier><SequenceIndicator>3.4</SequenceIndicator><Stakeholder><Name></Name><Description></Description></Stakeholder><OtherInformation></OtherInformation></Objective><Objective><Name>Membership</Name><Description>Partner with Outreach to increase membership</Description><Identifier>_9352570c-4f49-11e0-9071-13297a64ea2a</Identifier><SequenceIndicator>3.5</SequenceIndicator><Stakeholder><Name>Neville Uhles</Name><Description>Responsible Party - Services Area Steward</Description></Stakeholder><Stakeholder><Name>Phil Nimtz</Name><Description>Responsible Party - SIGs</Description></Stakeholder><Stakeholder><Name>Emily Giacomini</Name><Description>Responsible Party - SIGs
</Description></Stakeholder><Stakeholder><Name>Beth Dumesco</Name><Description>Responsible Party - Career Resources</Description></Stakeholder><Stakeholder><Name>Kathy Cook Ravenscroft</Name><Description>Responsible Party - Career Resources</Description></Stakeholder><Stakeholder><Name>Erica Tetuan</Name><Description>Responsible Party - MarComm</Description></Stakeholder><Stakeholder><Name>Michael Berens</Name><Description>Responsible Party - MarComm</Description></Stakeholder><Stakeholder><Name>Vason Whitehead</Name><Description>Responsible Party - Membership</Description></Stakeholder><Stakeholder><Name>Daniel Fien-Felfman</Name><Description>Responsible Party - Membership</Description></Stakeholder><OtherInformation></OtherInformation></Objective></Goal><Goal><Name>Outreach</Name><Description>Maximize our resources or bring in more resources for members (e.g., members, volunteers, sponsors/partners)</Description><Identifier>_9352587e-4f49-11e0-9071-13297a64ea2a</Identifier><SequenceIndicator>4</SequenceIndicator><Stakeholder><Name>Varun Malhotra</Name><Description>Responsible Party - Outreach Area Steward</Description></Stakeholder><Stakeholder><Name>Erica Tetuan</Name><Description>Responsible Party - MarComm</Description></Stakeholder><Stakeholder><Name>Michael Berens</Name><Description>Responsible Party - MarComm</Description></Stakeholder><Stakeholder><Name>Jason Whitehead</Name><Description>Responsible Party - Membership</Description></Stakeholder><Stakeholder><Name>Daniel Fien-Helfman</Name><Description>Responsible Party - Membership</Description></Stakeholder><Stakeholder><Name>Zsofia Paisz Greenbaum</Name><Description>Responsible Party - Programs</Description></Stakeholder><Stakeholder><Name>Liz Smith</Name><Description>Responsible Party - Programs</Description></Stakeholder><Stakeholder><Name>Kate Trygstad</Name><Description>Responsible Party - Annual Conference</Description></Stakeholder><Stakeholder><Name>Heather Jelks</Name><Description>Responsible Party - Annual Conference</Description></Stakeholder><OtherInformation>Maximize our resources and bring in more resources for our members</OtherInformation><Objective><Name>Members and Markets</Name><Description>Increase new members and new markets</Description><Identifier>_93525a72-4f49-11e0-9071-13297a64ea2a</Identifier><SequenceIndicator>4.1</SequenceIndicator><Stakeholder><Name></Name><Description></Description></Stakeholder><OtherInformation></OtherInformation></Objective><Objective><Name>Events</Name><Description>Increase member participation in events</Description><Identifier>_93525c20-4f49-11e0-9071-13297a64ea2a</Identifier><SequenceIndicator>4.2</SequenceIndicator><Stakeholder><Name></Name><Description></Description></Stakeholder><OtherInformation></OtherInformation></Objective><Objective><Name>Volunteers</Name><Description> Increase member participation as volunteers</Description><Identifier>_93525dc4-4f49-11e0-9071-13297a64ea2a</Identifier><SequenceIndicator>4.3</SequenceIndicator><Stakeholder><Name></Name><Description></Description></Stakeholder><OtherInformation></OtherInformation></Objective><Objective><Name>Sponsors and Advertisers</Name><Description>Increase sponsors and advertisers; bundle packages</Description><Identifier>_93525f68-4f49-11e0-9071-13297a64ea2a</Identifier><SequenceIndicator>4.4</SequenceIndicator><Stakeholder><Name></Name><Description></Description></Stakeholder><OtherInformation></OtherInformation></Objective><Objective><Name>Partnerships</Name><Description>Establish 3 partnerships in the next year with a complementary organization</Description><Identifier>_93526116-4f49-11e0-9071-13297a64ea2a</Identifier><SequenceIndicator>4.5</SequenceIndicator><Stakeholder><Name></Name><Description></Description></Stakeholder><OtherInformation></OtherInformation></Objective><Objective><Name>Students</Name><Description>Student engagement (university pilot program)</Description><Identifier>_935262c4-4f49-11e0-9071-13297a64ea2a</Identifier><SequenceIndicator>4.6</SequenceIndicator><Stakeholder><Name>Students</Name><Description></Description></Stakeholder><OtherInformation></OtherInformation></Objective><Objective><Name>Volunteers, Sponsors, and Partners</Name><Description>Develop pipelines for volunteers, sponsors, and partners</Description><Identifier>_9352647c-4f49-11e0-9071-13297a64ea2a</Identifier><SequenceIndicator>4.7</SequenceIndicator><Stakeholder><Name></Name><Description></Description></Stakeholder><OtherInformation></OtherInformation></Objective></Goal><Goal><Name>Committee Plans</Name><Description></Description><Identifier>_9352663e-4f49-11e0-9071-13297a64ea2a</Identifier><SequenceIndicator></SequenceIndicator><Stakeholder><Name></Name><Description></Description></Stakeholder><OtherInformation></OtherInformation><Objective><Name>Audit / Review:</Name><Description>Complete audit/review for FY '09 and implement recommendations</Description><Identifier>_935267f6-4f49-11e0-9071-13297a64ea2a</Identifier><SequenceIndicator>Administration 1</SequenceIndicator><Stakeholder><Name>Joe Conroy</Name><Description>Responsible Party - Chair, Administration</Description></Stakeholder><OtherInformation></OtherInformation></Objective><Objective><Name>Policies &amp; Procedures</Name><Description>Develop a set of policies &amp; procedures, including a Committee Charter for each committee</Description><Identifier>_935269cc-4f49-11e0-9071-13297a64ea2a</Identifier><SequenceIndicator>Administration 2</SequenceIndicator><Stakeholder><Name>Joe Conroy</Name><Description>Responsible Party - Chair, Administration</Description></Stakeholder><OtherInformation></OtherInformation></Objective><Objective><Name>By-Laws</Name><Description>Review and revise by-laws and present to membership for a vote at annual
meeting</Description><Identifier>_93526d1e-4f49-11e0-9071-13297a64ea2a</Identifier><SequenceIndicator>Administration 3</SequenceIndicator><Stakeholder><Name>Joe Conroy</Name><Description>Responsible Party - Chair, Administration</Description></Stakeholder><OtherInformation></OtherInformation></Objective><Objective><Name>Membership</Name><Description>Grow membership 10-15%</Description><Identifier>_93526f08-4f49-11e0-9071-13297a64ea2a</Identifier><SequenceIndicator>Membership 1</SequenceIndicator><Stakeholder><Name>Daniel Fien-Felfman</Name><Description>Responsible Party - Co-Chair, Membership</Description></Stakeholder><Stakeholder><Name>Jason Whitehead</Name><Description>Responsible Party - Co-Chair, Membership</Description></Stakeholder><OtherInformation></OtherInformation></Objective><Objective><Name>University Partnership</Name><Description>Establish a formal partnership with at least 1 university</Description><Identifier>_935270e8-4f49-11e0-9071-13297a64ea2a</Identifier><SequenceIndicator>Membership 2</SequenceIndicator><Stakeholder><Name>Daniel Fien-Felfman</Name><Description>Responsible Party - Co-Chair, Membership</Description></Stakeholder><Stakeholder><Name>Jason Whitehead</Name><Description>Responsible Party - Co-Chair, Membership</Description></Stakeholder><OtherInformation></OtherInformation></Objective><Objective><Name>Volunteer Management</Name><Description>Establish a structured and effective volunteer management process/program</Description><Identifier>_935272d2-4f49-11e0-9071-13297a64ea2a</Identifier><SequenceIndicator>Membership 3</SequenceIndicator><Stakeholder><Name>Daniel Fien-Felfman</Name><Description>Responsible Party - Co-Chair, Membership</Description></Stakeholder><Stakeholder><Name>Jason Whitehead</Name><Description>Responsible Party - Co-Chair, Membership</Description></Stakeholder><OtherInformation></OtherInformation></Objective><Objective><Name>Professional Organization Partnership</Name><Description>Establish formal partnership with a professional organization that is complementary to CBODN (PMI, American Mgt Association, etc.)</Description><Identifier>_935274bc-4f49-11e0-9071-13297a64ea2a</Identifier><SequenceIndicator>Membership 4</SequenceIndicator><Stakeholder><Name>Daniel Fien-Felfman</Name><Description>Responsible Party - Co-Chair, Membership</Description></Stakeholder><Stakeholder><Name>Jason Whitehead</Name><Description>Responsible Party - Co-Chair, Membership</Description></Stakeholder><OtherInformation></OtherInformation></Objective><Objective><Name>Organizational Members</Name><Description>Develop program for growing &quot;organization&quot; members (corporations, non-profits,
government agencies) - with an initial focus on government organizations</Description><Identifier>_935276d8-4f49-11e0-9071-13297a64ea2a</Identifier><SequenceIndicator>Membership 5</SequenceIndicator><Stakeholder><Name>Daniel Fien-Felfman</Name><Description>Responsible Party - Co-Chair, Membership</Description></Stakeholder><Stakeholder><Name>Jason Whitehead</Name><Description>Responsible Party - Co-Chair, Membership</Description></Stakeholder><OtherInformation></OtherInformation></Objective><Objective><Name>Member Surveys</Name><Description>Revamp and improve the annual member survey process</Description><Identifier>_935278e0-4f49-11e0-9071-13297a64ea2a</Identifier><SequenceIndicator>Membership 6</SequenceIndicator><Stakeholder><Name>Daniel Fien-Felfman</Name><Description>Responsible Party - Co-Chair, Membership</Description></Stakeholder><Stakeholder><Name>Jason Whitehead</Name><Description>Responsible Party - Co-Chair, Membership</Description></Stakeholder><OtherInformation></OtherInformation></Objective><Objective><Name>Promotion</Name><Description>Promote CBODN services and events</Description><Identifier>_93527ae8-4f49-11e0-9071-13297a64ea2a</Identifier><SequenceIndicator>Marketing Communications 1</SequenceIndicator><Stakeholder><Name>Michael Berens</Name><Description>Responsible Party - Co-Chair, Marketing Communications</Description></Stakeholder><Stakeholder><Name>Erica Tetuan</Name><Description>Responsible Party - Co-Chair, Marketing Communications</Description></Stakeholder><OtherInformation></OtherInformation></Objective><Objective><Name>External Marketing and Promotion</Name><Description>Market and promote CBODN outside the traditional OD network</Description><Identifier>_93527d04-4f49-11e0-9071-13297a64ea2a</Identifier><SequenceIndicator>Marketing Communications 2</SequenceIndicator><Stakeholder><Name>Michael Berens</Name><Description>Responsible Party - Co-Chair, Marketing Communications</Description></Stakeholder><Stakeholder><Name>Erica Tetuan</Name><Description>Responsible Party - Co-Chair, Marketing Communications</Description></Stakeholder><OtherInformation>Accomplished by: distributing CBODN information beyond our current list of
Communique subscribers.</OtherInformation></Objective><Objective><Name>Member Value</Name><Description>Increase member value of CBODN communications vehicles (Web site, Communiqu&#233;)</Description><Identifier>_93527f3e-4f49-11e0-9071-13297a64ea2a</Identifier><SequenceIndicator>Marketing Communications 3</SequenceIndicator><Stakeholder><Name>Michael Berens</Name><Description>Responsible Party - Co-Chair, Marketing Communications</Description></Stakeholder><Stakeholder><Name>Erica Tetuan</Name><Description>Responsible Party - Co-Chair, Marketing Communications</Description></Stakeholder><OtherInformation>Accomplished by: maintaining a predictable and consistent Communique schedule; ensuring we're coordinating with other committees to ensure their information is current and timely on the web and in the Communique maintaining a current Web site; directing members to the website from the Communique and other communications vehicles such as LinkedIn.</OtherInformation></Objective><Objective><Name>Visibility</Name><Description>Greater visibility for CBODN among affiliate groups (e.g., AMA, SFRM, PMI)</Description><Identifier>_935281dc-4f49-11e0-9071-13297a64ea2a</Identifier><SequenceIndicator>Marketing Communications 4</SequenceIndicator><Stakeholder><Name>Michael Berens</Name><Description>Responsible Party - Co-Chair, Marketing Communications</Description></Stakeholder><Stakeholder><Name>Erica Tetuan</Name><Description>Responsible Party - Co-Chair, Marketing Communications</Description></Stakeholder><OtherInformation>Accomplished by: ensuring our events are published with affiliate group communication
vehicles.</OtherInformation></Objective><Objective><Name>Programs and Webinars</Name><Description>Deliver one program each month, with at least 3 webinars</Description><Identifier>_93528416-4f49-11e0-9071-13297a64ea2a</Identifier><SequenceIndicator>Programs 1</SequenceIndicator><Stakeholder><Name>Zsofia Paisz Greenbaum</Name><Description>Responsible Party - Co-Chair, Programs</Description></Stakeholder><Stakeholder><Name>Liz Smith</Name><Description>Responsible Party - Co-Chair, Programs</Description></Stakeholder><OtherInformation></OtherInformation></Objective><Objective><Name>Member Needs</Name><Description>Align programs with CBODN members' needs</Description><Identifier>_93528664-4f49-11e0-9071-13297a64ea2a</Identifier><SequenceIndicator>Programs 2</SequenceIndicator><Stakeholder><Name>Zsofia Paisz Greenbaum</Name><Description>Responsible Party - Co-Chair, Programs</Description></Stakeholder><Stakeholder><Name>Liz Smith</Name><Description>Responsible Party - Co-Chair, Programs</Description></Stakeholder><OtherInformation></OtherInformation></Objective><Objective><Name>Revenue and Membership</Name><Description>Generate revenue and membership through increased attendance and positive feedback</Description><Identifier>_935288b2-4f49-11e0-9071-13297a64ea2a</Identifier><SequenceIndicator>Programs 3</SequenceIndicator><Stakeholder><Name>Zsofia Paisz Greenbaum</Name><Description>Responsible Party - Co-Chair, Programs</Description></Stakeholder><Stakeholder><Name>Liz Smith</Name><Description>Responsible Party - Co-Chair, Programs</Description></Stakeholder><OtherInformation></OtherInformation></Objective><Objective><Name>Speakers and Venues</Name><Description>Coordinate with other board committees on speakers and venues</Description><Identifier>_93528b1e-4f49-11e0-9071-13297a64ea2a</Identifier><SequenceIndicator>Programs 4</SequenceIndicator><Stakeholder><Name>Zsofia Paisz Greenbaum</Name><Description>Responsible Party - Co-Chair, Programs</Description></Stakeholder><Stakeholder><Name>Liz Smith</Name><Description>Responsible Party - Co-Chair, Programs</Description></Stakeholder><OtherInformation></OtherInformation></Objective><Objective><Name>Volunteers</Name><Description>Recruit volunteers for each event</Description><Identifier>_93528d94-4f49-11e0-9071-13297a64ea2a</Identifier><SequenceIndicator>Programs 5</SequenceIndicator><Stakeholder><Name>Zsofia Paisz Greenbaum</Name><Description>Responsible Party - Co-Chair, Programs</Description></Stakeholder><Stakeholder><Name>Liz Smith</Name><Description>Responsible Party - Co-Chair, Programs</Description></Stakeholder><OtherInformation></OtherInformation></Objective><Objective><Name>Feedback</Name><Description>Survey each program and capture feedback to plan future programs</Description><Identifier>_93529046-4f49-11e0-9071-13297a64ea2a</Identifier><SequenceIndicator>Programs 6</SequenceIndicator><Stakeholder><Name>Zsofia Paisz Greenbaum</Name><Description>Responsible Party - Co-Chair, Programs</Description></Stakeholder><Stakeholder><Name>Liz Smith</Name><Description>Responsible Party - Co-Chair, Programs</Description></Stakeholder><OtherInformation></OtherInformation></Objective><Objective><Name>Member Engagement</Name><Description>Engage new or less involved CBODN members as volunteers in annual conference
planning and execution</Description><Identifier>_935292da-4f49-11e0-9071-13297a64ea2a</Identifier><SequenceIndicator>Annual Conference 1</SequenceIndicator><Stakeholder><Name>Heather Jelks</Name><Description>Responsible Party - Co-Chair, Annual Conference</Description></Stakeholder><Stakeholder><Name>Kate Trygstad</Name><Description>Responsible Party - Co-Chair, Annual Conference</Description></Stakeholder><OtherInformation></OtherInformation></Objective><Objective><Name>Conference Attendance</Name><Description>Attract a minimum of 220 attendees at the conference</Description><Identifier>_9352955a-4f49-11e0-9071-13297a64ea2a</Identifier><SequenceIndicator>Annual Conference 2</SequenceIndicator><Stakeholder><Name>Heather Jelks</Name><Description>Responsible Party - Co-Chair, Annual Conference</Description></Stakeholder><Stakeholder><Name>Kate Trygstad</Name><Description>Responsible Party - Co-Chair, Annual Conference</Description></Stakeholder><OtherInformation></OtherInformation></Objective><Objective><Name>Evaluations</Name><Description>Receive 80% or greater positive conference evaluations from attendees</Description><Identifier>_935297e4-4f49-11e0-9071-13297a64ea2a</Identifier><SequenceIndicator>Annual Conference 3</SequenceIndicator><Stakeholder><Name>Heather Jelks</Name><Description>Responsible Party - Co-Chair, Annual Conference</Description></Stakeholder><Stakeholder><Name>Kate Trygstad</Name><Description>Responsible Party - Co-Chair, Annual Conference</Description></Stakeholder><OtherInformation></OtherInformation></Objective><Objective><Name>Membership</Name><Description>Promote CBODN membership through SIGs</Description><Identifier>_93529a82-4f49-11e0-9071-13297a64ea2a</Identifier><SequenceIndicator>Special Interest Groups 1</SequenceIndicator><Stakeholder><Name>Emily Giacomini</Name><Description>Responsible Party - Co-Chair, SIGs</Description></Stakeholder><Stakeholder><Name>Phil Nimtz</Name><Description>Responsible Party - Co-Chair, SIGs</Description></Stakeholder><OtherInformation></OtherInformation></Objective><Objective><Name>Value</Name><Description>Increase the value of SIGs for members</Description><Identifier>_93529d2a-4f49-11e0-9071-13297a64ea2a</Identifier><SequenceIndicator>Special Interest Groups 2</SequenceIndicator><Stakeholder><Name>Emily Giacomini</Name><Description>Responsible Party - Co-Chair, SIGs</Description></Stakeholder><Stakeholder><Name>Phil Nimtz</Name><Description>Responsible Party - Co-Chair, SIGs</Description></Stakeholder><OtherInformation></OtherInformation></Objective><Objective><Name>Number and Variety</Name><Description>Grow the number and variety of SIGs if members are interested</Description><Identifier>_93529fe6-4f49-11e0-9071-13297a64ea2a</Identifier><SequenceIndicator>Special Interest Groups 3</SequenceIndicator><Stakeholder><Name>Emily Giacomini</Name><Description>Responsible Party - Co-Chair, SIGs</Description></Stakeholder><Stakeholder><Name>Phil Nimtz</Name><Description>Responsible Party - Co-Chair, SIGs</Description></Stakeholder><OtherInformation></OtherInformation></Objective><Objective><Name>Operations, Norms, and Expectations</Name><Description>Develop more consistency of operations, norms, and expectations across SIGs through
communication and publication of guidelines for SIG leaders</Description><Identifier>_9352a28e-4f49-11e0-9071-13297a64ea2a</Identifier><SequenceIndicator>Special Interest Groups 4</SequenceIndicator><Stakeholder><Name>Emily Giacomini</Name><Description>Responsible Party - Co-Chair, SIGs</Description></Stakeholder><Stakeholder><Name>Phil Nimtz</Name><Description>Responsible Party - Co-Chair, SIGs</Description></Stakeholder><OtherInformation></OtherInformation></Objective><Objective><Name>Community</Name><Description>Develop community (of practice?) among SIG leaders</Description><Identifier>_9352a54a-4f49-11e0-9071-13297a64ea2a</Identifier><SequenceIndicator>Special Interest Groups 5</SequenceIndicator><Stakeholder><Name>SIG Leaders</Name><Description></Description></Stakeholder><Stakeholder><Name>Emily Giacomini</Name><Description>Responsible Party - Co-Chair, SIGs</Description></Stakeholder><Stakeholder><Name>Phil Nimtz</Name><Description>Responsible Party - Co-Chair, SIGs</Description></Stakeholder><OtherInformation></OtherInformation></Objective><Objective><Name>Succession Planning</Name><Description>Encourage succession planning among SIG leaders</Description><Identifier>_9352a9e6-4f49-11e0-9071-13297a64ea2a</Identifier><SequenceIndicator>Special Interest Groups 6</SequenceIndicator><Stakeholder><Name>Emily Giacomini</Name><Description>Responsible Party - Co-Chair, SIGs</Description></Stakeholder><Stakeholder><Name>Phil Nimtz</Name><Description>Responsible Party - Co-Chair, SIGs</Description></Stakeholder><OtherInformation></OtherInformation></Objective><Objective><Name>Job Postings</Name><Description>Upgrade job postings</Description><Identifier>_9352ad74-4f49-11e0-9071-13297a64ea2a</Identifier><SequenceIndicator>Career Resources 1</SequenceIndicator><Stakeholder><Name>Beth Dumesco</Name><Description>Responsible Party - Co-Chair, Career Resources</Description></Stakeholder><Stakeholder><Name>Kathy Cook Ravenscroft</Name><Description>Responsible Party - Co-Chair, Career Resources</Description></Stakeholder><OtherInformation></OtherInformation></Objective><Objective><Name>Consultant Directory</Name><Description>Revive and renew the Consultant Directory</Description><Identifier>_9352b058-4f49-11e0-9071-13297a64ea2a</Identifier><SequenceIndicator>Career Resources 2</SequenceIndicator><Stakeholder><Name>Beth Dumesco</Name><Description>Responsible Party - Co-Chair, Career Resources</Description></Stakeholder><Stakeholder><Name>Kathy Cook Ravenscroft</Name><Description>Responsible Party - Co-Chair, Career Resources</Description></Stakeholder><OtherInformation></OtherInformation></Objective><Objective><Name>Events</Name><Description>Offer two events aimed at those starting or developing a business and those looking for
an internal opportunity</Description><Identifier>_9352b33c-4f49-11e0-9071-13297a64ea2a</Identifier><SequenceIndicator>Career Resources 3</SequenceIndicator><Stakeholder><Name>Beth Dumesco</Name><Description>Responsible Party - Co-Chair, Career Resources</Description></Stakeholder><Stakeholder><Name>Kathy Cook Ravenscroft</Name><Description>Responsible Party - Co-Chair, Career Resources</Description></Stakeholder><OtherInformation></OtherInformation></Objective><Objective><Name>Mentoring</Name><Description>Increase member involvement in the mentoring program</Description><Identifier>_9352b5f8-4f49-11e0-9071-13297a64ea2a</Identifier><SequenceIndicator>Career Resources  4</SequenceIndicator><Stakeholder><Name>Beth Dumesco</Name><Description>Responsible Party - Co-Chair, Career Resources</Description></Stakeholder><Stakeholder><Name>Kathy Cook Ravenscroft</Name><Description>Responsible Party - Co-Chair, Career Resources</Description></Stakeholder><OtherInformation></OtherInformation></Objective><Objective><Name>Website and Articles</Name><Description>Provide career resources through website and articles in Communique</Description><Identifier>_9352b8aa-4f49-11e0-9071-13297a64ea2a</Identifier><SequenceIndicator>Career Resources 5</SequenceIndicator><Stakeholder><Name>Beth Dumesco</Name><Description>Responsible Party - Co-Chair, Career Resources</Description></Stakeholder><Stakeholder><Name>Kathy Cook Ravenscroft</Name><Description>Responsible Party - Co-Chair, Career Resources</Description></Stakeholder><OtherInformation></OtherInformation></Objective></Goal></StrategicPlanCore><AdministrativeInformation><StartDate>2010-01-01</StartDate><EndDate>2010-12-31</EndDate><PublicationDate>2011-03-15</PublicationDate><Source>http://cbodn.org/Resources/Documents/About/CBODN2010AnnualPlan.pdf</Source><Submitter><FirstName>Owen</FirstName><LastName>Ambur</LastName><PhoneNumber></PhoneNumber><EmailAddress>Owen.Ambur@verizon.net</EmailAddress></Submitter></AdministrativeInformation></StrategicPlan>