<?xml version="1.0" encoding="UTF-8"?>
<StrategicPlan xmlns="urn:ISO:std:iso:17469:tech:xsd:stratml_core" xmlns:xsi="http://www.w3.org/2001/XMLSchema-instance" xsi:schemaLocation="urn:ISO:std:iso:17469:tech:xsd:stratml_core http://xml.govwebs.net/stratml/references/StrategicPlanISOVersion20140401.xsd"><Name>About the Concord Coalition</Name><Description>The Concord Coalition is a non-partisan, grassroots organization dedicated to educating the public about the causes and consequences of federal budget deficits, the long-term challenges facing America's unsustainable entitlement programs, and how to build a sound foundation for economic growth.</Description><OtherInformation>The Concord Coalition began in the early 1990's as the unified voice of concerned citizens who were motivated to take a stand for future generations of Americans. These founders believed, like the Minutemen at Concord, that we have a moral obligation to leave the country better off for our children and grandchildren. The Concord Coalition's national field staff and loyal group of volunteers cover the country holding lectures, leading interactive exercises, conducting classes, giving media interviews, and briefing elected officials and their staffs.</OtherInformation><StrategicPlanCore><Organization><Name>Concord Coalition</Name><Acronym>CC5</Acronym><Identifier>_89d2f55e-9b30-11e6-9236-c653b2d70f4f</Identifier><Description>The Concord Coalition is a nationwide, non-partisan, grassroots organization advocating generationally responsible fiscal policy. The Concord Coalition was founded in 1992 by the late former Senator Paul Tsongas (D-Mass.), late former Senator Warren Rudman (R-N.H.), and former U.S. Secretary of Commerce Peter Peterson.   The Concord Coalition is dedicated to educating the public about the causes and consequences of federal budget deficits, the long-term challenges facing America's unsustainable entitlement programs, and how to build a sound economy for future generations. The Concord Coalition's national field staff and loyal group of volunteers cover the country holding lectures, leading interactive exercises, conducting classes, giving media interviews, and briefing elected officials and their staffs.  As a 501(c)(3) non-profit, contributions to The Concord Coalition are tax-deductible.</Description><Stakeholder StakeholderTypeType="Generic_Group"><Name>Concord Coalition Staff</Name><Description/></Stakeholder><Stakeholder StakeholderTypeType="Person"><Name>Robert Bixby </Name><Description>Executive Director</Description></Stakeholder><Stakeholder StakeholderTypeType="Person"><Name>Chris Colligan</Name><Description>Deputy Director</Description></Stakeholder><Stakeholder StakeholderTypeType="Person"><Name>Joshua Gordon</Name><Description>Policy Director</Description></Stakeholder><Stakeholder StakeholderTypeType="Person"><Name>Steve Winn</Name><Description>Communications Director</Description></Stakeholder><Stakeholder StakeholderTypeType="Person"><Name>Phil Smith</Name><Description>Development Director/Southern Regional Director</Description></Stakeholder><Stakeholder StakeholderTypeType="Person"><Name>Sara Imhof</Name><Description>Education &amp; Grassroots Advocacy Director</Description></Stakeholder><Stakeholder StakeholderTypeType="Person"><Name>Phil LaRue</Name><Description>Director of Government Relations</Description></Stakeholder><Stakeholder StakeholderTypeType="Person"><Name>Chase Hagaman</Name><Description>New England Regional Director</Description></Stakeholder><Stakeholder StakeholderTypeType="Generic_Group"><Name>Concord Coalition Board of Directors</Name><Description/></Stakeholder><Stakeholder StakeholderTypeType="Person"><Name>Hon. Bob Kerrey</Name><Description>Co-Chair</Description></Stakeholder><Stakeholder StakeholderTypeType="Person"><Name>Hon. John Danforth</Name><Description>Co-Chair</Description></Stakeholder><Stakeholder StakeholderTypeType="Person"><Name>Hon. Michael Castle</Name><Description>Co-Chair</Description></Stakeholder><Stakeholder StakeholderTypeType="Person"><Name>Hon. John Tanner</Name><Description>Co-Chair</Description></Stakeholder><Stakeholder StakeholderTypeType="Person"><Name>Hon. Warren B. Rudman</Name><Description>Co-Founder (1930-2012) </Description></Stakeholder><Stakeholder StakeholderTypeType="Person"><Name>Hon. Paul E. Tsongas</Name><Description>Co-Founder (1941-1997)</Description></Stakeholder><Stakeholder StakeholderTypeType="Person"><Name>Hon. Peter G. Peterson</Name><Description>Co-Founder</Description></Stakeholder><Stakeholder StakeholderTypeType="Person"><Name>Eugene M. Freedman</Name><Description>Finance Chairman</Description></Stakeholder><Stakeholder StakeholderTypeType="Person"><Name>Hon. Sam Nunn</Name><Description>Vice Chair</Description></Stakeholder><Stakeholder StakeholderTypeType="Person"><Name>Paul A. Allaire</Name><Description>Vice Chair</Description></Stakeholder><Stakeholder StakeholderTypeType="Person"><Name>Hon. Charles A. Bowsher</Name><Description>Vice Chair</Description></Stakeholder><Stakeholder StakeholderTypeType="Person"><Name>Roger E. Brinner</Name><Description>Vice Chair</Description></Stakeholder><Stakeholder StakeholderTypeType="Person"><Name>John E. "Buck" Chapoton</Name><Description>Vice Chair</Description></Stakeholder><Stakeholder StakeholderTypeType="Person"><Name>Timothy C. Collins</Name><Description>Vice Chair</Description></Stakeholder><Stakeholder StakeholderTypeType="Person"><Name>Hanna Holborn Gray</Name><Description>Vice Chair</Description></Stakeholder><Stakeholder StakeholderTypeType="Person"><Name>Evan G. Greenberg</Name><Description>Vice Chair</Description></Stakeholder><Stakeholder StakeholderTypeType="Person"><Name>Hon. Judd A. Gregg</Name><Description>Vice Chair</Description></Stakeholder><Stakeholder StakeholderTypeType="Person"><Name>Donald B. Marron</Name><Description>Vice Chair</Description></Stakeholder><Stakeholder StakeholderTypeType="Person"><Name>Hon. J. Alex McMillan</Name><Description>Vice Chair</Description></Stakeholder><Stakeholder StakeholderTypeType="Person"><Name>Harvey M. Meyerhoff</Name><Description>Vice Chair</Description></Stakeholder><Stakeholder StakeholderTypeType="Person"><Name>Hon. Timothy J. Penny</Name><Description>Vice Chair</Description></Stakeholder><Stakeholder StakeholderTypeType="Person"><Name>Martha Phillips</Name><Description>Vice Chair</Description></Stakeholder><Stakeholder StakeholderTypeType="Person"><Name>Hon. Charles S. Robb</Name><Description>Vice Chair</Description></Stakeholder><Stakeholder StakeholderTypeType="Person"><Name>Hon. Robert E. Rubin</Name><Description>Vice Chair</Description></Stakeholder><Stakeholder StakeholderTypeType="Person"><Name>Hon. Charles W. Stenholm</Name><Description>Vice Chair</Description></Stakeholder><Stakeholder StakeholderTypeType="Person"><Name>John G. Turner</Name><Description>Vice Chair</Description></Stakeholder><Stakeholder StakeholderTypeType="Person"><Name>Hon. George Voinovich</Name><Description>Vice Chair</Description></Stakeholder><Stakeholder StakeholderTypeType="Person"><Name>Hon. Paul A. Volcker</Name><Description>Vice Chair</Description></Stakeholder><Stakeholder StakeholderTypeType="Person"><Name>Hon. John P. White</Name><Description>Vice Chair</Description></Stakeholder><Stakeholder StakeholderTypeType="Person"><Name>Daniel Yankelovich</Name><Description>Vice Chair</Description></Stakeholder><Stakeholder StakeholderTypeType="Person"><Name>Robert L. Bixby</Name><Description>Executive Director</Description></Stakeholder><Stakeholder StakeholderTypeType="Generic_Group"><Name>Concord Coalition Youth Advisory Board</Name><Description>The Youth Advisory Board supports The Concord Coalitions grassroots, advising it on the development of educational programs and helping to coordinate Concord's field operations with efforts of youth organizations interested in advocating for a secure fiscal and economic future. Board members speak at Concord events about the federal budget's impact on the quality of life for future generations. </Description></Stakeholder></Organization><Vision><Description>... the country better off for our children and grandchildren.</Description><Identifier>_89d2f658-9b30-11e6-9236-c653b2d70f4f</Identifier></Vision><Mission><Description>To educate the public about the causes and consequences of federal budget deficits, the long-term challenges facing America's unsustainable entitlement programs, and how to build a sound foundation for economic growth. </Description><Identifier>_89d2f6da-9b30-11e6-9236-c653b2d70f4f</Identifier></Mission><Value><Name>Non-Partisanship</Name><Description/></Value><Value><Name>Economic Growth</Name><Description/></Value><Value><Name>Fiscal Responsibility</Name><Description/></Value><Goal><Name>Exercises</Name><Description>Lead interactive exercises</Description><Identifier>_89d2f7a2-9b30-11e6-9236-c653b2d70f4f</Identifier><SequenceIndicator>1</SequenceIndicator><Stakeholder><Name/><Description/></Stakeholder><OtherInformation/><Objective><Name/><Description/><Identifier>_89d2f860-9b30-11e6-9236-c653b2d70f4f</Identifier><SequenceIndicator/><Stakeholder><Name/><Description/></Stakeholder><OtherInformation/></Objective></Goal><Goal><Name>Classes</Name><Description>Conduct classes</Description><Identifier>_dc87848a-9c53-11e6-b422-6414b2d70f4f</Identifier><SequenceIndicator>2</SequenceIndicator><Stakeholder><Name/><Description/></Stakeholder><OtherInformation/><Objective><Name/><Description/><Identifier>_dc8785e8-9c53-11e6-b422-6414b2d70f4f</Identifier><SequenceIndicator/><Stakeholder><Name/><Description/></Stakeholder><OtherInformation/></Objective></Goal><Goal><Name>Interviews</Name><Description>Give media interviews</Description><Identifier>_dc8786a6-9c53-11e6-b422-6414b2d70f4f</Identifier><SequenceIndicator>3</SequenceIndicator><Stakeholder StakeholderTypeType="Generic_Group"><Name>News Media</Name><Description/></Stakeholder><OtherInformation/><Objective><Name/><Description/><Identifier>_dc878746-9c53-11e6-b422-6414b2d70f4f</Identifier><SequenceIndicator/><Stakeholder><Name/><Description/></Stakeholder><OtherInformation/></Objective></Goal><Goal><Name>Briefings</Name><Description>Brief elected officials and their staffs</Description><Identifier>_dc8787f0-9c53-11e6-b422-6414b2d70f4f</Identifier><SequenceIndicator>4</SequenceIndicator><Stakeholder StakeholderTypeType="Generic_Group"><Name>Elected Officials</Name><Description/></Stakeholder><OtherInformation/><Objective><Name/><Description/><Identifier>_dc878890-9c53-11e6-b422-6414b2d70f4f</Identifier><SequenceIndicator/><Stakeholder><Name/><Description/></Stakeholder><OtherInformation/></Objective></Goal></StrategicPlanCore><AdministrativeInformation><StartDate>1992-12-31</StartDate><PublicationDate>2016-10-27</PublicationDate><Source>http://www.concordcoalition.org/about-concord-coalition</Source><Submitter><GivenName>Owen</GivenName><Surname>Ambur</Surname><PhoneNumber/><EmailAddress>Owen.Ambur@verizon.net</EmailAddress></Submitter></AdministrativeInformation></StrategicPlan>