<?xml version="1.0" encoding="UTF-8"?>
<StrategicPlan xmlns="urn:ISO:std:iso:17469:tech:xsd:stratml_core" xmlns:xsi="http://www.w3.org/2001/XMLSchema-instance" xsi:schemaLocation="urn:ISO:std:iso:17469:tech:xsd:stratml_core http://xml.govwebs.net/stratml/references/StrategicPlanISOVersion20140401.xsd"><Name>About the Credibility Coalition</Name><Description>The proliferation of misinformation in online news and its amplification by automated feeds and social media are a growing concern.

Many solutions are being attempted, but the misinformation problem is so large that any single effort can only provide partial alleviation. Tackling it successfully will require a holistic approach, with reputation systems, fact-checking, media literacy, revenue models, and public feedback all helping to address the health of the information ecosystem.</Description><OtherInformation>We work collaboratively, developing a set of indicators according to open standards and sharing the results of our distributed tests and validations.

The Credibility Coalition fosters the development of a structure for interpreting credibility in news articles in two ways:

through the collaborative definition and refinement of the credibility indicator framework itself,
and the sponsoring of attempts to validate the framework through research, receiving feedback towards the next version of indicators.</OtherInformation><StrategicPlanCore><Organization><Name>Credibility Coalition</Name><Acronym>CC6</Acronym><Identifier>_8714cd66-47d1-11e8-b9dc-19a7f8c279ad</Identifier><Description>We are an interdisciplinary community committed to improving our information ecosystems and media literacy through transparent and collaborative exploration.</Description><Stakeholder StakeholderTypeType="Generic_Group"><Name>Credibility Coalition Co-Founders</Name><Description>The Credibility Coalition is an initiative co-founded by Meedan and Hacks/Hackers. </Description></Stakeholder><Stakeholder StakeholderTypeType="Organization"><Name>Meedan </Name><Description/></Stakeholder><Stakeholder StakeholderTypeType="Organization"><Name>Hacks/Hackers</Name><Description/></Stakeholder><Stakeholder StakeholderTypeType="Organization"><Name>Knight Foundation</Name><Description>We were incubated at the first MisinfoCon in early 2017 and grew under a Knight Prototype Fund Grant focused on improving the flow of accurate information.</Description></Stakeholder><Stakeholder StakeholderTypeType="Organization"><Name>International Press Telecommunications Council</Name><Description>We have presented our initiative in a number of international venues to gain feedback and partners; recent examples include the Mozilla Festival 2017, the International Press Telecommunications Council Autumn 2017 Meeting, and The Knight Commission on Trust, Media and Democracy.</Description></Stakeholder><Stakeholder StakeholderTypeType="Generic_Group"><Name>Credibility Coalition Financial Supporters</Name><Description>In March 2018 we announced the support of Google News Lab, the Facebook Journalism Project, Craig Newmark Philanthropies and additional private donors.</Description></Stakeholder><Stakeholder StakeholderTypeType="Organization"><Name>Google News Lab</Name><Description/></Stakeholder><Stakeholder StakeholderTypeType="Organization"><Name>Facebook Journalism Project</Name><Description/></Stakeholder><Stakeholder StakeholderTypeType="Organization"><Name>Craig Newmark Philanthropies</Name><Description/></Stakeholder><Stakeholder StakeholderTypeType="Generic_Group"><Name>Credibility Coalition Members</Name><Description>We value a diverse and inclusive membership and encourage broad participation. We especially invite individuals from historically underrepresented communities in technology and journalism to join our efforts, including women, people of color, people with disabilities and those who identify as LGBTQ.

The core contributors of our working group including the following individuals and organizations:</Description></Stakeholder><Stakeholder StakeholderTypeType="Person"><Name>Dr. Nick Adams</Name><Description>PublicEditor, GoodlyLabs</Description></Stakeholder><Stakeholder StakeholderTypeType="Person"><Name>Nate Angell</Name><Description>Hypothesis</Description></Stakeholder><Stakeholder StakeholderTypeType="Person"><Name>Scott Appling</Name><Description>Georgia Institute of Technology</Description></Stakeholder><Stakeholder StakeholderTypeType="Person"><Name>Ed Bice</Name><Description>Meedan</Description></Stakeholder><Stakeholder StakeholderTypeType="Person"><Name>Jeanne Brooks</Name><Description>Virago Futures, MisinfoCon</Description></Stakeholder><Stakeholder StakeholderTypeType="Person"><Name>Robyn Caplan</Name><Description>Data &amp; Society Research Institute</Description></Stakeholder><Stakeholder StakeholderTypeType="Person"><Name>Renee DiResta</Name><Description>Data for Democracy</Description></Stakeholder><Stakeholder StakeholderTypeType="Person"><Name>James Fairbanks</Name><Description>Georgia Institute of Technology</Description></Stakeholder><Stakeholder StakeholderTypeType="Person"><Name>Dan Froomkin</Name><Description>Hypothesis</Description></Stakeholder><Stakeholder StakeholderTypeType="Person"><Name>Dhruv Ghulati</Name><Description>Factmata</Description></Stakeholder><Stakeholder StakeholderTypeType="Person"><Name>Norman Gilmore</Name><Description>PublicEditor, Berkeley Institute for Data Science</Description></Stakeholder><Stakeholder StakeholderTypeType="Person"><Name>Vinny Green</Name><Description>Snopes.com</Description></Stakeholder><Stakeholder StakeholderTypeType="Person"><Name>Natalie Gyenes</Name><Description>Berkman Klein Center</Description></Stakeholder><Stakeholder StakeholderTypeType="Person"><Name>Sandro Hawke</Name><Description>W3C, MIT</Description></Stakeholder><Stakeholder StakeholderTypeType="Person"><Name>David Karger</Name><Description>MIT CSAIL</Description></Stakeholder><Stakeholder StakeholderTypeType="Person"><Name>Jennifer 8. Lee</Name><Description>Hacks/Hackers</Description></Stakeholder><Stakeholder StakeholderTypeType="Person"><Name>Dr. Emlen Metz</Name><Description>PublicEditor, Berkeley Institute for Data Science</Description></Stakeholder><Stakeholder StakeholderTypeType="Person"><Name>An Xiao Mina</Name><Description>Meedan, Berkman Klein Center</Description></Stakeholder><Stakeholder StakeholderTypeType="Person"><Name>Tanu Mitra</Name><Description>Virginia Tech</Description></Stakeholder><Stakeholder StakeholderTypeType="Person"><Name>Stuart Myles</Name><Description>Associated Press</Description></Stakeholder><Stakeholder StakeholderTypeType="Person"><Name>Aviv Ovadya</Name><Description>University of Michigan School of Information</Description></Stakeholder><Stakeholder StakeholderTypeType="Person"><Name>Aditya Ranganathan</Name><Description>PublicEditor, Berkeley Institute for Data Science</Description></Stakeholder><Stakeholder StakeholderTypeType="Person"><Name>Karim Ratib</Name><Description>Meedan</Description></Stakeholder><Stakeholder StakeholderTypeType="Person"><Name>Martin Robbins</Name><Description>Factmata</Description></Stakeholder><Stakeholder StakeholderTypeType="Person"><Name>Evan Sandhaus</Name><Description>The New York Times</Description></Stakeholder><Stakeholder StakeholderTypeType="Person"><Name>Connie Moon Sehat</Name><Description>Global Voices</Description></Stakeholder><Stakeholder StakeholderTypeType="Person"><Name>Heather Staines</Name><Description>Hypothesis</Description></Stakeholder><Stakeholder StakeholderTypeType="Person"><Name>Sara-Jayne Terp</Name><Description>AppNexus</Description></Stakeholder><Stakeholder StakeholderTypeType="Person"><Name>Jon Udell</Name><Description>Hypothesis</Description></Stakeholder><Stakeholder StakeholderTypeType="Person"><Name>Rick Weiss</Name><Description>AAAS SciLine</Description></Stakeholder><Stakeholder StakeholderTypeType="Person"><Name>Dan Whaley</Name><Description>Hypothesis</Description></Stakeholder><Stakeholder StakeholderTypeType="Person"><Name>Emmanuel Vincent</Name><Description>Climate Feedback</Description></Stakeholder><Stakeholder StakeholderTypeType="Person"><Name>Amy X. Zhang</Name><Description>MIT CSAIL</Description></Stakeholder></Organization><Vision><Description/><Identifier>_8714cece-47d1-11e8-b9dc-19a7f8c279ad</Identifier></Vision><Mission><Description>To improve our information ecosystems and media literacy through transparent and collaborative exploration.</Description><Identifier>_8714cf78-47d1-11e8-b9dc-19a7f8c279ad</Identifier></Mission><Value><Name>Information</Name><Description/></Value><Value><Name>Literacy</Name><Description/></Value><Value><Name>Exploration</Name><Description/></Value><Value><Name>Transparency</Name><Description/></Value><Value><Name>Collaboration</Name><Description/></Value><Value><Name>Credibility</Name><Description>Simply put, credibility is information reliability. While individual members of the Coalition may define the factors that make up information reliability with some variability, we believe that it is necessary and beneficial to work together in creating shared understandings.

This is because the assessment of reliability is complex. Credibility is not a boolean flag, or the simple answer to a "yes/no" question.</Description></Value><Value><Name>Accuracy</Name><Description>Credibility is related to accuracy. But our goal is not to weigh into, for example, disagreements among scientists on the precise pace of rising sea levels or historians who differ on the exact number of deaths resulting from genocidal events. There are a number of articles that are more credible than others, and these articles may be equally credible even if there’s disagreement among experts. The same applies for other items in the news, like breaking news in the wake of a natural disaster.</Description></Value><Value><Name>Negotiation</Name><Description>There is an aspect to credibility that is a negotiation, where publishers and authors seek to convey credibility while readers and platforms seek to better ascertain it. The factors that make up credibility are related to one another in ways that are intricate and not yet well understood.</Description></Value><Value><Name>Interpretations</Name><Description>This complexity is why we anticipate differences among particular interpretations of why one story is more credible than the next, but nonetheless believe that the structure -- the relationships and signals of credibility -- can be productively defined through a community effort. In fact, given the intricacies of information networks and negotiation, we believe that a collaborative and iterative approach is necessary.</Description></Value><Value><Name>Structure</Name><Description/></Value><Value><Name>Relationships</Name><Description/></Value><Value><Name>Indicators</Name><Description>At the heart of the Credibility Coalition's endeavor is the definition and refinement of indicators for credibility.

Example indicators include looking at advertisements and revenue models, the structure of an article, and how it quotes and represents outside experts and scientific literature. The first full version of our schema is forthcoming.</Description></Value><Goal><Name>Reliability &amp; Credibility</Name><Description>Define the factors that lead to credibility assessments or that make information reliable.</Description><Identifier>_8714d022-47d1-11e8-b9dc-19a7f8c279ad</Identifier><SequenceIndicator/><Stakeholder StakeholderTypeType="Generic_Group"><Name>W3G Group on Credibility</Name><Description>October 2017 - present -- 
The mission of the W3C Credible Web Community Group is to help shift the Web toward more trustworthy content without increasing censorship or social division. We want users to be able to tell when content is reliable, accurate, and shared in good faith, and to help them steer away from deceptive content. At the same time, we affirm the need for users to find the content they want and to interact freely in the communities they choose. To balance any conflict between these goals, we are committed to providing technologies which keep end-users in control of their Web experience.</Description></Stakeholder><Stakeholder StakeholderTypeType="Generic_Group"><Name/><Description/></Stakeholder><OtherInformation>Together, as a coalition, we are interested in complementing these efforts by defining the factors that lead to credibility assessments or that make information reliable.

Rather than jointly deciding whether an article is "credible" or "not credible" or endorsing any single index or evaluation of credibility, the Credibility Coalition fosters the development of a framework around which credibility can be discussed and interpreted.</OtherInformation><Objective><Name>Indicators</Name><Description>Provide indicators to used to gauge whether an article can inform or educate.</Description><Identifier>_8714d0d6-47d1-11e8-b9dc-19a7f8c279ad</Identifier><SequenceIndicator/><Stakeholder StakeholderTypeType="Generic_Group"><Name>R1 Indicator Annotation &amp; Assessment Project</Name><Description>October 2017 - present -- 
For this research, members are collaboratively developing an initial set of indicators for article credibility. Indicators originate from both within an article’s text as well as from external sources or article metadata. As a proof-of-concept, trained individuals in late 2017/early 2018 annotated a dataset of 40 articles of varying credibility with selected indicators using specialized platforms. Future steps for this initiative are being outlined, which include: expanding annotation efforts, broadening the set of indicators, and considering their use by platforms and the public towards the development of interoperable standards for content credibility.</Description></Stakeholder><OtherInformation>Our goal is to provide a range of indicators that can be used by a person -- or a system -- to gauge if an article can inform or educate that person (or whoever the audience is likely to be).</OtherInformation></Objective><Objective><Name>Vocabularies</Name><Description>Collaborate on shared vocabularies for understanding the nature of credible content.</Description><Identifier>_8714d18a-47d1-11e8-b9dc-19a7f8c279ad</Identifier><SequenceIndicator>1</SequenceIndicator><Stakeholder><Name/><Description/></Stakeholder><OtherInformation>If solutions -- especially scalable ones -- are possible, they will require organized cooperation through shared vocabularies for understanding the nature of credible content.</OtherInformation></Objective><Objective><Name>Tools</Name><Description>Iterate and evolve tools to test hypotheses about information quality.</Description><Identifier>_8714d23e-47d1-11e8-b9dc-19a7f8c279ad</Identifier><SequenceIndicator>2</SequenceIndicator><Stakeholder><Name/><Description/></Stakeholder><OtherInformation>Our contribution will be an iterative, evolving and transparent process by diverse research projects using different tools to test hypotheses about information quality.</OtherInformation></Objective><Objective><Name>Risk Assessment</Name><Description>Continually assess the risks of censorship and gamified knowledge systems.</Description><Identifier>_8714d306-47d1-11e8-b9dc-19a7f8c279ad</Identifier><SequenceIndicator>3</SequenceIndicator><Stakeholder><Name/><Description/></Stakeholder><OtherInformation>Solutions will also require continual assessments about the risks of censorship and gamified knowledge systems: risks that are already present in our current ecosystem and that demand thoughtful, knowledgable approaches.</OtherInformation></Objective></Goal></StrategicPlanCore><AdministrativeInformation><PublicationDate>2018-04-24</PublicationDate><Source>https://credibilitycoalition.org/about/</Source><Submitter><GivenName>Owen</GivenName><Surname>Ambur</Surname><PhoneNumber/><EmailAddress>Owen.Ambur@verizon.net</EmailAddress></Submitter></AdministrativeInformation></StrategicPlan>