<?xml version="1.0" encoding="UTF-8"?>
<StrategicPlan xsi:schemaLocation="http://www.stratml.net  http://xml.gov/stratml/references/StrategicPlan.xsd" xmlns:xsi="http://www.w3.org/2001/XMLSchema-instance" xmlns="http://www.stratml.net"><id/><Name>Cloud Computing Service Metrics Description - DRAFT</Name><Description>This document proposes a framework that identifies and characterizes the information and relationships needed to describe and observe properties of cloud services that are representative, accurate and reproducible. This information can be used in a variety of ways including, collection, comparison, gap analysis, and assessment or description of metrics at the technical or business levels. These metrics can connect information intended for decision-making, for the service agreements between provider and customer, for the runtime performance measurement and the underlying properties within the providers system.  This document may be used as a source of information to better understand metrology within the context of cloud services, and as a framework to describe, collect and access information related to metrics. The measurement process and methodology necessary for performing the measurement of a given cloud property is not the focus of this document.</Description><OtherInformation>DISCLAIMER - This document has been prepared by the National Institute of Standards and Technology (NIST) and describes technical research in support of the NIST Cloud Computing Program. Certain commercial entities, equipment, or material may be identified in this document in order to describe a concept adequately. Such identification is not intended to imply recommendation or endorsement by the National Institute of Standards and Technology, nor is it intended to imply that these entities, materials, or equipment are necessarily the best available for the purpose.</OtherInformation><StrategicPlanCore><Organization><Name>NIST Cloud Computing Reference Architecture and Taxonomy Working Group</Name><Acronym>CCRATWG</Acronym><Identifier>_252a0fba-8800-11e4-9236-83f508c29cb5</Identifier><Description/><Stakeholder><Name>Information Technology Laboratory </Name><Description>The Information Technology Laboratory (ITL) at the National Institute of Standards and Technology (NIST) promotes the U.S. economy and public welfare by providing technical leadership for the Nation’s measurement and standards infrastructure. ITL develops tests, test methods, reference data, proof of concept implementations, and technical analyses to advance the development and productive use of information technology. ITL’s responsibilities include the development of management, administrative, technical, and physical standards and guidelines for the cost-effective security and privacy of other than national security-related information in Federal information systems. This Special Publication 500-series reports on ITL’s research, guidance, and outreach efforts in Information Technology and its collaborative activities with
industry, government, and academic organizations.</Description></Stakeholder><Stakeholder><Name>NIST Cloud Computing Program</Name><Description>Information Technology Laboratory</Description></Stakeholder><Stakeholder><Name>U.S. Department of Commerce</Name><Description>Penny Pritzker, Secretary</Description></Stakeholder><Stakeholder><Name>National Institute of Standards and Technology</Name><Description>Willie May, Acting Under Secretary of Commerce for Standards and Technology and Acting Director</Description></Stakeholder><Stakeholder><Name>U.S. Government Agencies</Name><Description>The targeted audience of this document includes but is not limited to: * U.S. Government agencies * Cloud service customers * Cloud service auditors * Cloud service providers</Description></Stakeholder><Stakeholder><Name>Cloud Service Customers</Name><Description/></Stakeholder><Stakeholder><Name>Cloud Service Auditors</Name><Description/></Stakeholder><Stakeholder><Name>Cloud Service Providers</Name><Description/></Stakeholder><Stakeholder><Name>Frederic de Vaulx</Name><Description>NIST co-editor -- 
This document reflects the contributions and discussions by the members of the NIST Cloud Computing Reference Architecture and Taxonomy Working Group - Cloud Service Metrics Sub Group, lead by Frederic de Vaulx of Prometheus Computing, LLC under contract with the U.S. Department of Commerce, National Institute of Standards and Technology, Information Technology Laboratory.
NIST would like to acknowledge the specific contributions from the following contributors:</Description></Stakeholder><Stakeholder><Name>Jane Siegel</Name><Description>(CMU)</Description></Stakeholder><Stakeholder><Name>Jacques Durand</Name><Description>(Fujitsu)</Description></Stakeholder><Stakeholder><Name>John Calhoon</Name><Description>(Microsoft)</Description></Stakeholder><Stakeholder><Name>Jeff Perdue</Name><Description>(CMU)</Description></Stakeholder><Stakeholder><Name>Steve Woodward</Name><Description>(Cloud Perspectives)</Description></Stakeholder><Stakeholder><Name>Alan Sill</Name><Description>(TTU)</Description></Stakeholder><Stakeholder><Name>Ken E. Stavinoha</Name><Description>(Solutions Architect, Cisco Systems)</Description></Stakeholder><Stakeholder><Name>Tom Rutt</Name><Description>(Fujitsu)</Description></Stakeholder><Stakeholder><Name>Jenny Huang</Name><Description>(AT&amp;T)</Description></Stakeholder><Stakeholder><Name>Eric Roggenstroh</Name><Description>(eGT for GSA)</Description></Stakeholder><Stakeholder><Name>Omar Fink</Name><Description>(SAIC)</Description></Stakeholder><Stakeholder><Name>Steven J. McGee</Name><Description>(SAW Concepts LLC)</Description></Stakeholder><Stakeholder><Name>Eric Simmon</Name><Description>(NIST)</Description></Stakeholder><Stakeholder><Name>Scott Feuless</Name><Description>(ISG/CSMIC)</Description></Stakeholder><Stakeholder><Name>Jim Watts</Name><Description>(TSA)</Description></Stakeholder><Stakeholder><Name>Keyun Ruan</Name><Description>(Chief Scientist, Espion Group, Ireland)</Description></Stakeholder><Stakeholder><Name>Jesus Luna</Name><Description>(CSA)</Description></Stakeholder><Stakeholder><Name>William M. Fitzgerald</Name><Description>(EMC Information Systems International, Ireland)</Description></Stakeholder><Stakeholder><Name>Kimberley Laris</Name><Description>(Positive Assurance)</Description></Stakeholder><Stakeholder><Name>Massimiliano Rak</Name><Description>(CerICT, Italy)</Description></Stakeholder><Stakeholder><Name>Neeraj Suri</Name><Description>(Technical University of Darmstadt, Germany)</Description></Stakeholder><Stakeholder><Name>David Núñez</Name><Description>(Universidad de Málaga, Spain)</Description></Stakeholder><Stakeholder><Name>Carmen Fernández-Gago</Name><Description>(Universidad de Málaga, Spain)</Description></Stakeholder><Stakeholder><Name>Isaac Agudo</Name><Description>(Universidad de Málaga, Spain)</Description></Stakeholder><Stakeholder><Name>Eric Simmon</Name><Description>NIST co-editor</Description></Stakeholder><Stakeholder><Name>Robert Bohn</Name><Description>NIST co-editor</Description></Stakeholder></Organization><Vision><Description/><Identifier>_252a128a-8800-11e4-9236-83f508c29cb5</Identifier></Vision><Mission><Description>To propose a framework that identifies and characterizes the information and relationships needed to describe and observe properties of cloud services that are representative, accurate and reproducible.</Description><Identifier>_252a1352-8800-11e4-9236-83f508c29cb5</Identifier></Mission><Value><Name>Clarity</Name><Description>With cloud computing in the mainstream, there is a preponderance of cloud based services in the market and the choices for consumers increase daily. However, comparing the service offerings between cloud service providers is not a straightforward exercise. To be successful in procuring cloud services, one must have requirements that are clear, create service level agreements (SLA) which reflect these requirements and be measureable in order to validate the delivery of these services along with their performance and remedies.</Description></Value><Value><Name>Quality</Name><Description>As part of the decision making framework for moving to the cloud, having data on measurable capabilities, for example - quality of service, availability and reliability, give the cloud service customer the tools and opportunity to make informed choices and to gain an understanding of the service being delivered. NIST’s definition of cloud computing describes a “Measured Service” as being one of the five essential characteristics of the cloud computing model. To describe a “measured service”, one needs to identify the cloud service properties that have to be measured and what their standards of measurement or metrics are.</Description></Value><Value><Name>Availability</Name><Description/></Value><Value><Name>Reliability</Name><Description/></Value><Value><Name>Metrics</Name><Description>A metric provides knowledge about characteristics of a cloud property through both its definition (e.g. expression, unit, rules) and the values resulting from the observation of the property. For instance, a customer response time metric can be used to estimate a specific response time property (i.e. response time from customer to customer) of a cloud email service search feature. It also provides the necessary information that is needed for to reproduce and verify observations and measurement results. In this context, the role of that metrics play is very important to support decision-making as well as: * Selecting cloud services * Defining and enforcing service agreements * Monitoring cloud services * Accounting and Auditing</Description></Value><Value><Name>Scenarios</Name><Description>A scenario represents a particular use case in which metrics play a role. Stakeholders need to have a way to understand, assess, compare, combine and make decisions about cloud service properties. This means that for a given scenario (e.g. choosing a cloud service or setup a service agreement), a stakeholder needs to be able to get information on cloud service properties, which when measured (observed) will guide the stakeholder along the proper course of action. The scenario and cloud service property will determine the metric (standard of measurement) to be used.</Description></Value><Goal><Name>Selection</Name><Description>Select a service</Description><Identifier>_252a13e8-8800-11e4-9236-83f508c29cb5</Identifier><SequenceIndicator>1</SequenceIndicator><Stakeholder><Name>Cloud Services Measurement Initiative Consortium</Name><Description/></Stakeholder><OtherInformation>Metrics for Selecting Cloud Services --  Metrics are essential at the stage of deciding what cloud offering should be best suited to meet the business and technical requirements. The customer of cloud services should be able to select and use metrics and their underlying measures to assess and decide which offering would be best. Solutions like the Service Measurement Index (SMI), produced by the Cloud Services Measurement Initiative Consortium (CSMIC), could be used to determine which metrics are relevant to the selection of a particular cloud offering.</OtherInformation><Objective><Name/><Description/><Identifier>_252a149c-8800-11e4-9236-83f508c29cb5</Identifier><SequenceIndicator/><Stakeholder><Name/><Description/></Stakeholder><OtherInformation/></Objective></Goal><Goal><Name>Agreement</Name><Description>Agree upon service levels</Description><Identifier>_252a1546-8800-11e4-9236-83f508c29cb5</Identifier><SequenceIndicator>2</SequenceIndicator><Stakeholder><Name/><Description/></Stakeholder><OtherInformation>Metrics for Service Agreements (SAs) -- A Service Agreement (SA) represents a binding agreement between the provider and customer of a cloud service. Among the elements that it contains are the description of the service, the rights and responsibilities of both the provider and the customer and terms definition. It also contains essential information related to the measurement of different aspects of the cloud service (e.g., its business level objectives or its performance level). The definition and usage of appropriate metrics with their underlying measures are essential components of the Service Level Agreement (SLA) and Service Level Objectives (SLO), which are constituents of the SA. The references [9] and [10] describe, in detail, the importance of and need for metrics in SLAs. At this point, the
metrics are used to set the boundaries and margins of errors the provider of the service abides by and sets their limitations. For instance these metrics could be used at runtime for service monitoring and balancing, or remediation (e.g., financial). Using a standardized set of metrics or metric templates in SAs makes it easier and quicker to define SLAs and SLOs, and to compare them with others.</OtherInformation><Objective><Name/><Description/><Identifier>_252a15e6-8800-11e4-9236-83f508c29cb5</Identifier><SequenceIndicator/><Stakeholder><Name/><Description/></Stakeholder><OtherInformation/></Objective></Goal><Goal><Name>Verification</Name><Description>Verify service levels</Description><Identifier>_252a169a-8800-11e4-9236-83f508c29cb5</Identifier><SequenceIndicator>3</SequenceIndicator><Stakeholder><Name/><Description/></Stakeholder><OtherInformation>Metrics for Service Measurement -- Once the customer purchases a cloud service, it is necessary to ensure the service level objectives are being met. If they are not met, a pre-determined remedy needs to be initiated.</OtherInformation><Objective><Name/><Description/><Identifier>_252a1744-8800-11e4-9236-83f508c29cb5</Identifier><SequenceIndicator/><Stakeholder><Name/><Description/></Stakeholder><OtherInformation/></Objective></Goal></StrategicPlanCore><AdministrativeInformation><StartDate/><EndDate/><PublicationDate>2014-12-19</PublicationDate><Source>http://www.nist.gov/itl/cloud/upload/RATAX-CloudServiceMetricsDescription-DRAFT-20141111.pdf</Source><Submitter><FirstName>Owen</FirstName><LastName>Ambur</LastName><PhoneNumber/><EmailAddress>Owen.Ambur@verizon.net</EmailAddress></Submitter></AdministrativeInformation></StrategicPlan>