<?xml version="1.0" encoding="UTF-8"?>
<StrategicPlan xmlns="http://www.stratml.net"><Name>Center for Digital Initiatives</Name><Description></Description><OtherInformation></OtherInformation><StrategicPlanCore><Organization><Name>Center for Digital Initiatives</Name><Acronym>CDI</Acronym><Identifier></Identifier><Description>The CDI seeks to cooperate with university, community, state, and other partners to produce cohesive digital collections which broadly appeal to various user groups. These collections may be digitized or born digital and may include documents, photographs, data, artifacts, audiovisual materials, and more. 

The CDI serves as a resource for creating, preserving, and accessing digital collections by providing state-of-the-art digitization equipment, infrastructure, services, and support. Faculty and staff of the CDI participate in the development of international standards for the creation, description, and discovery of digital content. They research, create and share innovative applications for digital services in the library profession.

The University of Vermont Libraries' Center for Digital Initiatives was established and is supported with funding from the Institute of Museum and Library Services (IMLS). The mission of IMLS is &#8220;to create strong libraries and museums that connect people to information and ideas.&#8221; For more information about IMLS and its programs, please visit http://www.imls.gov/about/about.shtm. </Description><Stakeholder><Name>University of Vermont</Name><Description></Description></Stakeholder></Organization><Vision><Description></Description><Identifier></Identifier></Vision><Mission><Description>Make unique digital collections available for researchers at UVM and beyond.</Description><Identifier></Identifier></Mission><Value><Name></Name><Description></Description></Value><Goal><Name>Digital Resources</Name><Description>For students, faculty, staff, scholars, and community members to participate as users and creators of digital resources in an open, collaborative environment.</Description><Identifier></Identifier><SequenceIndicator></SequenceIndicator><Stakeholder><Name>Students</Name><Description></Description></Stakeholder><OtherInformation></OtherInformation><Objective><Name></Name><Description></Description><Identifier></Identifier><SequenceIndicator></SequenceIndicator><Stakeholder><Name></Name><Description></Description></Stakeholder><OtherInformation></OtherInformation></Objective><Stakeholder><Name>Faculty</Name><Description></Description></Stakeholder><Stakeholder><Name>Scholars</Name><Description></Description></Stakeholder><Stakeholder><Name>Community Members</Name><Description></Description></Stakeholder></Goal></StrategicPlanCore><AdministrativeInformation><StartDate></StartDate><EndDate></EndDate><PublicationDate>2010-01-13</PublicationDate><Source>http://cdi.uvm.edu/about/about</Source><Submitter><FirstName>Owen</FirstName><LastName>Ambur</LastName><PhoneNumber></PhoneNumber><EmailAddress>Owen.Ambur@verizon.net</EmailAddress></Submitter></AdministrativeInformation></StrategicPlan>