<?xml version="1.0" encoding="UTF-8"?>
<StrategicPlan xsi:schemaLocation="http://www.stratml.net  http://xml.gov/stratml/references/StrategicPlan.xsd" xmlns:xsi="http://www.w3.org/2001/XMLSchema-instance" xmlns="http://www.stratml.net"><id/><Name>Strategic Plan of the Commission for Environmental Cooperation 2010-2015</Name><Description>... the NAAEC emphasizes a collaborative approach to environmental protection that 
integrates ecological, economic and social factors affecting the North American environment, promotes 
environmental cooperation in the region and supports the effective enforcement of environmental law. 
The NAAEC recognizes the interrelationship between a sustainable environment and a sustainable economy and fosters both. 
In addition to reinforcing the national obligations of each country to protect its own environment, the 
Parties established the Commission for Environmental Cooperation (CEC) through the NAAEC to facilitate effective cooperation on the conservation, protection, and enhancement of the North American environment. Through the unique partnership created by the NAAEC, the governments of Canada, Mexico, 
and the United States and North American civil society work together to pursue what none of the three 
countries could achieve on its own.</Description><OtherInformation>In North America, more than 425 million people share a rich environmental heritage ranging from 
tropical rain forests to arctic tundra and including deserts and wetlands, oceans and rivers, prairies 
and mountains. Together, these natural resources form a complex network of ecosystems that support 
a unique biodiversity as well as sustain our well-being and livelihoods. Although the three countries in 
North America have had a rich history of bilateral cooperation on the environment, the North American 
Agreement on Environmental Cooperation (NAAEC) facilitated collaboration at the trilateral level.
The NAAEC came into force at the same time as the North American Free Trade Agreement (NAFTA). 
Together, the environmental provisions of both agreements mark the determination of our three countries 
that economic growth and liberalization of trade would not displace ongoing cooperation and continuous 
improvement in the environmental performance of each country</OtherInformation><StrategicPlanCore><Organization><Name>Commission for Environmental Cooperation</Name><Acronym>CEC</Acronym><Identifier/><Description>The CEC budget is US$9 million a year, contributed equally by the three Parties. The Parties make additional contributions to the CEC through an extensive commitment of staff, time and expertise, under the various activities identified in the CEC Operational Plan. The Parties are committed to ensuring that all CEC bodies work on the principles of, transparency and accountability.</Description><Stakeholder><Name>CEC Parties</Name><Description>the governments of Canada, Mexico, and the United States</Description></Stakeholder><Stakeholder><Name>Government of Canada</Name><Description/></Stakeholder><Stakeholder><Name>Government of Mexico</Name><Description/></Stakeholder><Stakeholder><Name>Government of the United States</Name><Description/></Stakeholder><Stakeholder><Name>North American Civil Society</Name><Description/></Stakeholder><Stakeholder><Name>CEC Council</Name><Description>the Council, the governing body of the Commission, is composed of cabinet-level environment officials or their designees. The Council’s mandate includes overseeing the implementation of the NAAEC, establishing the CEC’s overall direction, approving its budget, reviewing its progress and its projects against their objectives; and overseeing the Secretariat</Description></Stakeholder><Stakeholder><Name>Leona Aglukkaq</Name><Description>Council Member - Canada</Description></Stakeholder><Stakeholder><Name>Juan José Guerra</Name><Description>Council Member - Mexico</Description></Stakeholder><Stakeholder><Name>Gina McCarthy</Name><Description>Council Member - United States</Description></Stakeholder><Stakeholder><Name>CEC Secretariat</Name><Description>the Secretariat provides administrative, technical and operational support to the Council, its committees and working groups, and other support as the Council may direct. It also has special responsibilities in the Submissions on Enforcement Matters (SEM) Process and the preparation of reports under Article 13</Description></Stakeholder><Stakeholder><Name>CEC JPAC</Name><Description>the Joint Public Advisory Committee (JPAC), composed of fifteen citizens (five from each country), advises the Council on any matter within the scope of the NAAEC and can serve as a source of information for the Secretariat. The JPAC ensures active public participation and transparency in all NAAEC activities.</Description></Stakeholder><Stakeholder><Name>CEC Committees &amp; Working Groups</Name><Description>Committees and working groups established by Council contribute significantly to the cooperative program under the CEC. </Description></Stakeholder><Stakeholder><Name>Government Officials</Name><Description>The Council will continue to receive advice from government officials, any Council established groups or committees and others to advance the priorities described in this Strategic Plan.</Description></Stakeholder><Stakeholder><Name>Irasema Coronado</Name><Description>CEC Executive Director --  

Irasema Coronado was appointed Executive Director of the Commission for Environmental Cooperation (CEC), effective 1 December 2012.

Irasema Coronado, PhD, was a professor in the Department of Political Science at the University of Texas at El Paso, and was also an affiliated faculty member in the Environmental Science and Engineering PhD program. At the university, she served as an associate provost (2008-2012), associate dean of the College of Liberal Arts (2006-2008), chair of the Political Science Department (2005-2006), and assistant professor of the Center for Inter-American and Border Studies (1999-2003). Dr. Coronado was also a Fulbright Scholar at the Universidad Autónoma de Ciudad Juárez in Mexico (2004-2005), and a faculty member at the University of the Incarnate Word in San Antonio, Texas (1995-1999).

Dr. Coronado has held other academic and visiting scholar positions at the University of Texas at San Antonio (1998-1999), the University of Arizona (1997 and 2001), El Colegio de la Frontera Norte in Sonora, Mexico (1992-1995), and Cochise College (1991). Dr. Coronado is currently a member of the boards of Frontera Women's Foundation, the Coalition Against Violence Toward Women and Children on the Border, FEMAP (Mexican Federation of Private Associations), and the Paso Del Norte Health Foundation. Dr. Coronado holds a BA from the University of South Florida and an MA and PhD from the University of Arizona. Hispanic Business Magazine named her one of top 100 influential hispanics in the United States in October of 2010.</Description></Stakeholder></Organization><Vision><Description/><Identifier/></Vision><Mission><Description>To facilitate cooperation and public participation to foster conservation, protection and enhancement of the North American environment for the benefit of present and future generations, in the context of increasing economic, trade and social links among Canada, Mexico and the United States.</Description><Identifier/></Mission><Value><Name>Consensus</Name><Description>The CEC Council operates on the basis of consensus, with the exception of specific instances where majority votes are called for, such as in connection with citizen submissions or Article 13 reports.</Description></Value><Value><Name>Healthy Communities</Name><Description>Achieving and maintaining healthy communities and ecosystems requires sustained and coordinated commitment as well as planning and managing programs that will ensure their protection. </Description></Value><Value><Name>Healthy Ecosystems</Name><Description/></Value><Value><Name>Commitment</Name><Description/></Value><Value><Name>Coordination</Name><Description/></Value><Value><Name>Planning</Name><Description/></Value><Value><Name>Management</Name><Description/></Value><Value><Name>Collaboration</Name><Description>We will continue strengthening our collaboration on tracking pollutant releases and transfers in North America, including the analysis of data through the CEC’s publication Taking Stock. </Description></Value><Value><Name>Risk Reduction</Name><Description>We will continue working together to reduce risks of exposure to toxic chemicals to the public and the environment. </Description></Value><Value><Name>Law Enforcement</Name><Description>Similarly, strengthening the development and enforcement of environmental laws and regulations also serves to promote healthy communities and ecosystems. Thus, the strategic objectives identified below related to addressing chemical risks and collaboration on enforcement matters are also considered as supporting the previous strategic objectives.</Description></Value><Value><Name>Community Participation</Name><Description>Cleaner production activities could supplement traditional command-and-control regulation by emphasizing community participation, voluntary partnerships, technological innovation, and market-based approaches, as appropriate. </Description></Value><Value><Name>Voluntary Partnerships</Name><Description/></Value><Value><Name>Technological Innovation</Name><Description/></Value><Value><Name>Market-Based Approaches</Name><Description/></Value><Value><Name>Industrial Competitiveness</Name><Description>The Parties anticipate simultaneously enhancing industrial competitiveness and decreasing environmental impact by increasing the use of less polluting and more efficient technologies, reducing resource consumption and waste, and preventing the generation of contaminants. </Description></Value><Value><Name>Balanced Information</Name><Description>The Parties recognize that balanced, policy-neutral information is required for environmental sustainability. </Description></Value><Value><Name>Environmental Sustainability</Name><Description/></Value><Value><Name>Environmental Performance Metrics</Name><Description>The Parties intend to focus efforts on gathering and sharing information on how to develop environmental performance metrics in an effort to better understand our shared North American environment. </Description></Value><Value><Name>Information Exchange</Name><Description>The Parties could also consider information exchange on expanding the use of market forces as drivers to achieve environmental improvements and promotion of environmental best practices in key industries where environmental performance and North American competitiveness are mutually beneficial. The Parties could also continue to document, analyze, and attempt to understand the environmental effects of trade liberalization in North America.</Description></Value><Value><Name>Market Forces</Name><Description/></Value><Goal><Name>Communities &amp; Ecosystems</Name><Description>Healthy Communities and Ecosystems</Description><Identifier/><SequenceIndicator>1</SequenceIndicator><Stakeholder><Name/><Description/></Stakeholder><OtherInformation>Canada, Mexico and the United States recognize that our wellbeing in North America—both environmental 
and economic—is grounded in healthy communities and ecosystems. Therefore, the Parties commit 
to build on and renew collaborative efforts within the CEC to protect, sustain and restore the health of 
people, communities and ecosystems using integrated and comprehensive approaches and partnerships. </OtherInformation><Objective><Name>Environmental Health</Name><Description>Improved environmental health of vulnerable communities in North America</Description><Identifier/><SequenceIndicator>1.1</SequenceIndicator><Stakeholder><Name>Vulnerable Communities</Name><Description/></Stakeholder><OtherInformation>Protecting and improving the environmental health of 
our citizens, particularly children and those in vulnerable 
communities, is a priority for all three Parties. To this end, 
we will identify opportunities to work through the CEC to 
advance existing commitments to support children’s environmental health and to build capacity among our indigenous peoples for the protection of the environment and 
the health of their communities.
Recognizing that climate change could disproportionately affect some communities, the Parties also intend to 
strengthen existing initiatives—or create new mechanisms 
where needed and as appropriate—to enable community-based adaptations that could enhance resilience to impacts 
from climate change that affect both physical and social 
environments. </OtherInformation></Objective><Objective><Name>Ecosystem Reslience</Name><Description>Increased resilience of shared ecosystems at risk</Description><Identifier/><SequenceIndicator>1.2</SequenceIndicator><Stakeholder><Name/><Description/></Stakeholder><OtherInformation>The Parties intend to develop trilateral capacity to implement 
an ecosystem approach to conservation and sustainable use
and monitor relevant outcomes in our shared ecosystems. The 
Parties also agree that attention should be given to both terrestrial and marine ecosystems. 
The three Parties recognize their successful work through 
the CEC in supporting biodiversity conservation and sustainable use and could build on previous investments. Therefore, 
building on national and global activities that are already underway to develop this capacity, the Parties could focus collaborative efforts in the following areas:</OtherInformation></Objective><Objective><Name>Landscapes, Seascapes &amp; Watersheds</Name><Description>Build collaboration among multiple agencies and partners for improved management of transboundary landscapes, seascapes and watersheds. </Description><Identifier/><SequenceIndicator>1.2.1</SequenceIndicator><Stakeholder><Name/><Description/></Stakeholder><OtherInformation>Efforts would include assessing 
resources, quantifying impacts, identifying thresholds, and 
supporting informed decision-making on a range of issues 
of common concern, such as sustainable management of 
watersheds to maximize benefits to human communities and wildlife, protecting species of common 
conservation concern, promote recreation, wildlife habitat, and ecosystem health, and limit 
the introduction of invasive species.</OtherInformation></Objective><Objective><Name>Species &amp; Spaces</Name><Description>Continue to build on the list of key species and spaces of common conservation concern and implement conservation and management initiatives in our shared ecosystems</Description><Identifier/><SequenceIndicator>1.2.2</SequenceIndicator><Stakeholder><Name/><Description/></Stakeholder><OtherInformation/></Objective><Objective><Name>Biodiversity &amp; Sustainability</Name><Description>Increase community-level awareness, engagement and capacity in biodiversity conservation and sustainable use, through the establishment of networks with relevant actors from government, the private sector, and civil society</Description><Identifier/><SequenceIndicator>1.2.3</SequenceIndicator><Stakeholder><Name>Communities</Name><Description>By engaging communities in this collaborative work, over the next five years, the Parties expect to expand the number of North American communities acting as partners in conservation efforts.</Description></Stakeholder><Stakeholder><Name>Government</Name><Description/></Stakeholder><Stakeholder><Name>The Private Sector </Name><Description/></Stakeholder><Stakeholder><Name>Civil Society</Name><Description/></Stakeholder><OtherInformation/></Objective><Objective><Name>Monitoring</Name><Description>Build upon existing monitoring systems to assess the results of conservation and protection initiatives in our shared ecosystems</Description><Identifier/><SequenceIndicator>1.2.4</SequenceIndicator><Stakeholder><Name/><Description/></Stakeholder><OtherInformation/></Objective><Objective><Name>Chemical Management</Name><Description>Enhanced regional approach to sound management of chemicals</Description><Identifier/><SequenceIndicator>1.3</SequenceIndicator><Stakeholder><Name/><Description/></Stakeholder><OtherInformation>Addressing risks posed by chemicals to human health and the environment is an important element of 
healthy communities and ecosystems. Recognizing and building on progress made to date for a North 
American approach to chemicals management, the Parties could refocus and streamline efforts to deliver 
stronger North American results in three interrelated core areas of work:</OtherInformation></Objective><Objective><Name>Identification &amp; Tracking</Name><Description>Establishing compatible approaches for identifying and tracking chemicals in commerce in North America, as a priority to establish compatible chemicals inventories in support of more coordinated and effective risk management of substances of mutual concern</Description><Identifier/><SequenceIndicator>1.3.1</SequenceIndicator><Stakeholder><Name/><Description/></Stakeholder><OtherInformation/></Objective><Objective><Name>Risk Reduction</Name><Description>Implementing risk reduction strategies to reduce the exposure of North Americans and their environments to chemicals of mutual concern</Description><Identifier/><SequenceIndicator>1.3.2</SequenceIndicator><Stakeholder><Name/><Description/></Stakeholder><OtherInformation/></Objective><Objective><Name>Monitoring</Name><Description>Using a regional monitoring approach for health and environment to support risk 
reduction strategies, including identification of priorities, assurance of comparable data and monitoring for results.</Description><Identifier/><SequenceIndicator>1.3.3</SequenceIndicator><Stakeholder><Name/><Description/></Stakeholder><OtherInformation/></Objective><Objective><Name>Law Enforcement</Name><Description>Strengthening Regional Environmental and Wildlife Law Enforcement.</Description><Identifier/><SequenceIndicator>1.4</SequenceIndicator><Stakeholder><Name/><Description/></Stakeholder><OtherInformation>Enforcement is another critical component of ensuring healthy communities and ecosystems. Enforcement 
agencies of the three Parties intend to collaborate in a manner that should result in fewer projects and 
greater environmental benefits in the areas of targeted vulnerable species, wildlife parts and derivatives, 
non-compliant motorcycle engine imports, and the import and export of electronic waste, hazardous 
waste and ozone-depleting substances. These collaborative enforcement efforts could integrate (1) training relevant officials, (2) enhancing processes for information and intelligence sharing, and (3) developing 
technology to improve our ability to detect, intercept, and deter illegal trade in North America. The projects developed from these collaborative efforts should enhance enforcement across North America while 
furthering our respective domestic enforcement priorities.</OtherInformation></Objective></Goal><Goal><Name>Climate Change</Name><Description>Low-Carbon Economy</Description><Identifier/><SequenceIndicator>2</SequenceIndicator><Stakeholder><Name/><Description/></Stakeholder><OtherInformation>Canada, Mexico and the United States recognize that incremental trilateral collaboration, consistent with 
our respective circumstances and capacities, brings added value to our respective efforts to address climate 
change and transition to a low-carbon economy. Therefore, the Parties could undertake a set of key initiatives 
to work towards aligning our domestic standards, regulations, and policies over the next five years (2010–
2015) to support this transition in a way that is consistent with our respective national plans and priorities. 
Specifically, two strategic objectives have been identified:</OtherInformation><Objective><Name>Emissions</Name><Description>Improved comparability of emissions data, methodologies and inventories 
among the three North American partners
</Description><Identifier/><SequenceIndicator>2.1</SequenceIndicator><Stakeholder><Name>CEC Parties</Name><Description>Undertaking such initiatives could lead to strategic results for the Parties, including:
* The key building blocks being in place to allow a more integrated approach for the three countries 
to address climate change and enable a low-carbon economy, including;
* sufficient capacity, infrastructure, and systems for supporting methodologies; and
* improved capacity to make comparisons among the three countries.</Description></Stakeholder><OtherInformation>With a view towards providing policy-neutral options for improving comparability on the key foundational 
elements required to transition towards a low-carbon economy, the Parties agree to initially focus on the following initiatives, bearing in mind individual country priorities and international negotiations:</OtherInformation></Objective><Objective><Name>Comparability</Name><Description>Continued cooperation to improve comparability of GHG emissions data to enable the Parties to share results and strengthen capacities in the collection and management of data and methodologies for the Parties</Description><Identifier/><SequenceIndicator>2.1.1</SequenceIndicator><Stakeholder><Name/><Description/></Stakeholder><OtherInformation/></Objective><Objective><Name>Data Analysis</Name><Description>An analytical assessment of data collected across the three parties, using the 2009 CEC Comprehensive Assessment of North American Air Emissions Inventories and Ambient Air Monitoring Networks assessment as a basis, and the identification of options for addressing any gaps and inconsistencies</Description><Identifier/><SequenceIndicator>2.1.2</SequenceIndicator><Stakeholder><Name/><Description/></Stakeholder><OtherInformation/></Objective><Objective><Name>Black Carbon Data</Name><Description>Exploration of potential common methodologies for gathering and analyzing black carbon data.</Description><Identifier/><SequenceIndicator>2.1.3</SequenceIndicator><Stakeholder><Name/><Description/></Stakeholder><OtherInformation/></Objective><Objective><Name>Expertise &amp; Information</Name><Description>Engagement of experts and strengthened information sharing in climate 
change and low-carbon economy</Description><Identifier/><SequenceIndicator>2.2</SequenceIndicator><Stakeholder><Name>Climate Change Experts</Name><Description/></Stakeholder><Stakeholder><Name>Climate Change Groups</Name><Description>Other groups would also benefit from these initiatives. 
For example, for other levels of government and civil 
society, these initiatives would enhance the ability of the 
public to access relevant information and enable citizens, communities and organizations to take their own 
actions to transition to a low-carbon economy.</Description></Stakeholder><Stakeholder><Name>Citizens</Name><Description/></Stakeholder><Stakeholder><Name>Communities</Name><Description/></Stakeholder><Stakeholder><Name>Organizations</Name><Description/></Stakeholder><Stakeholder><Name>CEC Parties</Name><Description>In support of both Strategic objectives, the Parties 
could collectively undertake value-added focused projects that deliver GHG reductions and ancillary benefits to North America, from the hemispheric to the 
local level. In line with project selection criteria, the 
projects would be selected so as to complement, and 
not duplicate other bilateral and trilateral initiatives.</Description></Stakeholder><OtherInformation>The Parties could facilitate engagement of experts 
and information sharing to address climate change 
and low-carbon economy issues, taking steps to 
identify partnerships that could contribute to additional progress. Further, the Parties could coordinate with other experts and leverage other networks 
outside the government. 
To facilitate a broad and readily accessible mechanism for the sharing and dissemination of information among North American experts, the Parties 
could establish an online information-sharing platform focused on science, technologies, policies, and 
best practices. The system would complement existing North American and international mechanisms 
for sharing climate change-related information, 
drawing from those already provided by the three 
Parties to the UNFCCC, as well as experiences and 
lessons learned at other levels of government, as well 
as by academia and civil society.
Initiatives under this strategic objective could lead to 
strategic results for the Parties, such as:</OtherInformation></Objective><Objective><Name>Decision-Making</Name><Description>Mechanisms to inform decision-making by gaining expert input on climate change 
and the transition to a low-carbon economy</Description><Identifier/><SequenceIndicator>2.2.1</SequenceIndicator><Stakeholder><Name/><Description/></Stakeholder><OtherInformation/></Objective><Objective><Name>Projects</Name><Description>An improved ability to accelerate the delivery of trilateral projects and to inform decisions on future projects.</Description><Identifier/><SequenceIndicator>2.2.2</SequenceIndicator><Stakeholder><Name/><Description/></Stakeholder><OtherInformation/></Objective></Goal><Goal><Name>Economic Greening</Name><Description>Greening the Economy in North America</Description><Identifier/><SequenceIndicator>3</SequenceIndicator><Stakeholder><Name/><Description/></Stakeholder><OtherInformation>Canada, Mexico and the United States intend to focus our cooperative work through the CEC on taking 
positive steps towards building a North American economy that minimizes the potential negative environmental impacts of economic growth, while enhancing the competitiveness of key industrial sectors in 
North America.</OtherInformation><Objective><Name>Private Sector</Name><Description>Improved private sector environmental performance in North America</Description><Identifier/><SequenceIndicator>3.1</SequenceIndicator><Stakeholder><Name>Private Sector</Name><Description/></Stakeholder><Stakeholder><Name>SMEs</Name><Description/></Stakeholder><Stakeholder><Name>Greening Experts</Name><Description>Engaging experts and strengthening information and data-sharing to assess and promote private sector environmental performance in North America supports the 
Strategic Objective.</Description></Stakeholder><Stakeholder><Name>CEC Parties</Name><Description>The Parties could focus on opportunities that receive high-level, private-sector buy-in, serve as models for other enterprises, mobilize additional resources, and establish long-lasting partnerships between North American organizations to share best practices and enable supply-chain linkages.</Description></Stakeholder><OtherInformation>The Parties intend to focus initially on improving the environmental performance capacity of small and medium-size enterprises by conducting activities that engage key industrial sectors and/or supply chains in activities that improve their environmental performance. The Parties recognize that successfully achieving this objective requires the active involvement of private industry in promoting the adoption of cleaner production practices and technologies, and therefore could carefully consider how to replicate successful private-sector environmental performance improvement initiatives previously conducted in the North American region...
</OtherInformation></Objective><Objective><Name>Buildings</Name><Description>improving environmental performance of buildings in North America, including sharing best practices on sustainable building design and benchmarking of efficiency standards to align national approaches</Description><Identifier/><SequenceIndicator>3.1.1</SequenceIndicator><Stakeholder><Name/><Description/></Stakeholder><OtherInformation/></Objective><Objective><Name>Electronics &amp; E-waste</Name><Description>strengthening enforcement and addressing gaps in our common knowledge on the movement of used electronics and E-waste, including the development of comparable data sets to support the mapping of legal and illegal movements of these products</Description><Identifier/><SequenceIndicator>3.1.2</SequenceIndicator><Stakeholder><Name/><Description/></Stakeholder><OtherInformation/></Objective><Objective><Name>Automotive Manufacturing</Name><Description>building on our successes in the automotive manufacturing sector, through continued efforts to green critical components of supply chains across the continent and support the ongoing recovery of this important sector.</Description><Identifier/><SequenceIndicator>3.1.3</SequenceIndicator><Stakeholder><Name>Automotive Manufacturing Sector</Name><Description/></Stakeholder><OtherInformation/></Objective></Goal><Goal><Name>Evaluation</Name><Description>Evaluating progress</Description><Identifier/><SequenceIndicator>4</SequenceIndicator><Stakeholder><Name/><Description/></Stakeholder><OtherInformation>The Council has committed to renew, revitalize and refocus the CEC to better serve the environment and citizens of our countries. A fundamental part of this commitment is the establishment of clear performance goals to assess progress in the implementation of this Strategic Plan. Performance goals will be 
based on the strategic objectives adopted in this Plan and on an appropriately related system of measures or indicators to be in place for Operational Plan 2011.
The Parties recognize that indicators serve the purpose of recording and sharing evidence of progress made through the cooperative activities, of the changes or improvements in institutional capacity, and on the success of the environmental protection that result from these activities, under the CEC. Indicators also serve to:</OtherInformation><Objective><Name>Operations, Workload &amp; Resources</Name><Description>Monitor and manage program operations, workload and resources</Description><Identifier/><SequenceIndicator>4.1</SequenceIndicator><Stakeholder><Name/><Description/></Stakeholder><OtherInformation/></Objective><Objective><Name>Investments</Name><Description>Link investment to substantive results and assess program performance</Description><Identifier/><SequenceIndicator>4.2</SequenceIndicator><Stakeholder><Name/><Description/></Stakeholder><OtherInformation/></Objective><Objective><Name>Accountability &amp; Reporting</Name><Description>Enhance accountability and report successes.</Description><Identifier/><SequenceIndicator>4.3</SequenceIndicator><Stakeholder><Name/><Description/></Stakeholder><OtherInformation>For the activities related to the priorities described therein a performance measurement framework would 
be developed that would utilize output and outcome measures. Outputs are activities, products and services produced by the organization or projects. Outcomes are the results of outputs and are generally 
divided into two categories: intermediate and final outcome. Intermediate outcomes measure progress 
towards a final outcome. Final outcome measures the final result that the program is designed to achieve.
A framework will be developed into a system that will provide a key management tool for examining 
and proving the effectiveness of CEC programs. Such a framework would also contribute to strengthening the relevance and transparency of the organization pursuant to the Council’s mandate. A framework 
would also incorporate measurable targets for each of this Plan’s strategic objectives. Furthermore, the 
Parties have developed criteria for the selection of projects (see Appendix 4).</OtherInformation></Objective></Goal><Goal><Name>Citizen Submissions</Name><Description>Allow any person or nongovernmental organization residing or established in North America to make submissions asserting that a Party [to the NAAEC] is failing to effectively enforce its environmental law. </Description><Identifier/><SequenceIndicator>5</SequenceIndicator><Stakeholder><Name>Citizens of Canada</Name><Description/></Stakeholder><Stakeholder><Name>Citizens of Mexico</Name><Description/></Stakeholder><Stakeholder><Name>Citizens of the United States</Name><Description/></Stakeholder><Stakeholder><Name/><Description/></Stakeholder><OtherInformation>The NAAEC Articles 14 and 15 provide procedures allowing any person or nongovernmental organization residing or established in North America to make submissions to the CEC Secretariat asserting “that 
a Party [to the NAAEC] is failing to effectively enforce its environmental law” (the citizen submission process). Should a submission meet admissibility criteria the CEC Secretariat then decides whether to request 
a response to the assertions from the concerned Party. In light of both a submission and Party response, 
the Secretariat may recommend to Council the preparation of a factual record. Council can instruct the 
Secretariat to proceed with its preparation by a two-thirds vote. 
Through a unique non-adversarial fact finding process, the citizen submission process can contribute 
in important ways to furthering NAAEC objectives. The process seeks to ensure transparency, promote 
a better understanding and foster public discourse that contribute to enhancing compliance with and 
enforcement of environmental laws, regulations and policies.
The CEC will continue to process citizen submissions in an objective, rigorous and transparent manner, with a view to ensuring timeliness and efficiency. Council has directed the CEC Secretariat to work 
on modernizing the citizen submission process to ensure its continued success.</OtherInformation><Objective><Name/><Description/><Identifier/><SequenceIndicator/><Stakeholder><Name/><Description/></Stakeholder><OtherInformation/></Objective></Goal><Goal><Name>Public Participation</Name><Description>Ensure active public participation.</Description><Identifier/><SequenceIndicator>6</SequenceIndicator><Stakeholder><Name>CEC JPAC</Name><Description>The Joint Public Advisory Committee will continue to lead the work of the CEC in ensuring active public participation, by providing transparent, open, and substantive forums for public dialogue among citizens concerned with trade and environment issues in North America, and in communicating the results of such dialogue and any subsequent JPAC recommendations to the CEC Council.</Description></Stakeholder><Stakeholder><Name>The Public</Name><Description/></Stakeholder><OtherInformation>Public participation plays a key role in the activities of the CEC and the JPAC bears the responsibility of ensuring the engagement of various and diverse stakeholders in North America and to ensure they have access to factual, unbiased, and meaningful information on environmental issues of concern.
</OtherInformation><Objective><Name/><Description/><Identifier/><SequenceIndicator/><Stakeholder><Name/><Description/></Stakeholder><OtherInformation/></Objective></Goal></StrategicPlanCore><AdministrativeInformation><StartDate>2010-01-01</StartDate><EndDate>2015-12-31</EndDate><PublicationDate>2013-09-07</PublicationDate><Source>http://www.cec.org/Storage/58/10115_Strategic_plan_2011_en.pdf</Source><Submitter><FirstName>Owen</FirstName><LastName>Ambur</LastName><PhoneNumber/><EmailAddress>Owen.Ambur@verizon.net</EmailAddress></Submitter></AdministrativeInformation></StrategicPlan>