<?xml version="1.0" encoding="UTF-8"?>
<StrategicPlan xmlns="urn:ISO:std:iso:17469:tech:xsd:stratml_core" xmlns:xsi="http://www.w3.org/2001/XMLSchema-instance" xsi:schemaLocation="urn:ISO:std:iso:17469:tech:xsd:stratml_core http://xml.govwebs.net/stratml/references/StrategicPlanISOVersion20140401.xsd"><Name>About CEN</Name><Description>CEN supports standardization activities in relation to a wide range of fields and sectors including: air and space, chemicals, construction, consumer products, defence and security, energy, the environment, food and feed, health and safety, healthcare, ICT, machinery, materials, pressure equipment, services, smart living, transport and packaging.</Description><OtherInformation>European Standards (ENs) are based on a consensus, which reflects the economic and social interests of 34 CEN Member countries channelled through their National Standardization Organizations. Most standards are initiated by industry. Other standardization projects can come from consumers, Small and Medium-sized Enterprises (SMEs) or associations, or even European legislators. 

Besides European Standards, CEN produces other reference documents, which can be developed quickly and easily: Technical Specifications, Technical Reports and Workshop Agreements.</OtherInformation><StrategicPlanCore><Organization><Name>European Committee for Standardization</Name><Acronym>CEN</Acronym><Identifier>_3a0b49f6-69b8-11e8-98ef-7c1861751b22</Identifier><Description>CEN, the European Committee for Standardization, is an association that brings together the National Standardization Bodies of 34 European countries.</Description><Stakeholder StakeholderTypeType="Organization"><Name>European Union</Name><Description>CEN is one of three European Standardization Organizations (together with CENELEC and ETSI) that have been officially recognized by the European Union and by the European Free Trade Association (EFTA) as being responsible for developing and defining voluntary standards at European level.</Description></Stakeholder><Stakeholder StakeholderTypeType="Organization"><Name>CENELEC</Name><Description/></Stakeholder><Stakeholder StakeholderTypeType="Organization"><Name>ETSI</Name><Description/></Stakeholder><Stakeholder StakeholderTypeType="Generic_Group"><Name>Air &amp; Space Industry</Name><Description/></Stakeholder><Stakeholder StakeholderTypeType="Generic_Group"><Name>Chemicals Industry</Name><Description/></Stakeholder><Stakeholder StakeholderTypeType="Generic_Group"><Name>Construction</Name><Description/></Stakeholder><Stakeholder StakeholderTypeType="Generic_Group"><Name>Consumer Products Sector</Name><Description/></Stakeholder><Stakeholder StakeholderTypeType="Generic_Group"><Name>Defence Sector</Name><Description/></Stakeholder><Stakeholder StakeholderTypeType="Generic_Group"><Name>Security Sector</Name><Description/></Stakeholder><Stakeholder StakeholderTypeType="Generic_Group"><Name>Energy Industry</Name><Description/></Stakeholder><Stakeholder StakeholderTypeType="Generic_Group"><Name>Environmental Sector</Name><Description/></Stakeholder><Stakeholder StakeholderTypeType="Generic_Group"><Name>Food &amp; Feed Sector</Name><Description/></Stakeholder><Stakeholder StakeholderTypeType="Generic_Group"><Name>Health &amp; Safety Sector</Name><Description/></Stakeholder><Stakeholder StakeholderTypeType="Generic_Group"><Name>Healthcare Sector</Name><Description/></Stakeholder><Stakeholder StakeholderTypeType="Generic_Group"><Name>ICT Sector</Name><Description/></Stakeholder><Stakeholder StakeholderTypeType="Generic_Group"><Name>Machinery Industry</Name><Description/></Stakeholder><Stakeholder StakeholderTypeType="Generic_Group"><Name>Materials Sector</Name><Description/></Stakeholder><Stakeholder StakeholderTypeType="Generic_Group"><Name>Pressure Equipment Industry</Name><Description/></Stakeholder><Stakeholder StakeholderTypeType="Generic_Group"><Name>Services Sector</Name><Description/></Stakeholder><Stakeholder StakeholderTypeType="Generic_Group"><Name>Smart Living Sector</Name><Description/></Stakeholder><Stakeholder StakeholderTypeType="Generic_Group"><Name>Transportation Industry</Name><Description/></Stakeholder><Stakeholder StakeholderTypeType="Generic_Group"><Name>Packaging Industry</Name><Description/></Stakeholder></Organization><Vision><Description>The economic and social interests of 34 CEN Member countries are well served</Description><Identifier>_3a0b4b68-69b8-11e8-98ef-7c1861751b22</Identifier></Vision><Mission><Description>To provide a platform for the development of European Standards and other technical documents in relation to various kinds of products, materials, services and processes.</Description><Identifier>_3a0b4c26-69b8-11e8-98ef-7c1861751b22</Identifier></Mission><Value><Name>Consensus</Name><Description>The development of a European Standard (EN) is governed by the principles of consensus, openness, transparency, national commitment and technical coherence </Description></Value><Value><Name>Openness</Name><Description/></Value><Value><Name>Transparency</Name><Description/></Value><Value><Name>Commitment</Name><Description/></Value><Value><Name>Coherence</Name><Description/></Value><Goal><Name>Standards</Name><Description>Produce European standards</Description><Identifier>_3a0b4cd0-69b8-11e8-98ef-7c1861751b22</Identifier><SequenceIndicator>1</SequenceIndicator><Stakeholder StakeholderTypeType="Generic_Group"><Name>Europe</Name><Description>European Standards (ENs) are based on a consensus, which reflects the economic and social interests of 34 CEN Member countries channelled through their National Standardization Organizations.</Description></Stakeholder><Stakeholder StakeholderTypeType="Generic_Group"><Name>European Industries</Name><Description>Most standards are initiated by industry.</Description></Stakeholder><Stakeholder StakeholderTypeType="Generic_Group"><Name>European Consumers</Name><Description>Other standardization projects can come from consumers, Small and Medium-sized Enterprises (SMEs) or associations, or even European legislators. </Description></Stakeholder><Stakeholder StakeholderTypeType="Generic_Group"><Name>SMEs</Name><Description/></Stakeholder><Stakeholder StakeholderTypeType="Generic_Group"><Name>Associations</Name><Description/></Stakeholder><Stakeholder StakeholderTypeType="Generic_Group"><Name>European Legislators</Name><Description/></Stakeholder><OtherInformation/><Objective><Name/><Description/><Identifier>_3a0b4d98-69b8-11e8-98ef-7c1861751b22</Identifier><SequenceIndicator/><Stakeholder><Name/><Description/></Stakeholder><OtherInformation/></Objective></Goal><Goal><Name>Specifications</Name><Description>Produce Technical Specifications</Description><Identifier>_3a0b4e4c-69b8-11e8-98ef-7c1861751b22</Identifier><SequenceIndicator>2</SequenceIndicator><Stakeholder><Name/><Description/></Stakeholder><OtherInformation/><Objective><Name/><Description/><Identifier>_3a0b4ef6-69b8-11e8-98ef-7c1861751b22</Identifier><SequenceIndicator/><Stakeholder><Name/><Description/></Stakeholder><OtherInformation/></Objective></Goal><Goal><Name>Reports</Name><Description>Produce Technical Reports</Description><Identifier>_3a0b4faa-69b8-11e8-98ef-7c1861751b22</Identifier><SequenceIndicator>3</SequenceIndicator><Stakeholder><Name/><Description/></Stakeholder><OtherInformation/><Objective><Name/><Description/><Identifier>_3a0b5068-69b8-11e8-98ef-7c1861751b22</Identifier><SequenceIndicator/><Stakeholder><Name/><Description/></Stakeholder><OtherInformation/></Objective></Goal><Goal><Name>Agreements</Name><Description>Produce Workshop Agreements</Description><Identifier>_3a0b5112-69b8-11e8-98ef-7c1861751b22</Identifier><SequenceIndicator>4</SequenceIndicator><Stakeholder><Name/><Description/></Stakeholder><OtherInformation/><Objective><Name/><Description/><Identifier>_3a0b51da-69b8-11e8-98ef-7c1861751b22</Identifier><SequenceIndicator/><Stakeholder><Name/><Description/></Stakeholder><OtherInformation/></Objective></Goal></StrategicPlanCore><AdministrativeInformation><PublicationDate>2018-06-06</PublicationDate><Source>https://www.cen.eu/about/Pages/default.aspx</Source><Submitter><GivenName>Owen</GivenName><Surname>Ambur</Surname><PhoneNumber/><EmailAddress>Owen.Ambur@verizon.net</EmailAddress></Submitter></AdministrativeInformation></StrategicPlan>