<?xml version="1.0" encoding="UTF-8"?>
<StrategicPlan xsi:schemaLocation="http://www.stratml.net  http://xml.gov/stratml/references/StrategicPlan.xsd" xmlns:xsi="http://www.w3.org/2001/XMLSchema-instance" xmlns="http://www.stratml.net"><id/><Name>About CEO</Name><Description>CEO works with organizations to determine the connection between how they are managed and their performance.

CEO researchers conduct large-scale, multi-year, global research studies, as well as focused projects in organizations. Many of CEO's research projects involve a change effort. This ensures that our research yields practical, applicable knowledge that enables organizations to design and implement changes that improve their performance.</Description><OtherInformation>Among the topics CEO researches are: organization design, change management, human resources management, sustainability, and knowledge management. The results of our research are published in leading academic journals, books and practitioner publications.

CEO has identified the following three important areas as the focus of its future research.

*   Beyond Organization to Organizing
*   Beyond HR to Talent-Centric Strategy
*   Sustainable Effectiveness
</OtherInformation><StrategicPlanCore><Organization><Name>Center for Effective Organizations</Name><Acronym>CEO</Acronym><Identifier>_d21507be-1e9e-11e4-b2ed-290063558038</Identifier><Description>Since its founding in 1979, the Center for Effective Organizations (CEO), at USC's Marshall School of Business, has been at the forefront of research on a broad range of organizational effectiveness issues. CEO's mission is to improve how effectively organizations are managed. It brings together researchers and executives to jointly explore critical organizational issues that involve the design and management of complex organizations. Its leading-edge research in the areas of organizational effectiveness and design has earned it an international reputation for research that influences management practice and makes important contributions to academic research and theory.</Description><Stakeholder><Name>University of Southern California</Name><Description/></Stakeholder><Stakeholder><Name>USC Marshall School of Business</Name><Description/></Stakeholder><Stakeholder><Name>Companies</Name><Description>CEO works with companies to research and develop new knowledge on organizational effectiveness issues such as:

*   organizational development
*   organization design
*   organizational learning
*   organizational change
*   leadership development
*   corporate governance
*   strategic human capital management
*   reward systems
*   performance management
*   employee involvement
*   team designs and virtual work
*   knowledge management

By actively involving companies as research partners, CEO's research yields practical, data-based knowledge that enables companies to design and implement changes that improve their effectiveness and competitiveness. CEO's research is the foundation for its educational and certificate programs.</Description></Stakeholder><Stakeholder><Name>CEO Corporate Sponsors</Name><Description>
    </Description></Stakeholder><Stakeholder><Name>AECOM</Name><Description/></Stakeholder><Stakeholder><Name>Amgen</Name><Description/></Stakeholder><Stakeholder><Name>Archer Daniels Midland Company</Name><Description/></Stakeholder><Stakeholder><Name>Avery Dennison</Name><Description/></Stakeholder><Stakeholder><Name>Bill &amp; Melinda Gates Foundation</Name><Description/></Stakeholder><Stakeholder><Name>Boeing Company</Name><Description/></Stakeholder><Stakeholder><Name>Cambia</Name><Description/></Stakeholder><Stakeholder><Name>Capital Group</Name><Description/></Stakeholder><Stakeholder><Name>Cedars-Sinai</Name><Description/></Stakeholder><Stakeholder><Name>Chevron</Name><Description/></Stakeholder><Stakeholder><Name>Clearwater Paper Corporation</Name><Description/></Stakeholder><Stakeholder><Name>DirecTV</Name><Description/></Stakeholder><Stakeholder><Name>Discover Financial Services</Name><Description/></Stakeholder><Stakeholder><Name>Eaton</Name><Description/></Stakeholder><Stakeholder><Name>Edison International</Name><Description/></Stakeholder><Stakeholder><Name>ESCO Corporation</Name><Description/></Stakeholder><Stakeholder><Name>Exelon Corporation</Name><Description/></Stakeholder><Stakeholder><Name>General Mills, Inc.</Name><Description/></Stakeholder><Stakeholder><Name>Gilead Sciences, Inc.</Name><Description/></Stakeholder><Stakeholder><Name>Hewlett-Packard Company</Name><Description/></Stakeholder><Stakeholder><Name>Jack in the Box, Inc.</Name><Description/></Stakeholder><Stakeholder><Name>Johnson Controls, Inc.</Name><Description/></Stakeholder><Stakeholder><Name>Kennametal</Name><Description/></Stakeholder><Stakeholder><Name>Lockheed Martin Corporation</Name><Description/></Stakeholder><Stakeholder><Name>Mattel, Inc.</Name><Description/></Stakeholder><Stakeholder><Name>McKesson Corporation</Name><Description/></Stakeholder><Stakeholder><Name>Microsoft Corporation</Name><Description/></Stakeholder><Stakeholder><Name>Mondelez International</Name><Description/></Stakeholder><Stakeholder><Name>(The) New York Times Company</Name><Description/></Stakeholder><Stakeholder><Name>PepsiCo, Inc.</Name><Description/></Stakeholder><Stakeholder><Name>Pfizer, Inc.</Name><Description/></Stakeholder><Stakeholder><Name>Procter &amp; Gamble</Name><Description/></Stakeholder><Stakeholder><Name>PwC</Name><Description/></Stakeholder><Stakeholder><Name>Rio Tinto</Name><Description/></Stakeholder><Stakeholder><Name>Sony Pictures Entertainment</Name><Description/></Stakeholder><Stakeholder><Name>Starbucks Coffee Company</Name><Description/></Stakeholder><Stakeholder><Name>Towers Watson</Name><Description/></Stakeholder><Stakeholder><Name>TriWest Healthcare Alliance</Name><Description/></Stakeholder><Stakeholder><Name>Unilever</Name><Description/></Stakeholder><Stakeholder><Name>United Parcel Service (UPS)</Name><Description/></Stakeholder><Stakeholder><Name>(The) Walt Disney Company</Name><Description/></Stakeholder><Stakeholder><Name>CEO Advisory Board</Name><Description/></Stakeholder><Stakeholder><Name>Michael D'Ambrose</Name><Description>Senior Vice President and Chief Human Resources Officer,
Archer Daniels Midland Company</Description></Stakeholder><Stakeholder><Name>Mary Eckenrod</Name><Description>Vice President, Global Talent Management,
Johnson Controls, Inc</Description></Stakeholder><Stakeholder><Name>Kurt Fischer</Name><Description>Chief Human Resources Officer, Special Projects and Operations,
Bill &amp; Melinda Gates Foundation</Description></Stakeholder><Stakeholder><Name>Jeanne Flores</Name><Description>Senior Vice President, Human Resources and Organization Development,
Cedars-Sinai Medical Center</Description></Stakeholder><Stakeholder><Name>Anne Hill</Name><Description>Senior Vice President and Chief Human Resources &amp; Communications Officer,
Avery Dennison Corporation</Description></Stakeholder><Stakeholder><Name>Mike Johnson</Name><Description>Vice President and Chief Human Resources Officer,
United Parcel Service, Inc.</Description></Stakeholder><Stakeholder><Name>Alan May</Name><Description>Vice President, Strategy, Compensation and Benefits,
The Boeing Company</Description></Stakeholder><Stakeholder><Name>Patrick McLaughlin</Name><Description>Senior Vice President HR and CHRO, HR - Sales and Operations,
PepsiCo, Inc.</Description></Stakeholder><Stakeholder><Name>Steve Milovich</Name><Description>Senior Vice President, Global Human Resources, Talent &amp; Workforce Diversity,
Disney-ABC Television Group</Description></Stakeholder><Stakeholder><Name>John Renfro</Name><Description>Senior Vice President, Chief Human Resources Officer,
The Capital Group Companies, Inc.</Description></Stakeholder><Stakeholder><Name>George Rose</Name><Description>Executive Vice President, Human Resources &amp; Administration,
Sony Pictures Entertainment</Description></Stakeholder><Stakeholder><Name>Per Scott</Name><Description>Vice President, Human Resources,
Royal Bank of Canada</Description></Stakeholder><Stakeholder><Name>Katie Watson</Name><Description>Senior Vice President, Human Resources,
Gilead Sciences, Inc.</Description></Stakeholder><Stakeholder><Name>Tracy Witt</Name><Description>Senior Vice President, Human Resources-US Pharmaceutical,
McKesson Corporation</Description></Stakeholder><Stakeholder><Name>CEO Staff</Name><Description/></Stakeholder><Stakeholder><Name>Carrie Gibson</Name><Description>Program Administrator and Webmaster</Description></Stakeholder><Stakeholder><Name>Priscilla Hernandez</Name><Description>Business Manager</Description></Stakeholder><Stakeholder><Name>Vivian Jimenez</Name><Description>Administrative Assistant</Description></Stakeholder><Stakeholder><Name>Lorelei Oriel Palacpac</Name><Description>Administrative Assistant</Description></Stakeholder><Stakeholder><Name>Emily Schmidtling</Name><Description>Program Manager, Executive Education and External Relations</Description></Stakeholder><Stakeholder><Name>Quincy Wimbish</Name><Description>Program Manager, Executive Education and External Relations</Description></Stakeholder><Stakeholder><Name>Annette Yakushi</Name><Description>Associate Director, Operations</Description></Stakeholder><Stakeholder><Name>CEO Research Staff</Name><Description/></Stakeholder><Stakeholder><Name>Aaron Griffith</Name><Description>Statistical Analyst</Description></Stakeholder><Stakeholder><Name>Alice Yee Mark</Name><Description>Project/Program Manager</Description></Stakeholder><Stakeholder><Name>Nora Osganian</Name><Description>Statistical Analyst</Description></Stakeholder><Stakeholder><Name>CEO Research Scientists</Name><Description/></Stakeholder><Stakeholder><Name>Edward E. Lawler III</Name><Description>Director, Center for Effective Organizations and Distinguished Professor of Business </Description></Stakeholder><Stakeholder><Name>John W. Boudreau</Name><Description>Professor and Research Director</Description></Stakeholder><Stakeholder><Name>Jay A. Conger</Name><Description>Senior Research Scientist</Description></Stakeholder><Stakeholder><Name>Gerald E. Ledford, Jr.</Name><Description>Senior Research Scientist</Description></Stakeholder><Stakeholder><Name>Alec R. Levenson</Name><Description>Senior Research Scientist</Description></Stakeholder><Stakeholder><Name>Susan A. Mohrman</Name><Description>Senior Research Scientist</Description></Stakeholder><Stakeholder><Name>Theresa M. Welbourne</Name><Description>Research Professor</Description></Stakeholder><Stakeholder><Name>Christopher G. Worley</Name><Description>Senior Research Scientist</Description></Stakeholder></Organization><Vision><Description/><Identifier>_d21507bf-1e9e-11e4-b2ed-290063558038</Identifier></Vision><Mission><Description>To improve how organizations are managed.</Description><Identifier>_d21507c0-1e9e-11e4-b2ed-290063558038</Identifier></Mission><Value><Name/><Description/></Value><Goal><Name>Frameworks &amp; Models</Name><Description>Provide frameworks and models to help organizations become flexible and boundaryless. </Description><Identifier>_d21507c1-1e9e-11e4-b2ed-290063558038</Identifier><SequenceIndicator>1</SequenceIndicator><Stakeholder><Name/><Description/></Stakeholder><OtherInformation>Beyond Organization to Organizing -- For the last 30 years, despite enormous change in technology, globalization, and customer requirements, executives and researchers have defined organizations as independent and relatively static systems--and have attended largely to strategy, structure, and the formal and informal processes that lie within the organization's boundary. In today's dynamic environment, organizations need to be "in process," and sustainable success requires organizational agility both within and across boundaries. How does an organization that is "built to perform" achieve the agility to be "built to change"? CEO has been doing a series of studies examining new ways of organizing with an eye to providing frameworks and models to help organizations become flexible and boundaryless. </OtherInformation><Objective><Name>Knowledge Management</Name><Description>Examine the design of knowledge-based firms and the structures, processes, human resources approaches and technologies required to manage knowledge as the key value-adding resource of the firm. </Description><Identifier>_d21507c2-1e9e-11e4-b2ed-290063558038</Identifier><SequenceIndicator>1.1</SequenceIndicator><Stakeholder><Name>Knowledge-Based Firms</Name><Description/></Stakeholder><OtherInformation>Knowledge Networks and the Design of the Knowledge Firm -- 

CEO does research that examines the design of knowledge-based firms, and the structures, processes, human resources approaches and technologies required to manage knowledge as the key value-adding resource of the firm. This includes examining the interplay between levels of analysis--how organizational practices at the individual, team, business unit, and corporate levels contribute to the importing, enhancing, generating, applying and leveraging of knowledge resources. This is examined in the context of complex global innovation networks and in smaller units such as research centers.</OtherInformation></Objective><Objective><Name>Practicality</Name><Description>[Conduct] research [that is] useful to practitioners in addressing critical problems.</Description><Identifier>_d21507c3-1e9e-11e4-b2ed-290063558038</Identifier><SequenceIndicator>1.2</SequenceIndicator><Stakeholder><Name>Practitioners</Name><Description/></Stakeholder><OtherInformation>The Methodology of Useful Research -- 

CEO has always focused on doing research that is useful for both theory and practice. Our founding and ongoing belief is that academic research should in fact be useful to practitioners in addressing the critical problems they face. </OtherInformation></Objective><Objective><Name>Motivation, Evaluation &amp; Reward</Name><Description>[Study] the development of pay strategies and performance management systems in organizations.</Description><Identifier>_d21507c4-1e9e-11e4-b2ed-290063558038</Identifier><SequenceIndicator>1.3</SequenceIndicator><Stakeholder><Name/><Description/></Stakeholder><OtherInformation>Motivation, Evaluation, Reward Systems -- 

CEO research has taken a comprehensive look at the development of pay strategies and performance management systems in organizations. CEO's research projects have focused on the use of merit pay, performance management systems, the evaluation of group performance, and the effectiveness of output-based pay and gainsharing plans, skill-based pay, and stock-based pay plans.

A second focus has been on executive compensation. All our surveys of corporate board members have asked about executive compensation amounts and determinants.</OtherInformation></Objective><Objective><Name>Organization Design</Name><Description>Explore, define, and assess new organizational forms and corporate structures for the knowledge economy.</Description><Identifier>_d21507c5-1e9e-11e4-b2ed-290063558038</Identifier><SequenceIndicator>1.4</SequenceIndicator><Stakeholder><Name/><Description/></Stakeholder><OtherInformation>The Center has performed numerous studies that explore, define, and assess new organizational forms and corporate structures for the knowledge economy. We research structures that are needed to implement global strategies, customer-focused organizations, knowledge production and leverage, team-based and collaborative approaches to organizing, and the use of lateral integrating structures and processes such as cross-functional new product development teams, task forces, and self-forming and planned networks. We also focus on organizing for sustainable effectiveness, and the complex inter-organizational and multi-stakeholder organizations required to solve many of today's complex problems. In addition to looking at the impact of organization design on business performance, we look at how it impacts employees, customers, and communities. Current research focuses, described below, are on design for agility, design for sustainable effectiveness, and the design of dynamic network based organizations.</OtherInformation></Objective><Objective><Name>Teams</Name><Description>Identify the factors that promote team effectiveness.</Description><Identifier>_d21508d6-1e9e-11e4-b2ed-290063558038</Identifier><SequenceIndicator>1.5</SequenceIndicator><Stakeholder><Name>Teams</Name><Description/></Stakeholder><OtherInformation>Team Effectiveness -- 

CEO has conducted extensive research that identifies the critical factors that promote team effectiveness. It has focused on the design and management of cross functional teams, the creation of team-based organizations, teaming in knowledge work settings, virtual teaming, the design and evolution of self-managing teams, and the effectiveness of top management teams. Current research focuses on the conditions necessary for effective teaming in knowledge work settings characterized by dynamic work teams, and specifically is examining the levers to link teaming more directly to both the business imperatives of the firm and to its talent management requirements. The Center's top management team research currently is exploring the dynamics of decision-making, conflict, and communication, especially when these processes involve the relationship between CEOs and their direct reports. </OtherInformation></Objective></Goal><Goal><Name>Talent-Centric Strategy</Name><Description>Determine what the future of HR should be.</Description><Identifier>_d21509ee-1e9e-11e4-b2ed-290063558038</Identifier><SequenceIndicator>2</SequenceIndicator><Stakeholder><Name/><Description/></Stakeholder><OtherInformation>Beyond HR to Talent-Centric Strategy -- For the last 30 years, HR has largely been defined through the programs and practices that it implements to affect the workforce. The future will focus beyond HR programs on a simple question--do you excel in the competition for talent where it matters most to your sustainable strategic success?

Talent competition takes place both within and outside organizations. It takes place globally, and it requires that organizations create a unique talent value proposition, but also that they consistently discover where the amount of talent, its quality, and how it is organized make the biggest difference to strategic success. The future of talent competition will be determined more by how well employees and leaders outside of HR think, decide, and act, than by how well HR delivers its services. The future winners will invest very differently in pivotal talent and organization elements, even when that requires uncomfortable conversations. Talent will be treated not simply as a valuable asset, but as a strategic resource that is too important not to optimize. HR will be accountable not only for its expertise and its services, but for the quality of the talent decisions that are made throughout the organization.

After decades of admonishments for HR to be more strategic, and for organizations to acquire, deploy, nurture and organize talent befitting its strategic significance, CEO research shows that HR is slow to change and many questions about how it should change remain unanswered. Little is known about how leaders inside and outside HR answer fundamental questions such as how talent can be organized to drive sustainable success, whether to make or buy talent, what organization design elements are strategically pivotal, and what the key elements are of a decision science of talent management. The answers to these questions are needed so that we can determine what the future of HR should be. </OtherInformation><Objective><Name>Decision Science</Name><Description>Build a Decision Science for Strategic Talent and Organization</Description><Identifier>_d2150b60-1e9e-11e4-b2ed-290063558038</Identifier><SequenceIndicator>2.1</SequenceIndicator><Stakeholder><Name/><Description/></Stakeholder><OtherInformation>CEO is studying how organizations can improve decisions about how to compete with and for the human capital that matters most--a 'decision science' for talent and organizations, akin to the decision sciences of Finance and Marketing. CEO studies human capital not merely from the perspective of human resource management but through its effects on organization effectiveness, integrating human capital, organization design, globalization and leadership. Research initiatives include conducting field studies in 'talent segmentation--identifying the 'pivot points' where human capital decisions drive organization effectiveness, as well as research on HR measurement and analysis that creates strategic change and focus on the critical human capital segments. CEO has published three books based on its research in this area. John Boudreau's book, Retooling HR, which published in 2010 by Harvard Business School Publishing.</OtherInformation></Objective><Objective><Name>Emerging Markets</Name><Description>Study whether organizational and talent strategies used for cross-national success by yesterday's MNCs will work for attaining market leadership in today's large emerging markets. </Description><Identifier>_d2150c8c-1e9e-11e4-b2ed-290063558038</Identifier><SequenceIndicator>2.2</SequenceIndicator><Stakeholder><Name>Brazil</Name><Description/></Stakeholder><Stakeholder><Name>China</Name><Description/></Stakeholder><Stakeholder><Name>India</Name><Description/></Stakeholder><Stakeholder><Name>Indonesia</Name><Description/></Stakeholder><Stakeholder><Name>Turkey</Name><Description/></Stakeholder><Stakeholder><Name>Mexico</Name><Description/></Stakeholder><OtherInformation>Organization and Talent Strategies in Emerging Markets -- 

Background:

There has been a great deal of research and consulting work on how companies adapt to operating across international boundaries. A separate line of research and consulting addresses how organizations can operate with multiple, potentially competing objectives (ambidexterity; efficiency and flexibility; global integration and local responsiveness; etc.). These two research and practice streams intersect whenever an organization wants to grow and/or lead in a foreign market that is large relative to its existing base of operations.

In a previous generation, these issues came into play when multinational companies (MNCs) from mature markets established significant market positions in Europe and vice versa. Today, the biggest targets for expansion are the large emerging markets, including Brazil, China, India, Indonesia, Turkey, Mexico, etc., that are characterized by very large population and rapidly growing middle classes. Yet the challenges of succeeding in today's large emerging markets are fundamentally different than the challenges faced by companies that previously expanded across developed economies.

The previous chapters of MNCs' expansion abroad were written when the domestic growth rates in the foreign economies were slower than today's rapid rates, and when the scale and complexity of operation were less than today. Many of today's large emerging markets have a much greater scale than either America or Europe had a generation ago, and have much more poorly developed economic infrastructures, including transportation systems, financial systems, regulatory environments, and education systems. We do not know whether the organizational and talent strategies used for cross-national success by yesterday's MNCs will work for attaining market leadership in today's large emerging markets. </OtherInformation></Objective><Objective><Name>Human Resource Management</Name><Description>Study how the human resource function is changing.</Description><Identifier>_d2150db8-1e9e-11e4-b2ed-290063558038</Identifier><SequenceIndicator>2.3</SequenceIndicator><Stakeholder><Name/><Description/></Stakeholder><OtherInformation>CEO is studying how the human resource function is changing. The Center's research particularly focuses on how the human resource function can align itself with the strategic plans of the organization so that HR is a business partner that aligns major program areas such as training, compensation, selection, job design, and career management with the company's strategic plan. The Center also is examining the role of analytic skills as part of the core capabilities that HR needs to add strategic value.</OtherInformation></Objective><Objective><Name>Innovation</Name><Description>Examine the management of innovation.</Description><Identifier>_d2150f02-1e9e-11e4-b2ed-290063558038</Identifier><SequenceIndicator>2.4</SequenceIndicator><Stakeholder><Name/><Description/></Stakeholder><OtherInformation>Management of Innovation, Learning, and Knowledge -- 

Continual innovation is the key to success in today's dynamic and globally competitive environment. CEO research studies have examined the management of innovation in new product development and R&amp;D environments, in global knowledge production networks, in internal research and data based approaches to organizational improvement, and in the management of 'innovation diffusion'. We focus particularly on issues of integration between various stakeholders such as R&amp;D, production, and marketing, and on the use of alliances and networks for innovation and learning.</OtherInformation></Objective></Goal><Goal><Name>Sustainable Effectiveness</Name><Description>Design organizations for sustainable effectiveness.</Description><Identifier>_d215102e-1e9e-11e4-b2ed-290063558038</Identifier><SequenceIndicator>3</SequenceIndicator><Stakeholder><Name/><Description/></Stakeholder><OtherInformation>Sustainable Effectiveness -- 

Our newest research pillar focuses on designing organizations for sustainable effectiveness. Forward looking organizations no longer assume that the societal and environmental resources they need for effective functioning will be in plentiful supply, nor can they continue to see their depletion of these resources as externalities for which they are not responsible. Rather, these organizations are seeking business and organizational models that sustain earth's and humanity's resources.

Our program examines how to build sustainability into the design of the organization, with particular focus on cross-functional and cross-organizational organizing approaches. Building the foundation for sustainable effectiveness entails fundamental change. Tackling the messy global issues requires new organizing approaches, among them the building of networks of organizations coming together in coordinated efforts. It requires ratcheting up the capability of organizations to get employees involved, new approaches to cross-functional coordination in the firm, and new kinds of stakeholder interfaces. It also requires addressing the changing ways that work is done in the global, highly connected economy and ecology, the opportunities and costs these hold for communities and populations, and the challenges posed to our traditional assumptions about organizing.

Some organizations have adopted principles of sustainability as their core values--and they are translating those values into practice. For these organizations, sustainability is not a program, nor a veneer "greenwash." These companies are simultaneously focusing on complex interrelated outcomes for people, profit and the economic, social and ecological well-being of the planet. These multiple focuses are becoming a market necessity in many sectors, and are integrally related to creating the conditions for effective performance now and for generations to come.

CEO has been building an international community of practitioners and academics to explore organizing approaches to achieve sustainability. We operate through a series of research studies and conferences bringing together scholars paired with pioneering organizations. This mutual learning and exchange of knowledge leads to a series of publications geared to jointly inform practice and theoretical knowledge about sustainable approaches to organizing to promote a viable future. </OtherInformation><Objective><Name>Boards &amp; Exectives</Name><Description>Study the effectiveness of corporate boards and senior executives.</Description><Identifier>_d2151164-1e9e-11e4-b2ed-290063558038</Identifier><SequenceIndicator>3.1</SequenceIndicator><Stakeholder><Name>Corporate Boards</Name><Description/></Stakeholder><Stakeholder><Name>Corporate Executives</Name><Description/></Stakeholder><OtherInformation>Corporate Governance, Boards, and Senior Executives -- 

CEO's research on corporate governance is focused on board effectiveness, as well as on the effectiveness of senior executives. The impact of board leadership, CEO evaluation, board member evaluation, and group process are among the issues that are being studied. The relationship between boards and executives is also being studied, as is the effectiveness of different approaches to creating executive teams and the design of executive jobs.</OtherInformation></Objective><Objective><Name>Leadership</Name><Description>Examine the organizational systems, processes, and structures that organizations can use to more effectively develop their leadership talent.</Description><Identifier>_d21512cc-1e9e-11e4-b2ed-290063558038</Identifier><SequenceIndicator>3.2</SequenceIndicator><Stakeholder><Name/><Description/></Stakeholder><OtherInformation>The focus of CEO's leadership research is on the organizational context in which leaders work and on their development. Instead of focusing solely on individual personalities, our research examines the organizational systems, processes, and structures that organizations can use to more effectively develop their leadership talent. CEO's leadership research is designed to generate hard and useful data about an important subject that is typically addressed anecdotally or impressionistically. Our research topics include executive and managerial leadership development, coaching, 360 degree feedback, executive derailment, CEO behavior, leadership dynamics among top teams, talent management's role in leadership development, the role of leadership in shaping organizational performance, and the optimal way to use competency modeling and systems.</OtherInformation></Objective><Objective><Name>Change Management</Name><Description>Research the management of change in today's turbulent environment.</Description><Identifier>_d2151420-1e9e-11e4-b2ed-290063558038</Identifier><SequenceIndicator>3.3</SequenceIndicator><Stakeholder><Name/><Description/></Stakeholder><OtherInformation>Organization Development and Change Management -- 

CEO researches the effective management of change in today's turbulent environment. Past projects have focused on the change process itself, understanding how organizations can effectively change their design, and understanding the learning processes required when organizations undergo fundamental transformations.</OtherInformation></Objective><Objective><Name>Sustainability</Name><Description>Build a community of practitioners and academics to explore organizing approaches to achieve sustainability</Description><Identifier>_d2151560-1e9e-11e4-b2ed-290063558038</Identifier><SequenceIndicator>3.4</SequenceIndicator><Stakeholder><Name>Practitioners</Name><Description/></Stakeholder><Stakeholder><Name>Academics</Name><Description/></Stakeholder><OtherInformation>CEO is building a community of practitioners and academics to explore organizing approaches to achieve sustainability in the face of simultaneous complex and often seemingly conflicting economic, societal, and environmental challenges. We are focusing especially on complex problems that can best be solved through cross-functional, inter-organizational and multi-stakeholder collaboration.</OtherInformation></Objective></Goal></StrategicPlanCore><AdministrativeInformation><StartDate/><EndDate/><PublicationDate>2014-08-07</PublicationDate><Source>http://ceo.usc.edu/about/</Source><Submitter><FirstName>Owen</FirstName><LastName>Ambur</LastName><PhoneNumber/><EmailAddress>Owen.Ambur@verizon.net</EmailAddress></Submitter></AdministrativeInformation></StrategicPlan>