<?xml version="1.0" encoding="UTF-8"?>
<StrategicPlan xmlns="urn:ISO:std:iso:17469:tech:xsd:stratml_core" xmlns:xsi="http://www.w3.org/2001/XMLSchema-instance" xsi:schemaLocation="urn:ISO:std:iso:17469:tech:xsd:stratml_core http://xml.govwebs.net/stratml/references/StrategicPlanISOVersion20140401.xsd"><Name>About CEPS</Name><Description></Description><OtherInformation></OtherInformation><StrategicPlanCore><Organization><Name>Centre for European Policy Studies</Name><Acronym>CEPS</Acronym><Identifier>_e642856a-9a1f-11e0-92a5-58247a64ea2a</Identifier><Description>Founded in Brussels in 1983, the Centre for European Policy Studies (CEPS) is among the most experienced and authoritative think tanks operating in the European Union today. CEPS serves as a leading forum for debate on EU affairs, but its most distinguishing feature lies in its strong in-house research capacity, complemented by an extensive network of partner institutes throughout the world.
CEPS&#8217; funding is obtained from a variety of sources, including membership fees, project research, foundation grants, conferences fees, publication sales and an annual grant from the European Commission.</Description><Stakeholder><Name></Name><Description></Description></Stakeholder></Organization><Vision><Description></Description><Identifier>_e642875e-9a1f-11e0-92a5-58247a64ea2a</Identifier></Vision><Mission><Description>Serve as a leading forum for debate on EU affairs</Description><Identifier>_e642886c-9a1f-11e0-92a5-58247a64ea2a</Identifier></Mission><Value><Name>Academic Excellence </Name><Description></Description></Value><Value><Name>Independence</Name><Description></Description></Value><Goal><Name>Policy Research</Name><Description>Carry out state-of-the-art policy research leading to solutions to the challenges facing Europe
</Description><Identifier>_e642890c-9a1f-11e0-92a5-58247a64ea2a</Identifier><SequenceIndicator>1</SequenceIndicator><Stakeholder><Name></Name><Description></Description></Stakeholder><OtherInformation></OtherInformation><Objective><Name></Name><Description></Description><Identifier>_e642898e-9a1f-11e0-92a5-58247a64ea2a</Identifier><SequenceIndicator></SequenceIndicator><Stakeholder><Name></Name><Description></Description></Stakeholder><OtherInformation></OtherInformation></Objective></Goal><Goal><Name>Standards</Name><Description>Achieve high standards of academic excellence and maintain unqualified independence.</Description><Identifier>_e6428a1a-9a1f-11e0-92a5-58247a64ea2a</Identifier><SequenceIndicator>2</SequenceIndicator><Stakeholder><Name></Name><Description></Description></Stakeholder><OtherInformation></OtherInformation><Objective><Name></Name><Description></Description><Identifier>_e6428ab0-9a1f-11e0-92a5-58247a64ea2a</Identifier><SequenceIndicator></SequenceIndicator><Stakeholder><Name></Name><Description></Description></Stakeholder><OtherInformation></OtherInformation></Objective></Goal><Goal><Name>Forum</Name><Description>Provide a forum for discussion among all stakeholders in the European policy process.</Description><Identifier>_e6428b3c-9a1f-11e0-92a5-58247a64ea2a</Identifier><SequenceIndicator>3</SequenceIndicator><Stakeholder><Name></Name><Description></Description></Stakeholder><OtherInformation></OtherInformation><Objective><Name></Name><Description></Description><Identifier>_e6428bdc-9a1f-11e0-92a5-58247a64ea2a</Identifier><SequenceIndicator></SequenceIndicator><Stakeholder><Name></Name><Description></Description></Stakeholder><OtherInformation></OtherInformation></Objective></Goal><Goal><Name>Collaborative Networks</Name><Description>Build collaborative networks of researchers, policy-makers and business representatives across the whole of Europe.</Description><Identifier>_e6428c7c-9a1f-11e0-92a5-58247a64ea2a</Identifier><SequenceIndicator>4</SequenceIndicator><Stakeholder><Name>European Researchers</Name><Description></Description></Stakeholder><Stakeholder><Name>European Policy-Makers</Name><Description></Description></Stakeholder><Stakeholder><Name>European Business Representatives</Name><Description></Description></Stakeholder><OtherInformation></OtherInformation><Objective><Name></Name><Description></Description><Identifier>_e6428d26-9a1f-11e0-92a5-58247a64ea2a</Identifier><SequenceIndicator></SequenceIndicator><Stakeholder><Name></Name><Description></Description></Stakeholder><OtherInformation></OtherInformation></Objective></Goal><Goal><Name>Publications and Events</Name><Description>Disseminate our findings and views through a regular flow of publications and public events.</Description><Identifier>_e6428e48-9a1f-11e0-92a5-58247a64ea2a</Identifier><SequenceIndicator>5</SequenceIndicator><Stakeholder><Name></Name><Description></Description></Stakeholder><OtherInformation></OtherInformation><Objective><Name></Name><Description></Description><Identifier>_e6428f06-9a1f-11e0-92a5-58247a64ea2a</Identifier><SequenceIndicator></SequenceIndicator><Stakeholder><Name></Name><Description></Description></Stakeholder><OtherInformation></OtherInformation></Objective></Goal></StrategicPlanCore><AdministrativeInformation><StartDate></StartDate><EndDate></EndDate><PublicationDate>2011-06-18</PublicationDate><Source>http://www.ceps.eu/content/about-ceps</Source><Submitter><FirstName>Owen</FirstName><LastName>Ambur</LastName><PhoneNumber></PhoneNumber><EmailAddress>Owen.Ambur@verizon.net</EmailAddress></Submitter></AdministrativeInformation></StrategicPlan>