<?xml version="1.0" encoding="UTF-8"?>
<StrategicPlan xmlns="urn:ISO:std:iso:17469:tech:xsd:stratml_core" xmlns:xsi="http://www.w3.org/2001/XMLSchema-instance" xsi:schemaLocation="urn:ISO:std:iso:17469:tech:xsd:stratml_core http://xml.govwebs.net/stratml/references/StrategicPlanISOVersion20140401.xsd"><Name>BUILDING AN OPPORTUNITY ECONOMY: Reducing Wealth Inequality and Expanding Prosperity for all Americans</Name><Description>CFED's work makes it possible for millions of people to achieve financial security and contribute to an opportunity economy.  We scale innovative practical solutions that empower low- and moderate-income people to build wealth. We drive responsive policy change at all levels of government. We support the efforts of community leaders across the country to advance economic opportunity for all.</Description><OtherInformation>Nearly 50 million of us are working hard every day to make ends meet. We’re doing everything right to provide for our children. We hold two or three jobs. We pay our taxes. Many of us have college degrees. Many of us even hold two or three jobs. And yet we’re not getting ahead.
For us, the American Dream has indeed been deferred.
More than half of us cannot get an affordable loan to advance our aspirations or cover an emergency. One in five pay more than we should for basic financial services. For nearly half of all households and nearly two-thirds of households of color, financial ruin is one crisis away.
This has to change. 

CFED believes that we need an opportunity economy -- one that allows all of us the chance to build a more prosperous future for our families, our community and our country.
In an opportunity economy, the pathways to prosperity are paved. There are roadmaps to guide us through financial decisions. The on-ramps to the financial highway are open to everyone; we all have the opportunity to save for the future, buy a home, sustain a business and get a good education.
We’re on our way toward this vision.</OtherInformation><StrategicPlanCore><Organization><Name>Corporation for Enterprise Development</Name><Acronym>CFED</Acronym><Identifier>_d9070d62-c55d-11e5-91a0-c779134596b3</Identifier><Description/><Stakeholder StakeholderTypeType="Person"><Name>Andrea Levere</Name><Description>President</Description></Stakeholder><Stakeholder StakeholderTypeType="Person"><Name>Jennifer Brooks</Name><Description>Vice President, Field Engagement</Description></Stakeholder><Stakeholder StakeholderTypeType="Person"><Name>Kate Griffin</Name><Description>Vice President, Programs</Description></Stakeholder><Stakeholder StakeholderTypeType="Person"><Name>Adnan Bokhari</Name><Description>Chief Financial Officer and Chief Operating Officer </Description></Stakeholder><Stakeholder StakeholderTypeType="Person"><Name>Jeremie Greer</Name><Description>Vice President, Policy &amp; Research </Description></Stakeholder><Stakeholder StakeholderTypeType="Person"><Name>Leigh Tivol</Name><Description>Vice President, Strategy and Impact</Description></Stakeholder><Stakeholder StakeholderTypeType="Person"><Name>Jocelyn Harmon</Name><Description>Chief Philanthropy Officer</Description></Stakeholder><Stakeholder StakeholderTypeType="Generic_Group"><Name>CFED Board</Name><Description/></Stakeholder><Stakeholder StakeholderTypeType="Person"><Name>Asheesh Advani</Name><Description>(Vice Chair)
CEO, Junior Achievement Worldwide,
Boston, MA</Description></Stakeholder><Stakeholder StakeholderTypeType="Person"><Name>Janie Barrera</Name><Description>President &amp; CEO, LiftFund,
San Antonio, TX</Description></Stakeholder><Stakeholder StakeholderTypeType="Person"><Name>Judith Bell</Name><Description>Vice President, Programs, San Francisco Foundation,
San Francisco, CA</Description></Stakeholder><Stakeholder StakeholderTypeType="Person"><Name>Bill Bynum</Name><Description>CEO, Hope Enterprise Corporation,
Jackson, MS</Description></Stakeholder><Stakeholder StakeholderTypeType="Person"><Name>Naomi Gendler Camper</Name><Description>Managing Director, Nonprofit Engagement, JPMorgan Chase &amp; Co.,
New York, NY</Description></Stakeholder><Stakeholder StakeholderTypeType="Person"><Name>Gary Cunningham</Name><Description>President &amp; CEO, Metropolitan Economic Development Association,
Minneapolis, MN</Description></Stakeholder><Stakeholder StakeholderTypeType="Person"><Name>Steven Damato</Name><Description>Founder &amp; CEO, Nora Restaurant and Blue Circle Foods,
Washington, DC</Description></Stakeholder><Stakeholder StakeholderTypeType="Person"><Name>Phil English</Name><Description>Co-Chair, Government Affairs Group, Arent Fox, LLP,
Washington, DC</Description></Stakeholder><Stakeholder StakeholderTypeType="Person"><Name>Robert E. Friedman</Name><Description>(Chair Emeritus)
Founder &amp; General Counsel, CFED,
San Francisco, CA</Description></Stakeholder><Stakeholder StakeholderTypeType="Person"><Name>Michelle Greene</Name><Description>Independent Consultant,
New York, NY</Description></Stakeholder><Stakeholder StakeholderTypeType="Person"><Name>Ronald Grzywinski</Name><Description>(Secretary)
Co-Founder, Shorebank,
Chicago, IL</Description></Stakeholder><Stakeholder StakeholderTypeType="Person"><Name>John (Jamie) Kalamarides</Name><Description>Senior Vice President, Prudential Retirement,
Newark, NJ</Description></Stakeholder><Stakeholder StakeholderTypeType="Person"><Name>Martha Kanter</Name><Description>Distinguished Visiting Professor and Senior Fellow, New York University,
New York, NY</Description></Stakeholder><Stakeholder StakeholderTypeType="Person"><Name>Ellen Lazar</Name><Description>Independent Consultant,
Washington, DC</Description></Stakeholder><Stakeholder StakeholderTypeType="Person"><Name>Daniel Letendre</Name><Description>(Treasurer)
Senior Vice President, CDFI Lending and Investment, Bank of America,
New York, NY</Description></Stakeholder><Stakeholder StakeholderTypeType="Person"><Name>Andrea Levere</Name><Description>President, CFED,
Washington, DC</Description></Stakeholder><Stakeholder StakeholderTypeType="Person"><Name>Brandee McHale</Name><Description>(Chair)
President, Citi Foundation,
New York, NY</Description></Stakeholder><Stakeholder StakeholderTypeType="Person"><Name>Robin McKinney</Name><Description>Director &amp; Co-Founder, Maryland CASH Campaign,
Baltimore, MD</Description></Stakeholder><Stakeholder StakeholderTypeType="Person"><Name>Deborah J. Wilds, PhD</Name><Description>Former President &amp; COO, College Success Foundation,
Sacramento, CA</Description></Stakeholder></Organization><Vision><Description>... an opportunity economy, where we are all empowered to build more prosperous futures for our families, our communities and our country.</Description><Identifier>_d9070eb6-c55d-11e5-91a0-c779134596b3</Identifier></Vision><Mission><Description>To make it possible for millions of people to achieve financial security and contribute to an opportunity economy. </Description><Identifier>_d9070f9c-c55d-11e5-91a0-c779134596b3</Identifier></Mission><Value><Name>Opportunity</Name><Description>CFED's task -- the reason we exist -- is to take on the practical and political challenges of opening the doors of the opportunity economy to all, not just those lucky enough to be born into privilege.</Description></Value><Value><Name>Financial Security</Name><Description>We do that, first, by recognizing that financial security and economic mobility come not just from income, but just as importantly, from assets: a savings account, a home, a business, a college degree. Assets not only provide a financial cushion during times of hardship; they also allow families to realize long-term dreams for themselves and their children.</Description></Value><Value><Name>Economic Mobility</Name><Description/></Value><Value><Name>Wealth</Name><Description>In recent years, the notion of income inequality -- the gulf between the highest and lowest earners -- has figured prominently in American discourse. However, the reality is that wealth inequality -- the divide between those who own the most and least assets -- dwarfs income inequality, particularly for households of color.</Description></Value><Value><Name>Prosperity</Name><Description>CFED seeks to reduce wealth inequality and expand prosperity for low- and moderate-income families in four main ways:
* Making enduring change via federal, state and local policies to remove barriers and bring asset-building opportunities to large numbers of households
* Engaging community leaders to expand the reach and deepen the impact of asset-building strategies
* Building the capacity of service providers and financial institutions to deliver proven solutions and innovative products and services
* Including, for all of the above, an explicit emphasis and focus on the drivers of racial wealth inequality, and the structural, political and programmatic opportunities to remedy it</Description></Value><Value><Name>Partnership</Name><Description>We will accomplish our goals through partnership and collaboration with every sector -- public, private, nonprofit and philanthropic -- and with institutions and individual leaders alike.</Description></Value><Value><Name>Collaboration</Name><Description/></Value><Goal><Name>Solutions</Name><Description>Conduct research, incubate innovations and scale practices so that millions of
low-wealth people from all races and backgrounds have access to an opportunity
economy.</Description><Identifier>_d907119a-c55d-11e5-91a0-c779134596b3</Identifier><SequenceIndicator>1</SequenceIndicator><Stakeholder><Name/><Description/></Stakeholder><OtherInformation>Learning from and with the field, CFED will conduct research, incubate innovation, field-test methods and scale up best practices to ensure millions of low- and moderate-income people from all socioeconomic and ethnic backgrounds gain access
to practical solutions that expand financial security. Our research will help us to better pinpoint the issues facing Americans in their quest to build wealth and take part in the opportunity economy. Data products like the Assets &amp; Opportunity Scorecard and the Local Data Center will continue to provide a view into this issue, while we also expand our research to gain insights on specific issue areas or consumer populations and refine our understanding of the challenges and problems these individuals face.
With better problem identification comes better solutions, and CFED is committed in this plan to working with the field to identify and pilot-test solutions in a range of areas: from innovations in matched savings, to building the financial capability of business owners, to partnering with and strengthening the financial coaching field. As solutions take flight, we will also focus on capacity building for the field that helps us go to scale. To do this, we will partner with the Assets &amp; Opportunity Network and the Taxpayer Opportunity Network -- as well as other partner networks -- to disseminate best practices, develop innovative solutions and mobilize around policy priorities that can unlock scale.
Finally, we know that some of our solutions are ready for scale today. To that end, we will focus on key metrics that drive us to scale in the children’s savings arena (with the goal of 500,000 accounts open by 2018), and ensuring that manufactured housing can be a convenient and reliable source of affordable homeownership for years to come.</OtherInformation><Objective><Name>Insights</Name><Description>Identify and disseminate insights into the financial lives of low- and moderate-income households and the drivers of wealth inequality and household financial well-being</Description><Identifier>_d90712b2-c55d-11e5-91a0-c779134596b3</Identifier><SequenceIndicator>1.1</SequenceIndicator><Stakeholder StakeholderTypeType="Generic_Group"><Name>Low-Income Households</Name><Description/></Stakeholder><Stakeholder StakeholderTypeType="Generic_Group"><Name>Moderate-Income Households</Name><Description/></Stakeholder><OtherInformation/></Objective><Objective><Name>Innovation</Name><Description>Identify, prototype and disseminate potential innovations and build the field's capacity to innovate</Description><Identifier>_d9071384-c55d-11e5-91a0-c779134596b3</Identifier><SequenceIndicator>1.2</SequenceIndicator><Stakeholder><Name/><Description/></Stakeholder><OtherInformation/></Objective><Objective><Name>Knowledge &amp; Capacity</Name><Description>Poise solutions for scale through building an evidence base and enhancing the knowledge and capacity of the field</Description><Identifier>_d907146a-c55d-11e5-91a0-c779134596b3</Identifier><SequenceIndicator>1.3</SequenceIndicator><Stakeholder><Name/><Description/></Stakeholder><OtherInformation/></Objective><Objective><Name>Financial Capabilities</Name><Description>Build pathways for financial capability services (including coaching) and matched savings to be implemented at scale through meaningful integration and professionalization of the field</Description><Identifier>_d9071546-c55d-11e5-91a0-c779134596b3</Identifier><SequenceIndicator>1.4</SequenceIndicator><Stakeholder><Name/><Description/></Stakeholder><OtherInformation/></Objective><Objective><Name>Savings, Education &amp; Housing</Name><Description>Significantly scale children's savings accounts and manufactured housing opportunities so families can build wealth through education and housing</Description><Identifier>_d9071636-c55d-11e5-91a0-c779134596b3</Identifier><SequenceIndicator>1.5</SequenceIndicator><Stakeholder StakeholderTypeType="Generic_Group"><Name>Children</Name><Description/></Stakeholder><OtherInformation/></Objective></Goal><Goal><Name>Policy</Name><Description>Build momentum to advance public policies in support of an opportunity
economy for people of all races and backgrounds.</Description><Identifier>_d907171c-c55d-11e5-91a0-c779134596b3</Identifier><SequenceIndicator>2</SequenceIndicator><Stakeholder><Name/><Description/></Stakeholder><OtherInformation>CFED will seek to advance policies at the federal, state and local levels to improve the financial security of people from all socioeconomic and ethnic backgrounds. Our policy priorities will focus on opportunities to advance financial well-being through the life cycle, including children's savings, community tax preparation, "right-side up" tax reform, homeownership,
entrepreneurship and consumer protections. We will also continue to advance the integration of asset-building programs and products into large-scale social services systems such as Temporary Assistance for Needy Families (TANF), the Workforce Innovation &amp; Opportunity Act (WIOA), the Supplemental Nutrition Assistance Program (SNAP) and community health care.
For CFED, success will come in the form of growing awareness, will and action among policymakers to advance public policies that expedite low- and moderate-income families’ participation in an opportunity economy. Our policy advocacy approach will leverage our core capacities and expertise in the areas of policy development, communication, advocacy and field engagement. Central to this strategy will be amplifying the voice of local practitioners, advocates and citizens in order to impact policy debates in Washington, state capitals and city halls. Further, we will particularly emphasize the financial situations of households of color and pursue policies to enhance their economic well-being. </OtherInformation><Objective><Name>Engagement</Name><Description>Ensure that policymakers and influencers at the federal, state and local levels visibly engage on issues of financial insecurity and wealth inequality</Description><Identifier>_d90717f8-c55d-11e5-91a0-c779134596b3</Identifier><SequenceIndicator>2.1</SequenceIndicator><Stakeholder><Name/><Description/></Stakeholder><OtherInformation/></Objective><Objective><Name>Championing</Name><Description>Ensure that policymakers at the federal, state and local levels champion policy solutions that strengthen financial well-being and reduce wealth inequality</Description><Identifier>_d90718d4-c55d-11e5-91a0-c779134596b3</Identifier><SequenceIndicator>2.2</SequenceIndicator><Stakeholder StakeholderTypeType="Generic_Group"><Name>Policymakers</Name><Description/></Stakeholder><OtherInformation/></Objective><Objective><Name>Adoption</Name><Description>Ensure that policymakers at the federal, state and local levels adopt policy solutions that strengthen financial wellbeing and reduce wealth inequality</Description><Identifier>_d90719f6-c55d-11e5-91a0-c779134596b3</Identifier><SequenceIndicator>2.3</SequenceIndicator><Stakeholder StakeholderTypeType="Generic_Group"><Name>Policymakers</Name><Description/></Stakeholder><OtherInformation/></Objective></Goal><Goal><Name>Stakeholders</Name><Description>Advance the promise of an opportunity economy by engaging and mobilizing a
rich diversity of community leaders and national allies.</Description><Identifier>_d9071b04-c55d-11e5-91a0-c779134596b3</Identifier><SequenceIndicator>3</SequenceIndicator><Stakeholder><Name/><Description/></Stakeholder><OtherInformation>Through our networks and campaigns -- the Assets &amp; Opportunity Network, the Taxpayer Opportunity Network, the I'M HOME Network and the Campaign for Every Kid's Future, among others -- and through the biennial Assets Learning Conference and other large-scale events, CFED will engage a diversity of community leaders and national allies to share ideas, build capacity and leadership and mobilize for change.
As we engage diverse community stakeholders, we will listen closely to their ideas, challenges and successes. We will respond with learning, advocacy and engagement opportunities that address their challenges and leverage their ideas and successes to create field-wide solutions. With national allies, we will seek common ground and create win-win partnerships that advance our shared goals and build relationships locally.
Through our many platforms for engagement, we will build field capacity to deliver effective programs and to advocate for policy change. We will also build stronger alliances, nationally and locally, for policy advocacy and for service delivery. All of our engagement activities will weave together to deepen the field's commitment to a shared vision, which is a prerequisite for large-scale mobilization.
By 2018, we will see an increased number of financial capability and asset-building programs that are effectively delivering services, as well as more federal, state, local and tribal policies that support financial capability and asset building and protect consumers in the financial marketplace. </OtherInformation><Objective><Name>Motivation, Connection &amp; Leadership</Name><Description>Create platforms for field motivation, connection and leadership by leveraging CFED's networks, convenings and strategic partnerships</Description><Identifier>_d9071bf4-c55d-11e5-91a0-c779134596b3</Identifier><SequenceIndicator>3.1</SequenceIndicator><Stakeholder><Name/><Description/></Stakeholder><OtherInformation/></Objective><Objective><Name>Ideas &amp; Learning</Name><Description>Create learning opportunities and foster idea exchange within the field and with CFED</Description><Identifier>_d9071dd4-c55d-11e5-91a0-c779134596b3</Identifier><SequenceIndicator>3.2</SequenceIndicator><Stakeholder><Name/><Description/></Stakeholder><OtherInformation/></Objective><Objective><Name>Community Leadership</Name><Description>Amplify and support community leadership locally and nationally</Description><Identifier>_d9071ece-c55d-11e5-91a0-c779134596b3</Identifier><SequenceIndicator>3.3</SequenceIndicator><Stakeholder StakeholderTypeType="Generic_Group"><Name>Community Leaders</Name><Description/></Stakeholder><OtherInformation/></Objective></Goal><Goal><Name>Communications</Name><Description>Communicate to key audiences a shared vision that powerfully articulates the
promise of an opportunity economy.</Description><Identifier>_d9072090-c55d-11e5-91a0-c779134596b3</Identifier><SequenceIndicator>4</SequenceIndicator><Stakeholder><Name/><Description/></Stakeholder><OtherInformation>To achieve the ambitious goals set forth in this strategic plan, we must engage and attract the participation of existing and new partners, promote greater collective impact and expand the reach and impact of our networks. This will demand a strong shared vision to unite the field under one banner: a single, "generous brand" to further our common long-term goals, a brand that not only describes CFED's own work but also appeals to a broad swath of our stakeholders.
As we embark on the task of creating that brand, one of the challenges that we face as an organization -- and as a field -- is the number of frames that could accurately describe our goals: increasing financial security, reducing wealth inequality, increasing financial well-being, building assets. As part of CFED's strategic planning process, we grappled with these issues of language.
Ultimately, a consensus emerged that, given the wide breadth and varied levels of engagement of CFED’s audiences, we are best served by tailoring our messaging so that it will most powerfully resonate in any given context. To ensure we are prepared to execute this approach, we will redouble our efforts to train our staff in representing CFED's work in various contexts and equip our staff and board with the knowledge they need to serve as powerful message ambassadors to all our audiences.</OtherInformation><Objective><Name>Branding</Name><Description>Create a brand identity for CFED to increase our credibility and impact</Description><Identifier>_d90721a8-c55d-11e5-91a0-c779134596b3</Identifier><SequenceIndicator>4.1</SequenceIndicator><Stakeholder><Name/><Description/></Stakeholder><OtherInformation/></Objective><Objective><Name>Advancement</Name><Description>Prepare CFED staff and board members to be ambassadors to advance the brand</Description><Identifier>_d90722a2-c55d-11e5-91a0-c779134596b3</Identifier><SequenceIndicator>4.2</SequenceIndicator><Stakeholder><Name/><Description/></Stakeholder><OtherInformation/></Objective><Objective><Name>Vision</Name><Description>Leverage CFED's communications capacity to build support in the field and with key stakeholders for a shared vision of an opportunity economy</Description><Identifier>_d90723a6-c55d-11e5-91a0-c779134596b3</Identifier><SequenceIndicator>4.3</SequenceIndicator><Stakeholder><Name/><Description/></Stakeholder><OtherInformation/></Objective></Goal><Goal><Name>Organization</Name><Description>Position CFED's greatest asset, our people, to drive high-impact outcomes.</Description><Identifier>_d90724b4-c55d-11e5-91a0-c779134596b3</Identifier><SequenceIndicator>5</SequenceIndicator><Stakeholder><Name/><Description/></Stakeholder><OtherInformation/><Objective><Name>Staff</Name><Description>Invest in the development of a diverse, talented, high-performing staff</Description><Identifier>_d90725b8-c55d-11e5-91a0-c779134596b3</Identifier><SequenceIndicator>5.1</SequenceIndicator><Stakeholder><Name/><Description/></Stakeholder><OtherInformation/></Objective><Objective><Name>Influence &amp; Engagement</Name><Description>Amplify the influence and external engagement of a new generation of board and staff thought leaders</Description><Identifier>_d90726bc-c55d-11e5-91a0-c779134596b3</Identifier><SequenceIndicator>5.2</SequenceIndicator><Stakeholder><Name/><Description/></Stakeholder><OtherInformation/></Objective><Objective><Name>Operations</Name><Description>Hone operations to achieve greater efficiencies and support organizational growth and field development</Description><Identifier>_d907284c-c55d-11e5-91a0-c779134596b3</Identifier><SequenceIndicator>5.3</SequenceIndicator><Stakeholder><Name/><Description/></Stakeholder><OtherInformation/></Objective></Goal><Goal><Name>Financing</Name><Description>Secure the right revenue mix and align our financial management in order to
increase financial resiliency and enable high-impact outcomes.</Description><Identifier>_d9072950-c55d-11e5-91a0-c779134596b3</Identifier><SequenceIndicator>6</SequenceIndicator><Stakeholder><Name/><Description/></Stakeholder><OtherInformation>We are at an exciting new point with regard to our internal capacity. We have experienced unprecedented organizational
growth in the past few years and anticipate more to come throughout the duration of this strategic plan. As our programmatic
work continues to grow, so too do our needs for the right people in the right seats, and more sophisticated processes,
technology and accountability tools, so that we can effectively execute our strategy. Further, we are advancing an intentional
shift in culture to prioritize data-driven decision-making, enhanced business processes, organizational impact and individual
accountability, while leaving CFED’s entrepreneurial DNA intact.
All this will require the resources to fuel our people and systems. At the heart of our financial goal for the next three years is
to move from financial sustainability toward financial resiliency, so that we are not only well-resourced to advance our existing
work, but we also have the financial flexibility to capitalize on new opportunities and weather unexpected storms. </OtherInformation><Objective><Name>Revenue</Name><Description>Develop sustainable revenue streams from diverse sources, including major gifts and earned revenue</Description><Identifier>_d9072b12-c55d-11e5-91a0-c779134596b3</Identifier><SequenceIndicator>6.1</SequenceIndicator><Stakeholder><Name/><Description/></Stakeholder><OtherInformation/></Objective><Objective><Name>Financial Management</Name><Description>Continuously evolve our financial management practices to maintain best practice systems and tools to support internal and external operations</Description><Identifier>_d9072cde-c55d-11e5-91a0-c779134596b3</Identifier><SequenceIndicator>6.2</SequenceIndicator><Stakeholder><Name/><Description/></Stakeholder><OtherInformation/></Objective></Goal></StrategicPlanCore><AdministrativeInformation><StartDate>2016-01-01</StartDate><EndDate>2018-12-31</EndDate><PublicationDate>2016-01-27</PublicationDate><Source>http://cfed.org/assets/pdfs/2016-2018_Strategic_Plan.pdf</Source><Submitter><GivenName>Owen</GivenName><Surname>Ambur</Surname><PhoneNumber/><EmailAddress>Owen.Ambur@verizon.net</EmailAddress></Submitter></AdministrativeInformation></StrategicPlan>