<?xml version="1.0" encoding="UTF-8"?>
<StrategicPlan xsi:schemaLocation="http://www.stratml.net  http://xml.gov/stratml/references/StrategicPlan.xsd" xmlns:xsi="http://www.w3.org/2001/XMLSchema-instance" xmlns="http://www.stratml.net"><id/><Name>What is CrowdHall?</Name><Description/><OtherInformation/><StrategicPlanCore><Organization><Name>CrowdHall</Name><Acronym>CH</Acronym><Identifier/><Description>CrowdHall is a venue for crowd-sourced conversations with your favorite people &amp; organizations.</Description><Stakeholder><Name>CrowdHall Team</Name><Description/></Stakeholder><Stakeholder><Name>Austin Rory Hackett</Name><Description>Co-Founder + CEO</Description></Stakeholder><Stakeholder><Name>Jordan Menzel</Name><Description>Co-Founder + COO</Description></Stakeholder><Stakeholder><Name>Nick Wientge</Name><Description>Co-Founder + CTO</Description></Stakeholder><Stakeholder><Name>Sheldon Baker</Name><Description>UI Developer</Description></Stakeholder><Stakeholder><Name>Conrad VanLandingham</Name><Description>UI Developer</Description></Stakeholder><Stakeholder><Name>Julius Francisco</Name><Description>API Developer</Description></Stakeholder><Stakeholder><Name>Sebastian Sandqvist</Name><Description>UI Designer</Description></Stakeholder><Stakeholder><Name>Kat Schmermund</Name><Description>Associate, Business Development</Description></Stakeholder><Stakeholder><Name>Patrick Carroll</Name><Description>Associate, Business Development</Description></Stakeholder><Stakeholder><Name>Your Favorite People</Name><Description/></Stakeholder><Stakeholder><Name>Your Favorite Organizations</Name><Description/></Stakeholder><Stakeholder><Name>Celebrities </Name><Description/></Stakeholder><Stakeholder><Name>Fans </Name><Description/></Stakeholder><Stakeholder><Name>Politicians</Name><Description/></Stakeholder></Organization><Vision><Description/><Identifier/></Vision><Mission><Description>Provide a venue for crowd-sourced conversations</Description><Identifier/></Mission><Value><Name/><Description/></Value><Goal><Name>Questions, Ideas &amp; Responses</Name><Description>Prioritize questions &amp; ideas and letting the host of the conversation respond in a simple and social way</Description><Identifier/><SequenceIndicator/><Stakeholder><Name/><Description/></Stakeholder><OtherInformation>Whether it's a Q&amp;A between a celebrity &amp; fans or a politician sourcing ideas from constituents, CrowdHall prioritizes the crowd's questions &amp; ideas, letting the host of the conversation respond in a simple and social way.</OtherInformation><Objective><Name>Questions</Name><Description>Enable users to ask questions &amp; vote on their favorites</Description><Identifier/><SequenceIndicator>1</SequenceIndicator><Stakeholder><Name/><Description/></Stakeholder><OtherInformation>Ask Questions &amp; Vote on Your Favorites -- 

Ask and vote on as many questions as you'd like. We'll send you an email if your question gets answered.</OtherInformation></Objective><Objective><Name>Support</Name><Description>Enable users to share questions to get support</Description><Identifier/><SequenceIndicator>2</SequenceIndicator><Stakeholder><Name/><Description/></Stakeholder><OtherInformation>Share your Questions to Get Support -- 

You can post or share a link directly to your question. The more votes your question gets, the greater the chance it will be answered.</OtherInformation></Objective><Objective><Name>Responses</Name><Description>Enable hosts to respond at their convenience and others to join the conversation.</Description><Identifier/><SequenceIndicator>3</SequenceIndicator><Stakeholder><Name/><Description/></Stakeholder><OtherInformation>Stay Tuned for an Answer from the Host -- 

Hosts may answer daily, weekly, or at their convenience. In the meantime, join the conversation by commenting on questions and answers.</OtherInformation></Objective></Goal></StrategicPlanCore><AdministrativeInformation><StartDate/><EndDate/><PublicationDate>2013-07-27</PublicationDate><Source>http://crowdhall.com/about</Source><Submitter><FirstName>Owen</FirstName><LastName>Ambur</LastName><PhoneNumber/><EmailAddress>Owen.Ambur@verizon.net</EmailAddress></Submitter></AdministrativeInformation></StrategicPlan>