<?xml version="1.0" encoding="UTF-8"?>
<StrategicPlan xmlns="urn:ISO:std:iso:17469:tech:xsd:stratml_core" xmlns:xsi="http://www.w3.org/2001/XMLSchema-instance" xsi:schemaLocation="urn:ISO:std:iso:17469:tech:xsd:stratml_core http://xml.govwebs.net/stratml/references/StrategicPlanISOVersion20140401.xsd"><Name>About Ciudadano Inteligente</Name><Description/><OtherInformation/><StrategicPlanCore><Organization><Name>Ciudadano Inteligente</Name><Acronym>CI3</Acronym><Identifier>_031ce93c-07df-11e6-8e97-e6ca45c7ae33</Identifier><Description>We are a secular and nonpartisan organization that respects and defends political, cultural, social, religious and sexual diversity. We look to contribute to a fair and inclusive society, where we all as citizens possess the same rights and opportunities.</Description><Stakeholder StakeholderTypeType="Person"><Name>Felipe Álvarez</Name><Description>Desarrollador -- 

Originalmente de Valdivia, idealista, ciclista, trapecista y artesano de software.</Description></Stakeholder><Stakeholder StakeholderTypeType="Person"><Name>Marcel Augsburger</Name><Description>Desarrollador -- 

Ciudadano, amante de la ciencia y el conocimiento, de espíritu sureño, escalador amateur, y computín de pasatiempo.</Description></Stakeholder><Stakeholder StakeholderTypeType="Person"><Name>Valentina Barahona</Name><Description>Periodista en equipo de Comunidad y redes -- 

Camino pensando en política, participación ciudadana, comida y lápices de colores.</Description></Stakeholder><Stakeholder StakeholderTypeType="Person"><Name>Pablo Collada</Name><Description>Director Ejecutivo -- 

Construir ciudadanía comienza caracterizando creencias con certeza comunitaria.</Description></Stakeholder><Stakeholder StakeholderTypeType="Person"><Name>Rodrigo Echecopar</Name><Description>Subdirector -- 

Economista inconforme con las soluciones del pasado. Opinar solo es fácil, en lo colectivo está el futuro. Como en el fútbol.</Description></Stakeholder><Stakeholder StakeholderTypeType="Person"><Name>José Damián Garrido</Name><Description>Desarrollador -- 

Obrero Digital. Beer lover, Dog lover. Una frase: "Amulepe taiñ weichan!"</Description></Stakeholder><Stakeholder StakeholderTypeType="Person"><Name>María Jaraquemada</Name><Description>Directora Investigación e Incidencia -- 

Abogada de las causas perdidas y la transparencia, sirena, lectora, viajera y comilona. En cualquier minuto me echo al pollo.</Description></Stakeholder><Stakeholder StakeholderTypeType="Person"><Name>Catalina Margozzini</Name><Description>Diseñadora -- 

Creo profundamente en mi trabajo y en mi querido equipo que me hace cada día más data nerd.</Description></Stakeholder><Stakeholder StakeholderTypeType="Person"><Name>Juan Pablo Pérez</Name><Description>Desarrollador -- 

Vengo del cálido Arica, cinéfilo, ciclista, ñoño, desarrollador, amo la comida picante y</Description></Stakeholder><Stakeholder StakeholderTypeType="Person"><Name>María José Tapia</Name><Description>Encargada de Prensa y Comunidad -- 

OLA KE ASE. Escultora de mensajes. Tejedora y Costurera de Redes.</Description></Stakeholder><Stakeholder StakeholderTypeType="Person"><Name>Daniela Tejada</Name><Description>Coordinadora de Estudios -- 

Me encargo de armar los carretes, almuerzos, happy hours en la fundación. Cuando me sobra tiempo, me dedico a la investigación.</Description></Stakeholder><Stakeholder StakeholderTypeType="Person"><Name>Fiera Feroz</Name><Description>Terapeuta laboral -- 

¡Guau guau guau!</Description></Stakeholder></Organization><Vision><Description>Power is transferred from from the few to the many, every time the political and economic power concentrates itself in an artificial way.</Description><Identifier>_031ceaf4-07df-11e6-8e97-e6ca45c7ae33</Identifier></Vision><Mission><Description>To strengthen democracy and reduce inequality in Latin America, promoting transparency and citizen participation through through the innovative use of informational technologies.</Description><Identifier>_031cebbc-07df-11e6-8e97-e6ca45c7ae33</Identifier></Mission><Value><Name>Democracy</Name><Description/></Value><Value><Name>Transparency</Name><Description/></Value><Value><Name>Participation</Name><Description/></Value><Value><Name>Innovation</Name><Description/></Value><Value><Name>Information</Name><Description/></Value><Value><Name>Technology</Name><Description/></Value><Value><Name>Change</Name><Description>... we make use of transparency, informational technologies and collective participation as instruments of change.</Description></Value><Value><Name>Inclusiveness</Name><Description/></Value><Value><Name>Diversity</Name><Description>political, cultural, social, religious and sexual diversity.</Description></Value><Value><Name>Independence</Name><Description>Political independence -- 
The members of Ciudadano Inteligente aren't apolitical, but just the contrary: we consider good policy to be a essential tool of social transformation, and as such, we intend to generate the appropriate incentives to ensure that policy works well, hoping that those who hold positions of popular representation have a duty to their citizens, and not to other particular interests.

The members of Ciudadano Inteligente are all of diverse political leanings; however, as an organization we do not affiliate with any political party or movement. In order to assure our complete independence, Ciudadano Inteligente does not receieve financing from the government, from political parties, nor any trade organization that has political interests. Also, by means of a rigorous process, we assure that all of our research and reports depend on transparent and solid methodologies, open to scruitiny of any person who wants to inquire.</Description></Value><Value><Name>Citizenship</Name><Description>The political loyalty of Ciudadano Inteligente is held in the citizenship, in the care and in the deepening of democracy as a system of government.</Description></Value><Goal><Name>Lab</Name><Description>Develop web technology</Description><Identifier>_031cec8e-07df-11e6-8e97-e6ca45c7ae33</Identifier><SequenceIndicator>1</SequenceIndicator><Stakeholder StakeholderTypeType="Generic_Group"><Name>Citizens</Name><Description>In our digital workshop, we develop technology of and for the citizens.</Description></Stakeholder><Stakeholder StakeholderTypeType="Generic_Group"><Name>Latin America</Name><Description>We innovate in the the development of open source web applications, intended to promote transparency and civic participation in Latin America.</Description></Stakeholder><OtherInformation>We develop web technology in order to ensure transparency, to oversee and to make ourselves informed citizens that participate in the the decisions that affect us. </OtherInformation><Objective><Name>Transparency</Name><Description>Ensure transparency in the the decisions that affect us. </Description><Identifier>_031ced56-07df-11e6-8e97-e6ca45c7ae33</Identifier><SequenceIndicator>1.1</SequenceIndicator><Stakeholder><Name/><Description/></Stakeholder><OtherInformation/></Objective><Objective><Name>Information &amp; Oversight</Name><Description>Oversee and make ourselves informed about the decisions that affect us.</Description><Identifier>_031cee14-07df-11e6-8e97-e6ca45c7ae33</Identifier><SequenceIndicator>1.2</SequenceIndicator><Stakeholder><Name/><Description/></Stakeholder><OtherInformation/></Objective><Objective><Name>Participation</Name><Description>Participate in the the decisions that affect us.</Description><Identifier>_031ceec8-07df-11e6-8e97-e6ca45c7ae33</Identifier><SequenceIndicator>1.3</SequenceIndicator><Stakeholder><Name/><Description/></Stakeholder><OtherInformation/></Objective></Goal><Goal><Name>Advocacy</Name><Description/><Identifier>_031cef9a-07df-11e6-8e97-e6ca45c7ae33</Identifier><SequenceIndicator>2</SequenceIndicator><Stakeholder StakeholderTypeType="Generic_Group"><Name/><Description/></Stakeholder><OtherInformation>We work to promote and influence policies of transparency; strengthen and expand the right of access to public information; to encourage and strengthen citizen participation; and increase a larger and better accountability of governments across Latin America.</OtherInformation><Objective><Name>Policies</Name><Description>Promote and influence policies of transparency.</Description><Identifier>_031cf04e-07df-11e6-8e97-e6ca45c7ae33</Identifier><SequenceIndicator>2.1</SequenceIndicator><Stakeholder><Name/><Description/></Stakeholder><OtherInformation/></Objective><Objective><Name>Public Information</Name><Description>Strengthen and expand the right of access to public information.</Description><Identifier>_031cf10c-07df-11e6-8e97-e6ca45c7ae33</Identifier><SequenceIndicator>2.2</SequenceIndicator><Stakeholder><Name/><Description/></Stakeholder><OtherInformation/></Objective><Objective><Name>Participation</Name><Description>Encourage and strengthen citizen participation.</Description><Identifier>_031cf1d4-07df-11e6-8e97-e6ca45c7ae33</Identifier><SequenceIndicator>2.3</SequenceIndicator><Stakeholder StakeholderTypeType="Generic_Group"><Name>Citizens</Name><Description/></Stakeholder><OtherInformation/></Objective><Objective><Name>Accountability</Name><Description>Increase a larger and better accountability of governments across Latin America.</Description><Identifier>_031cf292-07df-11e6-8e97-e6ca45c7ae33</Identifier><SequenceIndicator>2.4</SequenceIndicator><Stakeholder StakeholderTypeType="Generic_Group"><Name>Governments</Name><Description>across Latin America</Description></Stakeholder><OtherInformation/></Objective></Goal><Goal><Name>Community &amp; Networks</Name><Description>Promote the development of communities and networks.</Description><Identifier>_031cf350-07df-11e6-8e97-e6ca45c7ae33</Identifier><SequenceIndicator>3</SequenceIndicator><Stakeholder StakeholderTypeType="Generic_Group"><Name>Citizens</Name><Description/></Stakeholder><Stakeholder StakeholderTypeType="Generic_Group"><Name>NGOs</Name><Description/></Stakeholder><Stakeholder StakeholderTypeType="Generic_Group"><Name>Hackers</Name><Description/></Stakeholder><Stakeholder StakeholderTypeType="Generic_Group"><Name>Civil Society</Name><Description/></Stakeholder><Stakeholder StakeholderTypeType="Generic_Group"><Name>Volunteers</Name><Description/></Stakeholder><Stakeholder StakeholderTypeType="Generic_Group"><Name>Civic Hackers</Name><Description/></Stakeholder><Stakeholder StakeholderTypeType="Generic_Group"><Name>Public Sector</Name><Description/></Stakeholder><OtherInformation>We understand that we are apart of a social fabric, and by the same we connect citizens, NGOs and hackers to look for technological solutions to political problems. Our work is collective. Ciudadano Inteligente promotes the development of communities and networks between civil society, volunteers, civic hackers, the public sector and all organizations that share the vision of deepening democracy with transparency, participation and technology.</OtherInformation><Objective><Name/><Description/><Identifier>_031cf4cc-07df-11e6-8e97-e6ca45c7ae33</Identifier><SequenceIndicator/><Stakeholder StakeholderTypeType="Generic_Group"><Name/><Description/></Stakeholder><OtherInformation/></Objective></Goal></StrategicPlanCore><AdministrativeInformation><PublicationDate>2016-04-21</PublicationDate><Source>http://en.ciudadanointeligente.org/#sobre-nosotros</Source><Submitter><GivenName>Owen</GivenName><Surname>Ambur</Surname><PhoneNumber/><EmailAddress>Owen.Ambur@verizon.net</EmailAddress></Submitter></AdministrativeInformation></StrategicPlan>