<?xml version="1.0" encoding="UTF-8"?>
<StrategicPlan xsi:schemaLocation="http://www.stratml.net  http://xml.gov/stratml/references/StrategicPlan.xsd" xmlns:xsi="http://www.w3.org/2001/XMLSchema-instance" xmlns="http://www.stratml.net"><id/><Name>Mission, Vision and Values</Name><Description/><OtherInformation/><StrategicPlanCore><Organization><Name>Canadian International College</Name><Acronym>CIC</Acronym><Identifier/><Description>CIC has been the Premier College and the exclusive provider of Canadian education in Egypt. CIC offers programs in Business, Business Information Technology, Engineering, and Mass Communication. CIC is the Cairo Campus for; the University of Ottawa &amp; Cape Breton University and has an articulation agreement with the University of Windsor.</Description><Stakeholder><Name>Egypt</Name><Description/></Stakeholder><Stakeholder><Name>University of Ottawa</Name><Description>University of Ottawa is one of the oldest universities in Canada which was established in 1848. UOttawa is North America's largest bilingual university besides having the fourth largest co-operative education program in Canada and is ranked the fifth in research-intensity. The university has a multicultural environment with students and faculty from over 150 different countries. It has over 300 undergraduate programs and around 160 graduates programs offered in English and French.</Description></Stakeholder><Stakeholder><Name>Cape Breton University</Name><Description>Cape Breton University (CBU) has over more than 70 different students’ nationalities and strong international partnerships all over the globe. CBU promises and delivers an exceptional educational experience for students. CBU students and graduates are recognized nationally and internationally for their innovative accomplishments. The first Canadian university to offer a joint degree in Egypt, CBU in partnership with CIC, gives students the opportunity to obtain undergraduate degrees in business and engineering.</Description></Stakeholder><Stakeholder><Name>University of Windsor</Name><Description>University of Windsor is one the greatest universities in Canada with a foundation that dates back to 1857. Located at the crossroads of North America facing one of Canada's most beautiful waterfronts, uWindsor strives to be a student-focused teaching and learning centre. The university has developed a number of partnerships with local businesses and industry and offers more than 140 undergraduate and graduate programs across nine faculties.</Description></Stakeholder></Organization><Vision><Description>Committed to Excellence, CIC aims to be a nationally prominent educational institution known for its integrity, academic excellence, professional graduates, integration of Alumni wisdom, and providing quality hands-on education, nurturing &amp; fostering both creative and independent entrepreneurial skills.</Description><Identifier/></Vision><Mission><Description/><Identifier/></Mission><Value><Name>Integrity</Name><Description>We commit to the highest standards of ethics, honesty and above all professionalism.</Description></Value><Value><Name>Opportunity </Name><Description>We strive to obtain the best environment for learning so that  students may graduate as professionals. Our staff is given every opportunity to learn and improve their skills and acquire new ones.</Description></Value><Value><Name>Excellence</Name><Description>We not only take pride in setting the highest goals and professional standards for ourselves but also in striving to achieve them.</Description></Value><Value><Name>Services  </Name><Description>We treat every potential student at our best. We respond to their needs and concerns in a timely, consistent and efficient manner.</Description></Value><Value><Name>Teamwork</Name><Description>We create a climate in which all CIC staff can work closely. We accomplish this by encouraging and supporting each individual’s talent and contribution to their team.</Description></Value><Value><Name>Diversity</Name><Description>We believe that people make the difference and strive to provide opportunities for all employees to contribute their ideas, develop their full potential and make the best use of their skills and aptitudes.</Description></Value><Goal><Name>Education</Name><Description>Provide quality education with international standards.</Description><Identifier/><SequenceIndicator>1</SequenceIndicator><Stakeholder><Name/><Description/></Stakeholder><OtherInformation/><Objective><Name/><Description/><Identifier/><SequenceIndicator/><Stakeholder><Name/><Description/></Stakeholder><OtherInformation/></Objective></Goal><Goal><Name>Teaching &amp; Learning</Name><Description>Create an environment that supports teaching and learning.</Description><Identifier/><SequenceIndicator>2</SequenceIndicator><Stakeholder><Name/><Description/></Stakeholder><OtherInformation/><Objective><Name/><Description/><Identifier/><SequenceIndicator/><Stakeholder><Name/><Description/></Stakeholder><OtherInformation/></Objective></Goal><Goal><Name>Applied Learning</Name><Description>Help students develop their full potential by engaging in the extent of the applied learning and the depth of traditional disciplines.</Description><Identifier/><SequenceIndicator>3</SequenceIndicator><Stakeholder><Name/><Description/></Stakeholder><OtherInformation/><Objective><Name/><Description/><Identifier/><SequenceIndicator/><Stakeholder><Name/><Description/></Stakeholder><OtherInformation/></Objective></Goal><Goal><Name>Educational Programs</Name><Description>[Conduct] educational programs that encourage students to read critically, reason analytically, communicate persuasively, apply professionally and think of themselves to provide services to our community and beyond.</Description><Identifier/><SequenceIndicator>4</SequenceIndicator><Stakeholder><Name/><Description/></Stakeholder><OtherInformation/><Objective><Name/><Description/><Identifier/><SequenceIndicator/><Stakeholder><Name/><Description/></Stakeholder><OtherInformation/></Objective></Goal><Goal><Name>Alumni</Name><Description>Keep Alumni connected to CIC through a lifetime atmosphere of loyalty and interest.</Description><Identifier/><SequenceIndicator>5</SequenceIndicator><Stakeholder><Name>CIC Alumni</Name><Description/></Stakeholder><OtherInformation/><Objective><Name/><Description/><Identifier/><SequenceIndicator/><Stakeholder><Name/><Description/></Stakeholder><OtherInformation/></Objective></Goal></StrategicPlanCore><AdministrativeInformation><StartDate/><EndDate/><PublicationDate>2014-01-22</PublicationDate><Source>http://www.cic-cairo.com/cic/index.php/about-cic/mission-vision-and-values?lang=en</Source><Submitter><FirstName>Owen</FirstName><LastName>Ambur</LastName><PhoneNumber/><EmailAddress>Owen.Ambur@verizon.net</EmailAddress></Submitter></AdministrativeInformation></StrategicPlan>