<?xml version="1.0" encoding="UTF-8"?>
<StrategicPlan xmlns="urn:ISO:std:iso:17469:tech:xsd:stratml_core" xmlns:xsi="http://www.w3.org/2001/XMLSchema-instance" xsi:schemaLocation="urn:ISO:std:iso:17469:tech:xsd:stratml_core http://xml.govwebs.net/stratml/references/StrategicPlanISOVersion20140401.xsd"><Name>About the Conflict Information Consortium</Name><Description>A Comprehensive Gateway to Consortium Websites</Description><OtherInformation/><StrategicPlanCore><Organization><Name>Conflict Information Consortium</Name><Acronym>CIC2</Acronym><Identifier>_dbfc0fd4-d60c-11e6-9179-572e0fbcdb3b</Identifier><Description>The University of Colorado Conflict Information Consortium, directed by Guy and Heidi Burgess, was founded in 1988 as a multi-disciplinary center for research and teaching about conflict and its transformation.</Description><Stakeholder StakeholderTypeType="Organization"><Name>University of Colorado</Name><Description/></Stakeholder><Stakeholder StakeholderTypeType="Person"><Name>Guy Burgess</Name><Description/></Stakeholder><Stakeholder StakeholderTypeType="Person"><Name>Heidi Burgess</Name><Description/></Stakeholder></Organization><Vision><Description/><Identifier>_dbfc10ec-d60c-11e6-9179-572e0fbcdb3b</Identifier></Vision><Mission><Description>To conduct research and teaching about conflict and its transformation.</Description><Identifier>_dbfc11a0-d60c-11e6-9179-572e0fbcdb3b</Identifier></Mission><Value><Name/><Description/></Value><Goal><Name>Information</Name><Description>Provide citizens with the information that they need to deal with conflicts more constructively.</Description><Identifier>_dbfc124a-d60c-11e6-9179-572e0fbcdb3b</Identifier><SequenceIndicator/><Stakeholder><Name/><Description/></Stakeholder><OtherInformation>With its primary focus on difficult and intractable conflicts, the Consortium has pioneered efforts to use rapidly advancing information technologies to provide citizens in all walks of life with the information that they need to deal with conflicts more constructively. The Consortium sees such efforts to enhance and mobilize the skills of the general population as critical to efforts to deal with complex, society-wide conflicts.</OtherInformation><Objective><Name>Conflict Topics</Name><Description>Offer coverage of over 600 conflict topics.</Description><Identifier>_dbfc12ea-d60c-11e6-9179-572e0fbcdb3b</Identifier><SequenceIndicator>1</SequenceIndicator><Stakeholder><Name/><Description/></Stakeholder><OtherInformation>This work, which dates back to the earliest days of the Internet, has now led to the posting of new versions of CRInfo: The Conflict Resolution Information Source (www.CRInfo.org) and Beyond Intractability, the website of the Intractable Conflict Knowledge Base Project (www.BeyondIntractability.org). These systems, which were constructed with the help of more than 300 experts, offer coverage of over 600 conflict topics (often with succinct, executive summary-type articles as well as links to recommended Web, print, and audiovisual sources) of more in-depth information.</OtherInformation></Objective><Objective><Name>Interviews</Name><Description>Make available online interviews.</Description><Identifier>_dbfc138a-d60c-11e6-9179-572e0fbcdb3b</Identifier><SequenceIndicator>2</SequenceIndicator><Stakeholder><Name/><Description/></Stakeholder><OtherInformation>Also available are over a hundred hours of online interviews, featuring more than 70 distinguished scholars and practitioners ...</OtherInformation></Objective><Objective><Name>Citations</Name><Description>Provide bibliographies.</Description><Identifier>_dbfc142a-d60c-11e6-9179-572e0fbcdb3b</Identifier><SequenceIndicator>2</SequenceIndicator><Stakeholder><Name/><Description/></Stakeholder><OtherInformation>comprehensive bibliographies with more than 20,000 citations.</OtherInformation></Objective></Goal></StrategicPlanCore><AdministrativeInformation><PublicationDate>2017-01-08</PublicationDate><Source>http://conflict.colorado.edu/</Source><Submitter><GivenName>Owen</GivenName><Surname>Ambur</Surname><PhoneNumber/><EmailAddress>Owen.Ambur@verizon.net</EmailAddress></Submitter></AdministrativeInformation></StrategicPlan>