<?xml version="1.0" encoding="UTF-8"?>
<StrategicPlan xsi:schemaLocation="http://www.stratml.net  http://xml.gov/stratml/references/StrategicPlan.xsd" xmlns:xsi="http://www.w3.org/2001/XMLSchema-instance" xmlns="http://www.stratml.net"><id/><Name>About CIGI</Name><Description>Led by experienced practitioners and distinguished academics, CIGI supports research, forms networks, advances policy debate and generates ideas for multilateral governance improvements. </Description><OtherInformation>Conducting an active agenda of research, events and publications, CIGI's interdisciplinary work includes collaboration with policy, business and academic communities around the world.</OtherInformation><StrategicPlanCore><Organization><Name>Centre for International Governance Innovation</Name><Acronym>CIGI</Acronym><Identifier>_3c01df6e-b3ee-11e4-a2dc-136afc454b9b</Identifier><Description>The Centre for International Governance Innovation (CIGI) is an independent, non-partisan think tank focused on international governance. </Description><Stakeholder><Name>Government of Canada</Name><Description>Founded in 2001, CIGI collaborates with several research affiliates and gratefully acknowledges support from a number of funding partners, in particular the Government of Canada and the Government of Ontario.</Description></Stakeholder><Stakeholder><Name>Government of Ontario</Name><Description/></Stakeholder><Stakeholder><Name>CIGI Board of Directors</Name><Description>CIGI's Board of Directors provides oversight and governance of the organization's financial stability, executive leadership and overall strategy. It includes global policy experts who provide intellectual guidance to CIGI on the broad scope of its research activities. The board consists of a chair, a treasurer and other directors, one of whom is designated by the Government of Canada’s Department of Foreign Affairs, Trade and International Development.</Description></Stakeholder><Stakeholder><Name>Jim Balsillie</Name><Description>Chair of the Board</Description></Stakeholder><Stakeholder><Name>Scott Burk</Name><Description>Treasurer</Description></Stakeholder><Stakeholder><Name>C. Scott Clark</Name><Description/></Stakeholder><Stakeholder><Name>Ahmed Galal</Name><Description/></Stakeholder><Stakeholder><Name>Arif Lalani</Name><Description/></Stakeholder><Stakeholder><Name>Maureen O'Neil</Name><Description/></Stakeholder><Stakeholder><Name>Andres Rozental</Name><Description/></Stakeholder><Stakeholder><Name>Ngaire Woods</Name><Description/></Stakeholder><Stakeholder><Name>CIGI Senior Management</Name><Description>CIGI's senior management implements the organization's strategic plan and directs all aspects of its research program and operational activities.</Description></Stakeholder><Stakeholder><Name>Rohinton Medhora</Name><Description>President</Description></Stakeholder><Stakeholder><Name>David B. Dewitt</Name><Description>Vice President of Programs</Description></Stakeholder><Stakeholder><Name>Fred Kuntz</Name><Description>Vice President of Public Affairs</Description></Stakeholder><Stakeholder><Name>Mark Menard</Name><Description>Vice President of Finance</Description></Stakeholder><Stakeholder><Name>Oonagh Fitzgerald</Name><Description>Director of the International Law Research Program</Description></Stakeholder><Stakeholder><Name>Fen Osler Hampson</Name><Description>CIGI Distinguished Fellow and Director of the Global Security &amp; Politics Program</Description></Stakeholder><Stakeholder><Name>Domenico Lombardi</Name><Description>Director of the Global Economy Program</Description></Stakeholder><Stakeholder><Name>Susan Hirst</Name><Description>Director of Human Resources</Description></Stakeholder><Stakeholder><Name>Aaron Shull</Name><Description>CIGI Research Fellow, Counsel and Corporate Secretary</Description></Stakeholder></Organization><Vision><Description>CIGI strives to be the world's leading think tank on international governance, with recognized impact on significant global problems. </Description><Identifier>_3c01e112-b3ee-11e4-a2dc-136afc454b9b</Identifier></Vision><Mission><Description>CIGI will build bridges from knowledge to power, by conducting world-leading research and analysis, and influencing policy makers to innovate.</Description><Identifier>_3c01e23e-b3ee-11e4-a2dc-136afc454b9b</Identifier></Mission><Value><Name>International Governance</Name><Description>CIGI believes that better international governance can improve the lives of people everywhere, by increasing prosperity, ensuring global sustainability, addressing inequality and safeguarding human rights, and promoting a more secure world.</Description></Value><Value><Name>Prosperity</Name><Description/></Value><Value><Name>Sustainability</Name><Description/></Value><Value><Name>Equality</Name><Description/></Value><Value><Name>Human Rights</Name><Description/></Value><Value><Name>Security</Name><Description/></Value><Goal><Name>Research</Name><Description>Support research</Description><Identifier>_3c01e2f2-b3ee-11e4-a2dc-136afc454b9b</Identifier><SequenceIndicator>1</SequenceIndicator><Stakeholder><Name/><Description/></Stakeholder><OtherInformation>CIGI's research programs focus on: global economy, global security &amp; politics and international law.</OtherInformation><Objective><Name/><Description/><Identifier>_3c01e39c-b3ee-11e4-a2dc-136afc454b9b</Identifier><SequenceIndicator/><Stakeholder><Name/><Description/></Stakeholder><OtherInformation/></Objective></Goal><Goal><Name>Networks</Name><Description>Form networks</Description><Identifier>_3c01e446-b3ee-11e4-a2dc-136afc454b9b</Identifier><SequenceIndicator>2</SequenceIndicator><Stakeholder><Name/><Description/></Stakeholder><OtherInformation/><Objective><Name/><Description/><Identifier>_3c01e4f0-b3ee-11e4-a2dc-136afc454b9b</Identifier><SequenceIndicator/><Stakeholder><Name/><Description/></Stakeholder><OtherInformation/></Objective></Goal><Goal><Name>Policy</Name><Description>Advance policy debate</Description><Identifier>_3c01e59a-b3ee-11e4-a2dc-136afc454b9b</Identifier><SequenceIndicator>3</SequenceIndicator><Stakeholder><Name/><Description/></Stakeholder><OtherInformation/><Objective><Name/><Description/><Identifier>_3c01e644-b3ee-11e4-a2dc-136afc454b9b</Identifier><SequenceIndicator/><Stakeholder><Name/><Description/></Stakeholder><OtherInformation/></Objective></Goal><Goal><Name>Ideas</Name><Description>Generate ideas for multilateral governance improvements</Description><Identifier>_3c01e6ee-b3ee-11e4-a2dc-136afc454b9b</Identifier><SequenceIndicator>4</SequenceIndicator><Stakeholder><Name/><Description/></Stakeholder><OtherInformation/><Objective><Name/><Description/><Identifier>_3c01e798-b3ee-11e4-a2dc-136afc454b9b</Identifier><SequenceIndicator/><Stakeholder><Name/><Description/></Stakeholder><OtherInformation/></Objective></Goal></StrategicPlanCore><AdministrativeInformation><StartDate/><EndDate/><PublicationDate>2015-02-13</PublicationDate><Source>https://www.cigionline.org/about</Source><Submitter><FirstName>Owen</FirstName><LastName>Ambur</LastName><PhoneNumber/><EmailAddress>Owen.Ambur@verizon.net</EmailAddress></Submitter></AdministrativeInformation></StrategicPlan>