<?xml version="1.0" encoding="UTF-8"?>
<StrategicPlan xsi:schemaLocation="http://www.stratml.net  http://xml.gov/stratml/references/StrategicPlan.xsd" xmlns:xsi="http://www.w3.org/2001/XMLSchema-instance" xmlns="http://www.stratml.net"><id/><Name>CIR's Mission</Name><Description/><OtherInformation/><StrategicPlanCore><Organization><Name>Center for Individual Rights</Name><Acronym>CIR</Acronym><Identifier/><Description>The Center for Individual Rights (CIR)  is a nonprofit public interest law firm dedicated to the defense of individual liberties against the increasingly aggressive and unchecked authority of federal and state governments. CIR seeks to enforce constitutional limits on state and federal power.
We are not a legal services firm nor a public policy institute. Rather, we aggressively litigate and publicize a handful of carefully selected cases that advance the right of individuals to govern themselves according to the natural exercise of their own reason.
Our cases challenge excessive government regulation, unconstitutional state action, and other entanglements characteristic of the modern state. We make no apologies for bringing only those cases that overtly advance this agenda...
CIR is a 501(c)(3) organization and contributions are tax-deductible up to the limits allowed by law.</Description><Stakeholder><Name>CIR Clients</Name><Description>CIR provides free legal representation to deserving clients who cannot otherwise afford or obtain legal counsel and whose individual rights are threatened. We represent real individuals who have been harmed by expansive state action. Demonstrating the concrete harms of the modern welfare state helps set legal precedent and, just as important, furthers the public case for limited government.</Description></Stakeholder><Stakeholder><Name>CIR Staff </Name><Description/></Stakeholder><Stakeholder><Name>Terence J. Pell</Name><Description>Terence J. Pell is CIR's President. Mr. Pell received his Ph.D. from Notre Dame in 1996, his J.D. from Cornell Law School in 1981, and his B.A. from Haverford College in 1976.
 
Prior to working for CIR, Mr. Pell worked as an attorney with the firm of Arent, Fox, Kintner, Plotkin &amp; Kahn. From 1985-1988, Mr. Pell was a Deputy Assistant Secretary for Civil Rights in the U.S. Department of Education. He later served as General Counsel and Chief of Staff at the Office of National Drug Control Policy. He joined CIR in 1997.</Description></Stakeholder><Stakeholder><Name>Michael E. Rosman</Name><Description>Michael E. Rosman is CIR's General Counsel. He graduated summa cum laude from the University of Rochester in 1981, majoring in economics and political science. He received his J.D. in 1984 from Yale Law School. Mr. Rosman worked as an associate at Rosenman &amp; Colin in New York City from 1984-93.
 
Mr. Rosman joined CIR in March 1994. Mr. Rosman is the author of several articles, including: "Ambiguity and the First Amendment: Some Thoughts On All-White Advertising," 61 Tenn. L. Rev. 289 (1993); and "Standing Alone: Standing Under The Fair Housing Act," 60 Mo. L. Rev. 547 (1995), "Thoughts on Bakke and Its Effect on Race- Conscious Decision-Making," 2002 U. Chi. Legal F. 45 Book Review of Kent Greenawalt's Fighting Words, 13 Constitutional Commentary 317 (1996)
 
Mr. Rosman has litigated throughout the federal court system, and has argued many times in the federal courts of appeals. He also successfully argued on behalf of CIR client Tony Morrison in the United States Supreme Court in the landmark case of United States v. Morrison, 529 U.S. 598 (2000).</Description></Stakeholder><Stakeholder><Name>Christopher J. Hajec</Name><Description>Christopher J. Hajec is one of CIR's Associate Counsels. Chris comes to CIR from the Judge Advocate General Corps of the U.S. Navy, where he served both as a defense attorney and as appellate government counsel. He has a Ph.D. in Philosophy from the University of Miami and received his J.D. from the University of Pennsylvania Law School in 1990. He joined CIR in September 2004 and was admitted to the D.C. Bar in May 2005.</Description></Stakeholder><Stakeholder><Name>Michelle A. Scott</Name><Description>Michelle A. Scott is one of CIR's Associate Counsels. Michelle was formerly a litigation associate with Shapiro, Lifschitz &amp; Schram, P.C. before joining CIR in 2005. She has a B.A. in Biology and Philosophy from Illinois Wesleyan University and received her J.D. from Drake University Law School in 1995. She is a member of the Bar of Iowa, Ohio, Illinois and the District of Columbia.</Description></Stakeholder><Stakeholder><Name>Megan Beth Lott</Name><Description>Megan Beth Lott is CIR’s Senior Director of Development.  Megan graduated from The College of William and Mary in 1982 with a B.A. in Government.  Formerly Senior Director of Membership and Development at the American Legislative Exchange Council, Megan has also raised funds for the Lab School of Washington, the National Council for Adoption, the Clare Boothe Luce Policy Institute, and the Leadership Institute. Megan is a Lifetime Member of the Lexington Who’s Who and has raised over $100 million for the causes she believes in.  She joined CIR in 2008.</Description></Stakeholder><Stakeholder><Name>CIR Board of Directors</Name><Description/></Stakeholder><Stakeholder><Name>Jeremy A. Rabkin </Name><Description>Jeremy A. Rabkin (Chairman) is a professor of International Law at the George Mason Law School.  Professor Rabkin is an expert in government regulation, bureaucracy, public law and policy, and the judiciary.  Professor Rabkin received his Ph.D. in Government from Harvard University in 1983.</Description></Stakeholder><Stakeholder><Name>Larry P. Arnn </Name><Description>Larry P. Arnn is President of Hillsdale College.  Dr. Arnn previously served as the President of the Claremont Institute in Southern California.  While there he was the founding chairman of the California Civil Rights Initiative (Proposition 209), which prohibits race preferences in state hiring, contracting and admissions.  Dr. Arnn has a Masters and Ph.D. in Government from the Claremont Graduate School. </Description></Stakeholder><Stakeholder><Name>Robert P. George</Name><Description>Robert P. George is McCormick Professor of Jurisprudence and Director of the James Madison Program in American Ideals and Institutions at Princeton University.  In 2005, Dr. George won a Bradley Prize for Intellectual and Civic Achievement and the Philip Merrill Award for Outstanding Contributions to the Liberal Arts of the American Council of Trustees and Alumni.  He is a graduate of Swarthmore College and Harvard Law School and earned a doctorate in philosophy of law from Oxford University.</Description></Stakeholder><Stakeholder><Name>James B. Mann, Esq.</Name><Description>James B. Mann, Esq. is General Counsel of SunLight General Capital LLC.  Previously, Mr. Mann served as Director of Structured Finance of Soltage, Inc., Director of Derivative Products Group of Societé Generale, Deputy Assistant Attorney General of the Tax Division of the U.S. Department of Justice and General Counsel of the U.S. Commission on Civil Rights.  He received an M.B.A. from Columbia University Graduate School of Business and a J.D. from Harvard Law School. </Description></Stakeholder><Stakeholder><Name>Arthur Stephen Penn, Esq.</Name><Description>Arthur Stephen Penn, Esq. is President of Elmrock Capital, Inc.  Prior to the founding of Elmrock, Mr. Penn was a practicing attorney in New York City.  He earned his J.D. degree from New York University School of Law in 1961 and his B.A. from Cornell in 1956.</Description></Stakeholder><Stakeholder><Name>James Piereson</Name><Description>James Piereson is President of the William E. Simon Foundation.  He is the former executive director and trustee of the John M. Olin Foundation.  Before joining the foundation in 1981, Mr. Piereson was a member of the political science faculty at the University of Pennsylvania.</Description></Stakeholder><Stakeholder><Name>Terence J. Pell, Esq.</Name><Description>Terence J. Pell, Esq. is President of CIR.  Prior to working for CIR, Mr. Pell served as General Counsel and Chief of Staff at the Office of National Drug Control Policy.  From 1985 through 1988, Mr. Pell was a Deputy Assistant Secretary for Civil Rights in the U.S. Department of Education.  He received his law degree from Cornell University, a Ph.D. in Philosophy from the University of Notre Dame, and a B.A. from Haverford College.</Description></Stakeholder><Stakeholder><Name>Gerald Walpin, Esq.</Name><Description>Gerald Walpin, Esq. is a retired senior partner of of KMZ Rosenman, formerly Rosenman &amp; Colin, in New York. Mr. Walpin served as the Inspector General of the Corporation for National and Community Service (CNCS) from January 2007 until June 2009. He received his law degree from Yale University.</Description></Stakeholder><Stakeholder><Name>Mark S. Venezia</Name><Description>Mark S. Venezia, retired from Eaton Vance Management at the end of 2012. There he was Vice President, founder and Director of the Global Fixed Income Department, and portfolio manager of mutual funds including the Global Macro Absolute Return Fund.  Mr. Venezia was previously Vice President of Network Utilities, the first options pricing software provider to run off of a personal computer network. He left in 1984, to start Eaton Vance's first mortgage-backed securities fund. Mr. Venezia is a C.F.A. He earned his M.B.A. from the University of Chicago, M.A. in Philosophy (A.B.D.) from the University of Illinois, and B.A. in Economics from Stanford University. He is currently a student at the Benjamin N. Cardozo School of Law of Yeshiva University.</Description></Stakeholder></Organization><Vision><Description/><Identifier/></Vision><Mission><Description>Fighting for individual rights</Description><Identifier/></Mission><Value><Name>Opportunistic Approach</Name><Description>CIR takes an opportunistic approach to public interest law. Like a venture capital firm, we invest our resources in areas of the law that need reform and where we believe our expertise will help ensure a successful outcome.</Description></Value><Value><Name>Facts</Name><Description>We assemble our own, original litigation and generally do not file amicus briefs in the litigation of others. We look for cases with strong facts that can move a public agenda through years of litigation. This approach allows CIR to set the terms of public debate regardless of whether we win or lose in court. High profile litigation is an inherently speculative endeavor, but with four Supreme Court victories and a win-loss record at 80 percent, CIR's rate of return justifies the risks.</Description></Value><Value><Name>Free Speech</Name><Description>CIR has established dozens of legal precedents designed to counter the selective use of the First Amendment to disfavor speech based on the political views of the speaker.</Description></Value><Value><Name>Civil Rights</Name><Description>Almost alone among civil libertarian firms, CIR has brought a series of high profile cases designed to get the government out of the business of classifying citizens by race.</Description></Value><Value><Name>Limited Government</Name><Description>CIR seeks to restore a principled conception of limited government. To that end, it has challenged both excessive federal authority and unconstitutional action by state regulators. Our goal is to get the federal and state governments out of the everyday lives of individuals.</Description></Value><Value><Name>Individual Liberties </Name><Description/></Value><Goal><Name>Constitutional Limits</Name><Description>Enforce constitutional limits on state and federal power.</Description><Identifier/><SequenceIndicator/><Stakeholder><Name>Individuals</Name><Description/></Stakeholder><OtherInformation/><Objective><Name/><Description/><Identifier/><SequenceIndicator/><Stakeholder><Name/><Description/></Stakeholder><OtherInformation/></Objective></Goal></StrategicPlanCore><AdministrativeInformation><StartDate/><EndDate/><PublicationDate>2013-07-01</PublicationDate><Source>http://www.cir-usa.org/mission_new.html</Source><Submitter><FirstName>Owen</FirstName><LastName>Ambur</LastName><PhoneNumber/><EmailAddress>Owen.Ambur@verizon.net</EmailAddress></Submitter></AdministrativeInformation></StrategicPlan>